hotelChainId,hotelChainName,hotelId,hotelName,hotelAddress,hotelCity,hotelCountry,roomId,roomNumber,roomType,roomPrice,isAvailable,userId,userName,userEmail,bookingId,bookingNumber,bookingType,bookingPrice,checkInDate,checkOutDate,reviewId,rating,comment
1,Hilton,1,Hilton Hotel 1,Street 1,City_1,Country_1,1,101,Double,51.00,true,1,User_1,user1@gmail.com,1,1,Double,51.00,2025-03-2,2025-03-4,1,4,Great stay!
1,Hilton,1,Hilton Hotel 1,Street 1,City_1,Country_1,2,102,Single,52.00,false,2,User_2,user2@gmail.com,2,2,Single,52.00,2025-03-3,2025-03-5,2,2,Good experience
1,Hilton,1,Hilton Hotel 1,Street 1,City_1,Country_1,2,102,Single,52.00,false,3,User_3,user3@gmail.com,3,3,Single,52.00,2025-03-4,2025-03-6,3,3,Good experience
1,Hilton,1,Hilton Hotel 1,Street 1,City_1,Country_1,3,103,Double,53.00,true,4,User_4,user4@gmail.com,4,4,Double,53.00,2025-03-5,2025-03-7,4,4,Great stay!
1,Hilton,1,Hilton Hotel 1,Street 1,City_1,Country_1,3,103,Double,53.00,true,5,User_5,user5@gmail.com,5,5,Double,53.00,2025-03-6,2025-03-8,5,3,Good experience
1,Hilton,1,Hilton Hotel 1,Street 1,City_1,Country_1,4,104,Single,54.00,false,6,User_6,user6@gmail.com,6,6,Single,54.00,2025-03-7,2025-03-9,6,1,Good experience
1,Hilton,1,Hilton Hotel 1,Street 1,City_1,Country_1,5,105,Double,55.00,true,7,User_7,user7@gmail.com,7,7,Double,55.00,2025-03-8,2025-03-10,7,1,Good experience
1,Hilton,1,Hilton Hotel 1,Street 1,City_1,Country_1,5,105,Double,55.00,true,8,User_8,user8@gmail.com,8,8,Double,55.00,2025-03-9,2025-03-11,8,5,Great stay!
1,Hilton,1,Hilton Hotel 1,Street 1,City_1,Country_1,6,106,Single,56.00,true,9,User_9,user9@gmail.com,9,9,Single,56.00,2025-03-10,2025-03-12,9,1,Good experience
1,Hilton,1,Hilton Hotel 1,Street 1,City_1,Country_1,7,107,Double,57.00,false,10,User_10,user10@gmail.com,10,10,Double,57.00,2025-03-11,2025-03-13,10,5,Great stay!
1,Hilton,1,Hilton Hotel 1,Street 1,City_1,Country_1,7,107,Double,57.00,false,11,User_11,user11@gmail.com,11,11,Double,57.00,2025-03-12,2025-03-14,11,3,Good experience
1,Hilton,1,Hilton Hotel 1,Street 1,City_1,Country_1,8,108,Single,58.00,true,12,User_12,user12@gmail.com,12,12,Single,58.00,2025-03-13,2025-03-15,12,5,Great stay!
1,Hilton,1,Hilton Hotel 1,Street 1,City_1,Country_1,8,108,Single,58.00,true,13,User_13,user13@gmail.com,13,13,Single,58.00,2025-03-14,2025-03-16,13,4,Great stay!
1,Hilton,1,Hilton Hotel 1,Street 1,City_1,Country_1,8,108,Single,58.00,true,14,User_14,user14@gmail.com,14,14,Single,58.00,2025-03-15,2025-03-17,14,1,Good experience
1,Hilton,1,Hilton Hotel 1,Street 1,City_1,Country_1,9,109,Double,59.00,false,15,User_15,user15@gmail.com,15,15,Double,59.00,2025-03-16,2025-03-18,15,4,Great stay!
1,Hilton,1,Hilton Hotel 1,Street 1,City_1,Country_1,10,110,Single,60.00,true,16,User_16,user16@gmail.com,16,16,Single,60.00,2025-03-17,2025-03-19,16,1,Good experience
1,Hilton,1,Hilton Hotel 1,Street 1,City_1,Country_1,11,111,Double,61.00,true,17,User_17,user17@gmail.com,17,17,Double,61.00,2025-03-18,2025-03-20,17,1,Good experience
1,Hilton,1,Hilton Hotel 1,Street 1,City_1,Country_1,11,111,Double,61.00,true,18,User_18,user18@gmail.com,18,18,Double,61.00,2025-03-19,2025-03-21,18,5,Great stay!
1,Hilton,1,Hilton Hotel 1,Street 1,City_1,Country_1,11,111,Double,61.00,true,19,User_19,user19@gmail.com,19,19,Double,61.00,2025-03-20,2025-03-22,19,5,Great stay!
1,Hilton,1,Hilton Hotel 1,Street 1,City_1,Country_1,12,112,Single,62.00,true,20,User_20,user20@gmail.com,20,20,Single,62.00,2025-03-21,2025-03-23,20,4,Great stay!
1,Hilton,1,Hilton Hotel 1,Street 1,City_1,Country_1,13,113,Double,63.00,true,21,User_21,user21@gmail.com,21,21,Double,63.00,2025-03-22,2025-03-24,21,4,Great stay!
1,Hilton,1,Hilton Hotel 1,Street 1,City_1,Country_1,14,114,Single,64.00,false,22,User_22,user22@gmail.com,22,22,Single,64.00,2025-03-23,2025-03-25,22,3,Good experience
1,Hilton,1,Hilton Hotel 1,Street 1,City_1,Country_1,14,114,Single,64.00,false,23,User_23,user23@gmail.com,23,23,Single,64.00,2025-03-24,2025-03-26,23,5,Great stay!
1,Hilton,1,Hilton Hotel 1,Street 1,City_1,Country_1,15,115,Double,65.00,false,24,User_24,user24@gmail.com,24,24,Double,65.00,2025-03-25,2025-03-27,24,3,Good experience
1,Hilton,1,Hilton Hotel 1,Street 1,City_1,Country_1,16,116,Single,66.00,true,25,User_25,user25@gmail.com,25,25,Single,66.00,2025-03-26,2025-03-28,25,4,Great stay!
1,Hilton,1,Hilton Hotel 1,Street 1,City_1,Country_1,16,116,Single,66.00,true,26,User_26,user26@gmail.com,26,26,Single,66.00,2025-03-27,2025-03-29,26,4,Great stay!
1,Hilton,1,Hilton Hotel 1,Street 1,City_1,Country_1,16,116,Single,66.00,true,27,User_27,user27@gmail.com,27,27,Single,66.00,2025-03-28,2025-03-30,27,2,Good experience
1,Hilton,1,Hilton Hotel 1,Street 1,City_1,Country_1,17,117,Double,67.00,true,28,User_28,user28@gmail.com,28,28,Double,67.00,2025-03-1,2025-03-3,28,4,Great stay!
1,Hilton,1,Hilton Hotel 1,Street 1,City_1,Country_1,17,117,Double,67.00,true,29,User_29,user29@gmail.com,29,29,Double,67.00,2025-03-2,2025-03-4,29,3,Good experience
1,Hilton,1,Hilton Hotel 1,Street 1,City_1,Country_1,18,118,Single,68.00,false,30,User_30,user30@gmail.com,30,30,Single,68.00,2025-03-3,2025-03-5,30,5,Great stay!
1,Hilton,1,Hilton Hotel 1,Street 1,City_1,Country_1,18,118,Single,68.00,false,31,User_31,user31@gmail.com,31,31,Single,68.00,2025-03-4,2025-03-6,31,5,Great stay!
1,Hilton,2,Hilton Hotel 2,Street 2,City_2,Country_2,19,119,Double,69.00,true,32,User_32,user32@gmail.com,32,32,Double,69.00,2025-03-5,2025-03-7,32,4,Great stay!
1,Hilton,2,Hilton Hotel 2,Street 2,City_2,Country_2,20,120,Single,70.00,false,33,User_33,user33@gmail.com,33,33,Single,70.00,2025-03-6,2025-03-8,33,1,Good experience
1,Hilton,2,Hilton Hotel 2,Street 2,City_2,Country_2,21,121,Double,71.00,true,34,User_34,user34@gmail.com,34,34,Double,71.00,2025-03-7,2025-03-9,34,4,Great stay!
1,Hilton,2,Hilton Hotel 2,Street 2,City_2,Country_2,21,121,Double,71.00,true,35,User_35,user35@gmail.com,35,35,Double,71.00,2025-03-8,2025-03-10,35,2,Good experience
1,Hilton,2,Hilton Hotel 2,Street 2,City_2,Country_2,21,121,Double,71.00,true,36,User_36,user36@gmail.com,36,36,Double,71.00,2025-03-9,2025-03-11,36,4,Great stay!
1,Hilton,2,Hilton Hotel 2,Street 2,City_2,Country_2,22,122,Single,72.00,true,37,User_37,user37@gmail.com,37,37,Single,72.00,2025-03-10,2025-03-12,37,5,Great stay!
1,Hilton,2,Hilton Hotel 2,Street 2,City_2,Country_2,22,122,Single,72.00,true,38,User_38,user38@gmail.com,38,38,Single,72.00,2025-03-11,2025-03-13,38,3,Good experience
1,Hilton,2,Hilton Hotel 2,Street 2,City_2,Country_2,23,123,Double,73.00,true,39,User_39,user39@gmail.com,39,39,Double,73.00,2025-03-12,2025-03-14,39,4,Great stay!
1,Hilton,2,Hilton Hotel 2,Street 2,City_2,Country_2,23,123,Double,73.00,true,40,User_40,user40@gmail.com,40,40,Double,73.00,2025-03-13,2025-03-15,40,5,Great stay!
1,Hilton,2,Hilton Hotel 2,Street 2,City_2,Country_2,24,124,Single,74.00,true,41,User_41,user41@gmail.com,41,41,Single,74.00,2025-03-14,2025-03-16,41,2,Good experience
1,Hilton,2,Hilton Hotel 2,Street 2,City_2,Country_2,25,125,Double,75.00,true,42,User_42,user42@gmail.com,42,42,Double,75.00,2025-03-15,2025-03-17,42,1,Good experience
1,Hilton,2,Hilton Hotel 2,Street 2,City_2,Country_2,26,126,Single,76.00,true,43,User_43,user43@gmail.com,43,43,Single,76.00,2025-03-16,2025-03-18,43,1,Good experience
1,Hilton,2,Hilton Hotel 2,Street 2,City_2,Country_2,26,126,Single,76.00,true,44,User_44,user44@gmail.com,44,44,Single,76.00,2025-03-17,2025-03-19,44,2,Good experience
1,Hilton,2,Hilton Hotel 2,Street 2,City_2,Country_2,27,127,Double,77.00,true,45,User_45,user45@gmail.com,45,45,Double,77.00,2025-03-18,2025-03-20,45,1,Good experience
1,Hilton,2,Hilton Hotel 2,Street 2,City_2,Country_2,27,127,Double,77.00,true,46,User_46,user46@gmail.com,46,46,Double,77.00,2025-03-19,2025-03-21,46,2,Good experience
1,Hilton,2,Hilton Hotel 2,Street 2,City_2,Country_2,28,128,Single,78.00,true,47,User_47,user47@gmail.com,47,47,Single,78.00,2025-03-20,2025-03-22,47,2,Good experience
1,Hilton,2,Hilton Hotel 2,Street 2,City_2,Country_2,28,128,Single,78.00,true,48,User_48,user48@gmail.com,48,48,Single,78.00,2025-03-21,2025-03-23,48,5,Great stay!
1,Hilton,2,Hilton Hotel 2,Street 2,City_2,Country_2,29,129,Double,79.00,true,49,User_49,user49@gmail.com,49,49,Double,79.00,2025-03-22,2025-03-24,49,3,Good experience
1,Hilton,2,Hilton Hotel 2,Street 2,City_2,Country_2,29,129,Double,79.00,true,50,User_50,user50@gmail.com,50,50,Double,79.00,2025-03-23,2025-03-25,50,2,Good experience
1,Hilton,2,Hilton Hotel 2,Street 2,City_2,Country_2,29,129,Double,79.00,true,51,User_51,user51@gmail.com,51,51,Double,79.00,2025-03-24,2025-03-26,51,5,Great stay!
1,Hilton,2,Hilton Hotel 2,Street 2,City_2,Country_2,30,130,Single,80.00,true,52,User_52,user52@gmail.com,52,52,Single,80.00,2025-03-25,2025-03-27,52,4,Great stay!
1,Hilton,2,Hilton Hotel 2,Street 2,City_2,Country_2,30,130,Single,80.00,true,53,User_53,user53@gmail.com,53,53,Single,80.00,2025-03-26,2025-03-28,53,2,Good experience
1,Hilton,2,Hilton Hotel 2,Street 2,City_2,Country_2,31,131,Double,81.00,true,54,User_54,user54@gmail.com,54,54,Double,81.00,2025-03-27,2025-03-29,54,5,Great stay!
1,Hilton,2,Hilton Hotel 2,Street 2,City_2,Country_2,31,131,Double,81.00,true,55,User_55,user55@gmail.com,55,55,Double,81.00,2025-03-28,2025-03-30,55,2,Good experience
1,Hilton,2,Hilton Hotel 2,Street 2,City_2,Country_2,32,132,Single,82.00,true,56,User_56,user56@gmail.com,56,56,Single,82.00,2025-03-1,2025-03-3,56,1,Good experience
1,Hilton,2,Hilton Hotel 2,Street 2,City_2,Country_2,33,133,Double,83.00,true,57,User_57,user57@gmail.com,57,57,Double,83.00,2025-03-2,2025-03-4,57,3,Good experience
1,Hilton,2,Hilton Hotel 2,Street 2,City_2,Country_2,33,133,Double,83.00,true,58,User_58,user58@gmail.com,58,58,Double,83.00,2025-03-3,2025-03-5,58,5,Great stay!
1,Hilton,2,Hilton Hotel 2,Street 2,City_2,Country_2,33,133,Double,83.00,true,59,User_59,user59@gmail.com,59,59,Double,83.00,2025-03-4,2025-03-6,59,5,Great stay!
1,Hilton,2,Hilton Hotel 2,Street 2,City_2,Country_2,34,134,Single,84.00,false,60,User_60,user60@gmail.com,60,60,Single,84.00,2025-03-5,2025-03-7,60,5,Great stay!
1,Hilton,2,Hilton Hotel 2,Street 2,City_2,Country_2,34,134,Single,84.00,false,61,User_61,user61@gmail.com,61,61,Single,84.00,2025-03-6,2025-03-8,61,1,Good experience
1,Hilton,2,Hilton Hotel 2,Street 2,City_2,Country_2,34,134,Single,84.00,false,62,User_62,user62@gmail.com,62,62,Single,84.00,2025-03-7,2025-03-9,62,5,Great stay!
1,Hilton,2,Hilton Hotel 2,Street 2,City_2,Country_2,35,135,Double,85.00,true,63,User_63,user63@gmail.com,63,63,Double,85.00,2025-03-8,2025-03-10,63,4,Great stay!
1,Hilton,2,Hilton Hotel 2,Street 2,City_2,Country_2,35,135,Double,85.00,true,64,User_64,user64@gmail.com,64,64,Double,85.00,2025-03-9,2025-03-11,64,1,Good experience
1,Hilton,2,Hilton Hotel 2,Street 2,City_2,Country_2,35,135,Double,85.00,true,65,User_65,user65@gmail.com,65,65,Double,85.00,2025-03-10,2025-03-12,65,1,Good experience
1,Hilton,2,Hilton Hotel 2,Street 2,City_2,Country_2,36,136,Single,86.00,false,66,User_66,user66@gmail.com,66,66,Single,86.00,2025-03-11,2025-03-13,66,1,Good experience
1,Hilton,2,Hilton Hotel 2,Street 2,City_2,Country_2,36,136,Single,86.00,false,67,User_67,user67@gmail.com,67,67,Single,86.00,2025-03-12,2025-03-14,67,1,Good experience
1,Hilton,2,Hilton Hotel 2,Street 2,City_2,Country_2,36,136,Single,86.00,false,68,User_68,user68@gmail.com,68,68,Single,86.00,2025-03-13,2025-03-15,68,3,Good experience
1,Hilton,2,Hilton Hotel 2,Street 2,City_2,Country_2,37,137,Double,87.00,true,69,User_69,user69@gmail.com,69,69,Double,87.00,2025-03-14,2025-03-16,69,5,Great stay!
1,Hilton,2,Hilton Hotel 2,Street 2,City_2,Country_2,37,137,Double,87.00,true,70,User_70,user70@gmail.com,70,70,Double,87.00,2025-03-15,2025-03-17,70,3,Good experience
1,Hilton,2,Hilton Hotel 2,Street 2,City_2,Country_2,37,137,Double,87.00,true,71,User_71,user71@gmail.com,71,71,Double,87.00,2025-03-16,2025-03-18,71,5,Great stay!
1,Hilton,2,Hilton Hotel 2,Street 2,City_2,Country_2,38,138,Single,88.00,true,72,User_72,user72@gmail.com,72,72,Single,88.00,2025-03-17,2025-03-19,72,1,Good experience
1,Hilton,2,Hilton Hotel 2,Street 2,City_2,Country_2,38,138,Single,88.00,true,73,User_73,user73@gmail.com,73,73,Single,88.00,2025-03-18,2025-03-20,73,2,Good experience
1,Hilton,2,Hilton Hotel 2,Street 2,City_2,Country_2,38,138,Single,88.00,true,74,User_74,user74@gmail.com,74,74,Single,88.00,2025-03-19,2025-03-21,74,5,Great stay!
1,Hilton,2,Hilton Hotel 2,Street 2,City_2,Country_2,39,139,Double,89.00,false,75,User_75,user75@gmail.com,75,75,Double,89.00,2025-03-20,2025-03-22,75,5,Great stay!
1,Hilton,2,Hilton Hotel 2,Street 2,City_2,Country_2,39,139,Double,89.00,false,76,User_76,user76@gmail.com,76,76,Double,89.00,2025-03-21,2025-03-23,76,1,Good experience
1,Hilton,2,Hilton Hotel 2,Street 2,City_2,Country_2,39,139,Double,89.00,false,77,User_77,user77@gmail.com,77,77,Double,89.00,2025-03-22,2025-03-24,77,1,Good experience
1,Hilton,2,Hilton Hotel 2,Street 2,City_2,Country_2,40,140,Single,90.00,true,78,User_78,user78@gmail.com,78,78,Single,90.00,2025-03-23,2025-03-25,78,4,Great stay!
1,Hilton,2,Hilton Hotel 2,Street 2,City_2,Country_2,41,141,Double,91.00,true,79,User_79,user79@gmail.com,79,79,Double,91.00,2025-03-24,2025-03-26,79,3,Good experience
1,Hilton,2,Hilton Hotel 2,Street 2,City_2,Country_2,41,141,Double,91.00,true,80,User_80,user80@gmail.com,80,80,Double,91.00,2025-03-25,2025-03-27,80,5,Great stay!
1,Hilton,2,Hilton Hotel 2,Street 2,City_2,Country_2,41,141,Double,91.00,true,81,User_81,user81@gmail.com,81,81,Double,91.00,2025-03-26,2025-03-28,81,3,Good experience
1,Hilton,3,Hilton Hotel 3,Street 3,City_3,Country_3,42,142,Single,92.00,true,82,User_82,user82@gmail.com,82,82,Single,92.00,2025-03-27,2025-03-29,82,3,Good experience
1,Hilton,3,Hilton Hotel 3,Street 3,City_3,Country_3,42,142,Single,92.00,true,83,User_83,user83@gmail.com,83,83,Single,92.00,2025-03-28,2025-03-30,83,4,Great stay!
1,Hilton,3,Hilton Hotel 3,Street 3,City_3,Country_3,42,142,Single,92.00,true,84,User_84,user84@gmail.com,84,84,Single,92.00,2025-03-1,2025-03-3,84,1,Good experience
1,Hilton,3,Hilton Hotel 3,Street 3,City_3,Country_3,43,143,Double,93.00,true,85,User_85,user85@gmail.com,85,85,Double,93.00,2025-03-2,2025-03-4,85,3,Good experience
1,Hilton,3,Hilton Hotel 3,Street 3,City_3,Country_3,43,143,Double,93.00,true,86,User_86,user86@gmail.com,86,86,Double,93.00,2025-03-3,2025-03-5,86,3,Good experience
1,Hilton,3,Hilton Hotel 3,Street 3,City_3,Country_3,44,144,Single,94.00,true,87,User_87,user87@gmail.com,87,87,Single,94.00,2025-03-4,2025-03-6,87,5,Great stay!
1,Hilton,3,Hilton Hotel 3,Street 3,City_3,Country_3,45,145,Double,95.00,true,88,User_88,user88@gmail.com,88,88,Double,95.00,2025-03-5,2025-03-7,88,3,Good experience
1,Hilton,3,Hilton Hotel 3,Street 3,City_3,Country_3,45,145,Double,95.00,true,89,User_89,user89@gmail.com,89,89,Double,95.00,2025-03-6,2025-03-8,89,3,Good experience
1,Hilton,3,Hilton Hotel 3,Street 3,City_3,Country_3,45,145,Double,95.00,true,90,User_90,user90@gmail.com,90,90,Double,95.00,2025-03-7,2025-03-9,90,4,Great stay!
1,Hilton,3,Hilton Hotel 3,Street 3,City_3,Country_3,46,146,Single,96.00,true,91,User_91,user91@gmail.com,91,91,Single,96.00,2025-03-8,2025-03-10,91,5,Great stay!
1,Hilton,3,Hilton Hotel 3,Street 3,City_3,Country_3,46,146,Single,96.00,true,92,User_92,user92@gmail.com,92,92,Single,96.00,2025-03-9,2025-03-11,92,4,Great stay!
1,Hilton,3,Hilton Hotel 3,Street 3,City_3,Country_3,46,146,Single,96.00,true,93,User_93,user93@gmail.com,93,93,Single,96.00,2025-03-10,2025-03-12,93,3,Good experience
1,Hilton,3,Hilton Hotel 3,Street 3,City_3,Country_3,47,147,Double,97.00,true,94,User_94,user94@gmail.com,94,94,Double,97.00,2025-03-11,2025-03-13,94,1,Good experience
1,Hilton,3,Hilton Hotel 3,Street 3,City_3,Country_3,48,148,Single,98.00,true,95,User_95,user95@gmail.com,95,95,Single,98.00,2025-03-12,2025-03-14,95,2,Good experience
1,Hilton,3,Hilton Hotel 3,Street 3,City_3,Country_3,49,149,Double,99.00,true,96,User_96,user96@gmail.com,96,96,Double,99.00,2025-03-13,2025-03-15,96,5,Great stay!
1,Hilton,3,Hilton Hotel 3,Street 3,City_3,Country_3,49,149,Double,99.00,true,97,User_97,user97@gmail.com,97,97,Double,99.00,2025-03-14,2025-03-16,97,3,Good experience
1,Hilton,3,Hilton Hotel 3,Street 3,City_3,Country_3,49,149,Double,99.00,true,98,User_98,user98@gmail.com,98,98,Double,99.00,2025-03-15,2025-03-17,98,4,Great stay!
1,Hilton,3,Hilton Hotel 3,Street 3,City_3,Country_3,50,150,Single,50.00,true,99,User_99,user99@gmail.com,99,99,Single,50.00,2025-03-16,2025-03-18,99,5,Great stay!
1,Hilton,3,Hilton Hotel 3,Street 3,City_3,Country_3,50,150,Single,50.00,true,100,User_100,user100@gmail.com,100,100,Single,50.00,2025-03-17,2025-03-19,100,4,Great stay!
1,Hilton,3,Hilton Hotel 3,Street 3,City_3,Country_3,50,150,Single,50.00,true,101,User_101,user101@gmail.com,101,101,Single,50.00,2025-03-18,2025-03-20,101,3,Good experience
1,Hilton,3,Hilton Hotel 3,Street 3,City_3,Country_3,51,151,Double,51.00,true,102,User_102,user102@gmail.com,102,102,Double,51.00,2025-03-19,2025-03-21,102,3,Good experience
1,Hilton,3,Hilton Hotel 3,Street 3,City_3,Country_3,51,151,Double,51.00,true,103,User_103,user103@gmail.com,103,103,Double,51.00,2025-03-20,2025-03-22,103,2,Good experience
1,Hilton,3,Hilton Hotel 3,Street 3,City_3,Country_3,52,152,Single,52.00,true,104,User_104,user104@gmail.com,104,104,Single,52.00,2025-03-21,2025-03-23,104,4,Great stay!
1,Hilton,3,Hilton Hotel 3,Street 3,City_3,Country_3,52,152,Single,52.00,true,105,User_105,user105@gmail.com,105,105,Single,52.00,2025-03-22,2025-03-24,105,4,Great stay!
1,Hilton,3,Hilton Hotel 3,Street 3,City_3,Country_3,52,152,Single,52.00,true,106,User_106,user106@gmail.com,106,106,Single,52.00,2025-03-23,2025-03-25,106,5,Great stay!
1,Hilton,3,Hilton Hotel 3,Street 3,City_3,Country_3,53,153,Double,53.00,true,107,User_107,user107@gmail.com,107,107,Double,53.00,2025-03-24,2025-03-26,107,5,Great stay!
1,Hilton,3,Hilton Hotel 3,Street 3,City_3,Country_3,53,153,Double,53.00,true,108,User_108,user108@gmail.com,108,108,Double,53.00,2025-03-25,2025-03-27,108,3,Good experience
1,Hilton,3,Hilton Hotel 3,Street 3,City_3,Country_3,54,154,Single,54.00,false,109,User_109,user109@gmail.com,109,109,Single,54.00,2025-03-26,2025-03-28,109,3,Good experience
1,Hilton,3,Hilton Hotel 3,Street 3,City_3,Country_3,54,154,Single,54.00,false,110,User_110,user110@gmail.com,110,110,Single,54.00,2025-03-27,2025-03-29,110,2,Good experience
1,Hilton,3,Hilton Hotel 3,Street 3,City_3,Country_3,55,155,Double,55.00,true,111,User_111,user111@gmail.com,111,111,Double,55.00,2025-03-28,2025-03-30,111,5,Great stay!
1,Hilton,3,Hilton Hotel 3,Street 3,City_3,Country_3,55,155,Double,55.00,true,112,User_112,user112@gmail.com,112,112,Double,55.00,2025-03-1,2025-03-3,112,5,Great stay!
1,Hilton,3,Hilton Hotel 3,Street 3,City_3,Country_3,55,155,Double,55.00,true,113,User_113,user113@gmail.com,113,113,Double,55.00,2025-03-2,2025-03-4,113,5,Great stay!
1,Hilton,3,Hilton Hotel 3,Street 3,City_3,Country_3,56,156,Single,56.00,true,114,User_114,user114@gmail.com,114,114,Single,56.00,2025-03-3,2025-03-5,114,2,Good experience
1,Hilton,3,Hilton Hotel 3,Street 3,City_3,Country_3,56,156,Single,56.00,true,115,User_115,user115@gmail.com,115,115,Single,56.00,2025-03-4,2025-03-6,115,5,Great stay!
1,Hilton,3,Hilton Hotel 3,Street 3,City_3,Country_3,57,157,Double,57.00,true,116,User_116,user116@gmail.com,116,116,Double,57.00,2025-03-5,2025-03-7,116,4,Great stay!
1,Hilton,3,Hilton Hotel 3,Street 3,City_3,Country_3,58,158,Single,58.00,true,117,User_117,user117@gmail.com,117,117,Single,58.00,2025-03-6,2025-03-8,117,5,Great stay!
1,Hilton,3,Hilton Hotel 3,Street 3,City_3,Country_3,59,159,Double,59.00,true,118,User_118,user118@gmail.com,118,118,Double,59.00,2025-03-7,2025-03-9,118,3,Good experience
1,Hilton,3,Hilton Hotel 3,Street 3,City_3,Country_3,60,160,Single,60.00,true,119,User_119,user119@gmail.com,119,119,Single,60.00,2025-03-8,2025-03-10,119,4,Great stay!
1,Hilton,3,Hilton Hotel 3,Street 3,City_3,Country_3,60,160,Single,60.00,true,120,User_120,user120@gmail.com,120,120,Single,60.00,2025-03-9,2025-03-11,120,2,Good experience
1,Hilton,3,Hilton Hotel 3,Street 3,City_3,Country_3,60,160,Single,60.00,true,121,User_121,user121@gmail.com,121,121,Single,60.00,2025-03-10,2025-03-12,121,1,Good experience
1,Hilton,3,Hilton Hotel 3,Street 3,City_3,Country_3,61,161,Double,61.00,true,122,User_122,user122@gmail.com,122,122,Double,61.00,2025-03-11,2025-03-13,122,4,Great stay!
1,Hilton,3,Hilton Hotel 3,Street 3,City_3,Country_3,61,161,Double,61.00,true,123,User_123,user123@gmail.com,123,123,Double,61.00,2025-03-12,2025-03-14,123,5,Great stay!
1,Hilton,3,Hilton Hotel 3,Street 3,City_3,Country_3,61,161,Double,61.00,true,124,User_124,user124@gmail.com,124,124,Double,61.00,2025-03-13,2025-03-15,124,1,Good experience
1,Hilton,4,Hilton Hotel 4,Street 4,City_4,Country_4,62,162,Single,62.00,true,125,User_125,user125@gmail.com,125,125,Single,62.00,2025-03-14,2025-03-16,125,3,Good experience
1,Hilton,4,Hilton Hotel 4,Street 4,City_4,Country_4,62,162,Single,62.00,true,126,User_126,user126@gmail.com,126,126,Single,62.00,2025-03-15,2025-03-17,126,3,Good experience
1,Hilton,4,Hilton Hotel 4,Street 4,City_4,Country_4,63,163,Double,63.00,true,127,User_127,user127@gmail.com,127,127,Double,63.00,2025-03-16,2025-03-18,127,2,Good experience
1,Hilton,4,Hilton Hotel 4,Street 4,City_4,Country_4,63,163,Double,63.00,true,128,User_128,user128@gmail.com,128,128,Double,63.00,2025-03-17,2025-03-19,128,4,Great stay!
1,Hilton,4,Hilton Hotel 4,Street 4,City_4,Country_4,63,163,Double,63.00,true,129,User_129,user129@gmail.com,129,129,Double,63.00,2025-03-18,2025-03-20,129,3,Good experience
1,Hilton,4,Hilton Hotel 4,Street 4,City_4,Country_4,64,164,Single,64.00,true,130,User_130,user130@gmail.com,130,130,Single,64.00,2025-03-19,2025-03-21,130,3,Good experience
1,Hilton,4,Hilton Hotel 4,Street 4,City_4,Country_4,64,164,Single,64.00,true,131,User_131,user131@gmail.com,131,131,Single,64.00,2025-03-20,2025-03-22,131,1,Good experience
1,Hilton,4,Hilton Hotel 4,Street 4,City_4,Country_4,65,165,Double,65.00,true,132,User_132,user132@gmail.com,132,132,Double,65.00,2025-03-21,2025-03-23,132,3,Good experience
1,Hilton,4,Hilton Hotel 4,Street 4,City_4,Country_4,66,166,Single,66.00,true,133,User_133,user133@gmail.com,133,133,Single,66.00,2025-03-22,2025-03-24,133,4,Great stay!
1,Hilton,4,Hilton Hotel 4,Street 4,City_4,Country_4,66,166,Single,66.00,true,134,User_134,user134@gmail.com,134,134,Single,66.00,2025-03-23,2025-03-25,134,5,Great stay!
1,Hilton,4,Hilton Hotel 4,Street 4,City_4,Country_4,66,166,Single,66.00,true,135,User_135,user135@gmail.com,135,135,Single,66.00,2025-03-24,2025-03-26,135,5,Great stay!
1,Hilton,4,Hilton Hotel 4,Street 4,City_4,Country_4,67,167,Double,67.00,false,136,User_136,user136@gmail.com,136,136,Double,67.00,2025-03-25,2025-03-27,136,5,Great stay!
1,Hilton,5,Hilton Hotel 5,Street 5,City_5,Country_5,68,168,Single,68.00,true,137,User_137,user137@gmail.com,137,137,Single,68.00,2025-03-26,2025-03-28,137,5,Great stay!
1,Hilton,5,Hilton Hotel 5,Street 5,City_5,Country_5,68,168,Single,68.00,true,138,User_138,user138@gmail.com,138,138,Single,68.00,2025-03-27,2025-03-29,138,4,Great stay!
1,Hilton,5,Hilton Hotel 5,Street 5,City_5,Country_5,68,168,Single,68.00,true,139,User_139,user139@gmail.com,139,139,Single,68.00,2025-03-28,2025-03-30,139,5,Great stay!
1,Hilton,5,Hilton Hotel 5,Street 5,City_5,Country_5,69,169,Double,69.00,true,140,User_140,user140@gmail.com,140,140,Double,69.00,2025-03-1,2025-03-3,140,2,Good experience
1,Hilton,5,Hilton Hotel 5,Street 5,City_5,Country_5,70,170,Single,70.00,true,141,User_141,user141@gmail.com,141,141,Single,70.00,2025-03-2,2025-03-4,141,2,Good experience
1,Hilton,5,Hilton Hotel 5,Street 5,City_5,Country_5,70,170,Single,70.00,true,142,User_142,user142@gmail.com,142,142,Single,70.00,2025-03-3,2025-03-5,142,3,Good experience
1,Hilton,5,Hilton Hotel 5,Street 5,City_5,Country_5,71,171,Double,71.00,true,143,User_143,user143@gmail.com,143,143,Double,71.00,2025-03-4,2025-03-6,143,5,Great stay!
1,Hilton,5,Hilton Hotel 5,Street 5,City_5,Country_5,71,171,Double,71.00,true,144,User_144,user144@gmail.com,144,144,Double,71.00,2025-03-5,2025-03-7,144,4,Great stay!
1,Hilton,5,Hilton Hotel 5,Street 5,City_5,Country_5,71,171,Double,71.00,true,145,User_145,user145@gmail.com,145,145,Double,71.00,2025-03-6,2025-03-8,145,3,Good experience
1,Hilton,5,Hilton Hotel 5,Street 5,City_5,Country_5,72,172,Single,72.00,true,146,User_146,user146@gmail.com,146,146,Single,72.00,2025-03-7,2025-03-9,146,4,Great stay!
1,Hilton,6,Hilton Hotel 6,Street 6,City_6,Country_6,73,173,Double,73.00,true,147,User_147,user147@gmail.com,147,147,Double,73.00,2025-03-8,2025-03-10,147,4,Great stay!
1,Hilton,6,Hilton Hotel 6,Street 6,City_6,Country_6,73,173,Double,73.00,true,148,User_148,user148@gmail.com,148,148,Double,73.00,2025-03-9,2025-03-11,148,1,Good experience
1,Hilton,6,Hilton Hotel 6,Street 6,City_6,Country_6,73,173,Double,73.00,true,149,User_149,user149@gmail.com,149,149,Double,73.00,2025-03-10,2025-03-12,149,5,Great stay!
1,Hilton,6,Hilton Hotel 6,Street 6,City_6,Country_6,74,174,Single,74.00,true,150,User_150,user150@gmail.com,150,150,Single,74.00,2025-03-11,2025-03-13,150,4,Great stay!
1,Hilton,6,Hilton Hotel 6,Street 6,City_6,Country_6,74,174,Single,74.00,true,151,User_151,user151@gmail.com,151,151,Single,74.00,2025-03-12,2025-03-14,151,4,Great stay!
1,Hilton,6,Hilton Hotel 6,Street 6,City_6,Country_6,74,174,Single,74.00,true,152,User_152,user152@gmail.com,152,152,Single,74.00,2025-03-13,2025-03-15,152,4,Great stay!
1,Hilton,6,Hilton Hotel 6,Street 6,City_6,Country_6,75,175,Double,75.00,true,153,User_153,user153@gmail.com,153,153,Double,75.00,2025-03-14,2025-03-16,153,3,Good experience
1,Hilton,6,Hilton Hotel 6,Street 6,City_6,Country_6,76,176,Single,76.00,false,154,User_154,user154@gmail.com,154,154,Single,76.00,2025-03-15,2025-03-17,154,1,Good experience
1,Hilton,6,Hilton Hotel 6,Street 6,City_6,Country_6,76,176,Single,76.00,false,155,User_155,user155@gmail.com,155,155,Single,76.00,2025-03-16,2025-03-18,155,3,Good experience
1,Hilton,6,Hilton Hotel 6,Street 6,City_6,Country_6,76,176,Single,76.00,false,156,User_156,user156@gmail.com,156,156,Single,76.00,2025-03-17,2025-03-19,156,2,Good experience
1,Hilton,6,Hilton Hotel 6,Street 6,City_6,Country_6,77,177,Double,77.00,true,157,User_157,user157@gmail.com,157,157,Double,77.00,2025-03-18,2025-03-20,157,3,Good experience
1,Hilton,6,Hilton Hotel 6,Street 6,City_6,Country_6,77,177,Double,77.00,true,158,User_158,user158@gmail.com,158,158,Double,77.00,2025-03-19,2025-03-21,158,3,Good experience
1,Hilton,6,Hilton Hotel 6,Street 6,City_6,Country_6,78,178,Single,78.00,false,159,User_159,user159@gmail.com,159,159,Single,78.00,2025-03-20,2025-03-22,159,5,Great stay!
1,Hilton,6,Hilton Hotel 6,Street 6,City_6,Country_6,78,178,Single,78.00,false,160,User_160,user160@gmail.com,160,160,Single,78.00,2025-03-21,2025-03-23,160,5,Great stay!
1,Hilton,6,Hilton Hotel 6,Street 6,City_6,Country_6,78,178,Single,78.00,false,161,User_161,user161@gmail.com,161,161,Single,78.00,2025-03-22,2025-03-24,161,4,Great stay!
1,Hilton,6,Hilton Hotel 6,Street 6,City_6,Country_6,79,179,Double,79.00,true,162,User_162,user162@gmail.com,162,162,Double,79.00,2025-03-23,2025-03-25,162,1,Good experience
1,Hilton,6,Hilton Hotel 6,Street 6,City_6,Country_6,79,179,Double,79.00,true,163,User_163,user163@gmail.com,163,163,Double,79.00,2025-03-24,2025-03-26,163,1,Good experience
1,Hilton,6,Hilton Hotel 6,Street 6,City_6,Country_6,80,180,Single,80.00,true,164,User_164,user164@gmail.com,164,164,Single,80.00,2025-03-25,2025-03-27,164,4,Great stay!
1,Hilton,6,Hilton Hotel 6,Street 6,City_6,Country_6,81,181,Double,81.00,true,165,User_165,user165@gmail.com,165,165,Double,81.00,2025-03-26,2025-03-28,165,4,Great stay!
1,Hilton,6,Hilton Hotel 6,Street 6,City_6,Country_6,82,182,Single,82.00,true,166,User_166,user166@gmail.com,166,166,Single,82.00,2025-03-27,2025-03-29,166,4,Great stay!
1,Hilton,6,Hilton Hotel 6,Street 6,City_6,Country_6,83,183,Double,83.00,true,167,User_167,user167@gmail.com,167,167,Double,83.00,2025-03-28,2025-03-30,167,1,Good experience
1,Hilton,6,Hilton Hotel 6,Street 6,City_6,Country_6,83,183,Double,83.00,true,168,User_168,user168@gmail.com,168,168,Double,83.00,2025-03-1,2025-03-3,168,2,Good experience
1,Hilton,6,Hilton Hotel 6,Street 6,City_6,Country_6,83,183,Double,83.00,true,169,User_169,user169@gmail.com,169,169,Double,83.00,2025-03-2,2025-03-4,169,5,Great stay!
1,Hilton,6,Hilton Hotel 6,Street 6,City_6,Country_6,84,184,Single,84.00,true,170,User_170,user170@gmail.com,170,170,Single,84.00,2025-03-3,2025-03-5,170,2,Good experience
1,Hilton,6,Hilton Hotel 6,Street 6,City_6,Country_6,84,184,Single,84.00,true,171,User_171,user171@gmail.com,171,171,Single,84.00,2025-03-4,2025-03-6,171,5,Great stay!
1,Hilton,6,Hilton Hotel 6,Street 6,City_6,Country_6,85,185,Double,85.00,false,172,User_172,user172@gmail.com,172,172,Double,85.00,2025-03-5,2025-03-7,172,4,Great stay!
1,Hilton,6,Hilton Hotel 6,Street 6,City_6,Country_6,85,185,Double,85.00,false,173,User_173,user173@gmail.com,173,173,Double,85.00,2025-03-6,2025-03-8,173,4,Great stay!
1,Hilton,7,Hilton Hotel 7,Street 7,City_7,Country_7,86,186,Single,86.00,false,174,User_174,user174@gmail.com,174,174,Single,86.00,2025-03-7,2025-03-9,174,3,Good experience
1,Hilton,7,Hilton Hotel 7,Street 7,City_7,Country_7,86,186,Single,86.00,false,175,User_175,user175@gmail.com,175,175,Single,86.00,2025-03-8,2025-03-10,175,2,Good experience
1,Hilton,7,Hilton Hotel 7,Street 7,City_7,Country_7,87,187,Double,87.00,true,176,User_176,user176@gmail.com,176,176,Double,87.00,2025-03-9,2025-03-11,176,4,Great stay!
1,Hilton,7,Hilton Hotel 7,Street 7,City_7,Country_7,88,188,Single,88.00,true,177,User_177,user177@gmail.com,177,177,Single,88.00,2025-03-10,2025-03-12,177,1,Good experience
1,Hilton,7,Hilton Hotel 7,Street 7,City_7,Country_7,89,189,Double,89.00,true,178,User_178,user178@gmail.com,178,178,Double,89.00,2025-03-11,2025-03-13,178,3,Good experience
1,Hilton,7,Hilton Hotel 7,Street 7,City_7,Country_7,90,190,Single,90.00,true,179,User_179,user179@gmail.com,179,179,Single,90.00,2025-03-12,2025-03-14,179,4,Great stay!
1,Hilton,7,Hilton Hotel 7,Street 7,City_7,Country_7,90,190,Single,90.00,true,180,User_180,user180@gmail.com,180,180,Single,90.00,2025-03-13,2025-03-15,180,1,Good experience
1,Hilton,7,Hilton Hotel 7,Street 7,City_7,Country_7,91,191,Double,91.00,false,181,User_181,user181@gmail.com,181,181,Double,91.00,2025-03-14,2025-03-16,181,4,Great stay!
1,Hilton,7,Hilton Hotel 7,Street 7,City_7,Country_7,91,191,Double,91.00,false,182,User_182,user182@gmail.com,182,182,Double,91.00,2025-03-15,2025-03-17,182,2,Good experience
1,Hilton,7,Hilton Hotel 7,Street 7,City_7,Country_7,91,191,Double,91.00,false,183,User_183,user183@gmail.com,183,183,Double,91.00,2025-03-16,2025-03-18,183,1,Good experience
1,Hilton,8,Hilton Hotel 8,Street 8,City_8,Country_8,92,192,Single,92.00,true,184,User_184,user184@gmail.com,184,184,Single,92.00,2025-03-17,2025-03-19,184,3,Good experience
1,Hilton,8,Hilton Hotel 8,Street 8,City_8,Country_8,92,192,Single,92.00,true,185,User_185,user185@gmail.com,185,185,Single,92.00,2025-03-18,2025-03-20,185,2,Good experience
1,Hilton,8,Hilton Hotel 8,Street 8,City_8,Country_8,92,192,Single,92.00,true,186,User_186,user186@gmail.com,186,186,Single,92.00,2025-03-19,2025-03-21,186,2,Good experience
1,Hilton,8,Hilton Hotel 8,Street 8,City_8,Country_8,93,193,Double,93.00,true,187,User_187,user187@gmail.com,187,187,Double,93.00,2025-03-20,2025-03-22,187,4,Great stay!
1,Hilton,8,Hilton Hotel 8,Street 8,City_8,Country_8,93,193,Double,93.00,true,188,User_188,user188@gmail.com,188,188,Double,93.00,2025-03-21,2025-03-23,188,1,Good experience
1,Hilton,8,Hilton Hotel 8,Street 8,City_8,Country_8,94,194,Single,94.00,false,189,User_189,user189@gmail.com,189,189,Single,94.00,2025-03-22,2025-03-24,189,3,Good experience
1,Hilton,8,Hilton Hotel 8,Street 8,City_8,Country_8,94,194,Single,94.00,false,190,User_190,user190@gmail.com,190,190,Single,94.00,2025-03-23,2025-03-25,190,3,Good experience
1,Hilton,8,Hilton Hotel 8,Street 8,City_8,Country_8,94,194,Single,94.00,false,191,User_191,user191@gmail.com,191,191,Single,94.00,2025-03-24,2025-03-26,191,5,Great stay!
1,Hilton,8,Hilton Hotel 8,Street 8,City_8,Country_8,95,195,Double,95.00,true,192,User_192,user192@gmail.com,192,192,Double,95.00,2025-03-25,2025-03-27,192,1,Good experience
1,Hilton,8,Hilton Hotel 8,Street 8,City_8,Country_8,96,196,Single,96.00,true,193,User_193,user193@gmail.com,193,193,Single,96.00,2025-03-26,2025-03-28,193,4,Great stay!
1,Hilton,8,Hilton Hotel 8,Street 8,City_8,Country_8,96,196,Single,96.00,true,194,User_194,user194@gmail.com,194,194,Single,96.00,2025-03-27,2025-03-29,194,5,Great stay!
1,Hilton,8,Hilton Hotel 8,Street 8,City_8,Country_8,97,197,Double,97.00,true,195,User_195,user195@gmail.com,195,195,Double,97.00,2025-03-28,2025-03-30,195,2,Good experience
1,Hilton,8,Hilton Hotel 8,Street 8,City_8,Country_8,97,197,Double,97.00,true,196,User_196,user196@gmail.com,196,196,Double,97.00,2025-03-1,2025-03-3,196,5,Great stay!
1,Hilton,8,Hilton Hotel 8,Street 8,City_8,Country_8,97,197,Double,97.00,true,197,User_197,user197@gmail.com,197,197,Double,97.00,2025-03-2,2025-03-4,197,4,Great stay!
1,Hilton,8,Hilton Hotel 8,Street 8,City_8,Country_8,98,198,Single,98.00,true,198,User_198,user198@gmail.com,198,198,Single,98.00,2025-03-3,2025-03-5,198,4,Great stay!
1,Hilton,8,Hilton Hotel 8,Street 8,City_8,Country_8,98,198,Single,98.00,true,199,User_199,user199@gmail.com,199,199,Single,98.00,2025-03-4,2025-03-6,199,2,Good experience
1,Hilton,8,Hilton Hotel 8,Street 8,City_8,Country_8,98,198,Single,98.00,true,200,User_200,user200@gmail.com,200,200,Single,98.00,2025-03-5,2025-03-7,200,3,Good experience
1,Hilton,8,Hilton Hotel 8,Street 8,City_8,Country_8,99,199,Double,99.00,true,201,User_201,user201@gmail.com,201,201,Double,99.00,2025-03-6,2025-03-8,201,1,Good experience
1,Hilton,8,Hilton Hotel 8,Street 8,City_8,Country_8,100,200,Single,50.00,true,202,User_202,user202@gmail.com,202,202,Single,50.00,2025-03-7,2025-03-9,202,4,Great stay!
1,Hilton,8,Hilton Hotel 8,Street 8,City_8,Country_8,100,200,Single,50.00,true,203,User_203,user203@gmail.com,203,203,Single,50.00,2025-03-8,2025-03-10,203,2,Good experience
1,Hilton,8,Hilton Hotel 8,Street 8,City_8,Country_8,101,201,Double,51.00,false,204,User_204,user204@gmail.com,204,204,Double,51.00,2025-03-9,2025-03-11,204,1,Good experience
1,Hilton,8,Hilton Hotel 8,Street 8,City_8,Country_8,101,201,Double,51.00,false,205,User_205,user205@gmail.com,205,205,Double,51.00,2025-03-10,2025-03-12,205,1,Good experience
1,Hilton,8,Hilton Hotel 8,Street 8,City_8,Country_8,101,201,Double,51.00,false,206,User_206,user206@gmail.com,206,206,Double,51.00,2025-03-11,2025-03-13,206,2,Good experience
1,Hilton,8,Hilton Hotel 8,Street 8,City_8,Country_8,102,202,Single,52.00,true,207,User_207,user207@gmail.com,207,207,Single,52.00,2025-03-12,2025-03-14,207,3,Good experience
1,Hilton,8,Hilton Hotel 8,Street 8,City_8,Country_8,102,202,Single,52.00,true,208,User_208,user208@gmail.com,208,208,Single,52.00,2025-03-13,2025-03-15,208,2,Good experience
1,Hilton,8,Hilton Hotel 8,Street 8,City_8,Country_8,102,202,Single,52.00,true,209,User_209,user209@gmail.com,209,209,Single,52.00,2025-03-14,2025-03-16,209,1,Good experience
1,Hilton,8,Hilton Hotel 8,Street 8,City_8,Country_8,103,203,Double,53.00,true,210,User_210,user210@gmail.com,210,210,Double,53.00,2025-03-15,2025-03-17,210,3,Good experience
1,Hilton,8,Hilton Hotel 8,Street 8,City_8,Country_8,104,204,Single,54.00,true,211,User_211,user211@gmail.com,211,211,Single,54.00,2025-03-16,2025-03-18,211,3,Good experience
1,Hilton,8,Hilton Hotel 8,Street 8,City_8,Country_8,105,205,Double,55.00,true,212,User_212,user212@gmail.com,212,212,Double,55.00,2025-03-17,2025-03-19,212,1,Good experience
1,Hilton,8,Hilton Hotel 8,Street 8,City_8,Country_8,106,206,Single,56.00,true,213,User_213,user213@gmail.com,213,213,Single,56.00,2025-03-18,2025-03-20,213,1,Good experience
1,Hilton,8,Hilton Hotel 8,Street 8,City_8,Country_8,107,207,Double,57.00,true,214,User_214,user214@gmail.com,214,214,Double,57.00,2025-03-19,2025-03-21,214,3,Good experience
1,Hilton,8,Hilton Hotel 8,Street 8,City_8,Country_8,107,207,Double,57.00,true,215,User_215,user215@gmail.com,215,215,Double,57.00,2025-03-20,2025-03-22,215,2,Good experience
1,Hilton,8,Hilton Hotel 8,Street 8,City_8,Country_8,108,208,Single,58.00,true,216,User_216,user216@gmail.com,216,216,Single,58.00,2025-03-21,2025-03-23,216,3,Good experience
1,Hilton,8,Hilton Hotel 8,Street 8,City_8,Country_8,108,208,Single,58.00,true,217,User_217,user217@gmail.com,217,217,Single,58.00,2025-03-22,2025-03-24,217,1,Good experience
1,Hilton,8,Hilton Hotel 8,Street 8,City_8,Country_8,108,208,Single,58.00,true,218,User_218,user218@gmail.com,218,218,Single,58.00,2025-03-23,2025-03-25,218,4,Great stay!
1,Hilton,9,Hilton Hotel 9,Street 9,City_9,Country_9,109,209,Double,59.00,true,219,User_219,user219@gmail.com,219,219,Double,59.00,2025-03-24,2025-03-26,219,5,Great stay!
1,Hilton,9,Hilton Hotel 9,Street 9,City_9,Country_9,109,209,Double,59.00,true,220,User_220,user220@gmail.com,220,220,Double,59.00,2025-03-25,2025-03-27,220,5,Great stay!
1,Hilton,9,Hilton Hotel 9,Street 9,City_9,Country_9,109,209,Double,59.00,true,221,User_221,user221@gmail.com,221,221,Double,59.00,2025-03-26,2025-03-28,221,1,Good experience
1,Hilton,9,Hilton Hotel 9,Street 9,City_9,Country_9,110,210,Single,60.00,true,222,User_222,user222@gmail.com,222,222,Single,60.00,2025-03-27,2025-03-29,222,1,Good experience
1,Hilton,9,Hilton Hotel 9,Street 9,City_9,Country_9,110,210,Single,60.00,true,223,User_223,user223@gmail.com,223,223,Single,60.00,2025-03-28,2025-03-30,223,5,Great stay!
1,Hilton,9,Hilton Hotel 9,Street 9,City_9,Country_9,111,211,Double,61.00,false,224,User_224,user224@gmail.com,224,224,Double,61.00,2025-03-1,2025-03-3,224,5,Great stay!
1,Hilton,9,Hilton Hotel 9,Street 9,City_9,Country_9,111,211,Double,61.00,false,225,User_225,user225@gmail.com,225,225,Double,61.00,2025-03-2,2025-03-4,225,1,Good experience
1,Hilton,9,Hilton Hotel 9,Street 9,City_9,Country_9,112,212,Single,62.00,true,226,User_226,user226@gmail.com,226,226,Single,62.00,2025-03-3,2025-03-5,226,5,Great stay!
1,Hilton,9,Hilton Hotel 9,Street 9,City_9,Country_9,112,212,Single,62.00,true,227,User_227,user227@gmail.com,227,227,Single,62.00,2025-03-4,2025-03-6,227,1,Good experience
1,Hilton,9,Hilton Hotel 9,Street 9,City_9,Country_9,113,213,Double,63.00,true,228,User_228,user228@gmail.com,228,228,Double,63.00,2025-03-5,2025-03-7,228,1,Good experience
1,Hilton,9,Hilton Hotel 9,Street 9,City_9,Country_9,113,213,Double,63.00,true,229,User_229,user229@gmail.com,229,229,Double,63.00,2025-03-6,2025-03-8,229,3,Good experience
1,Hilton,9,Hilton Hotel 9,Street 9,City_9,Country_9,114,214,Single,64.00,true,230,User_230,user230@gmail.com,230,230,Single,64.00,2025-03-7,2025-03-9,230,5,Great stay!
1,Hilton,9,Hilton Hotel 9,Street 9,City_9,Country_9,115,215,Double,65.00,true,231,User_231,user231@gmail.com,231,231,Double,65.00,2025-03-8,2025-03-10,231,3,Good experience
1,Hilton,9,Hilton Hotel 9,Street 9,City_9,Country_9,116,216,Single,66.00,true,232,User_232,user232@gmail.com,232,232,Single,66.00,2025-03-9,2025-03-11,232,3,Good experience
1,Hilton,9,Hilton Hotel 9,Street 9,City_9,Country_9,116,216,Single,66.00,true,233,User_233,user233@gmail.com,233,233,Single,66.00,2025-03-10,2025-03-12,233,2,Good experience
1,Hilton,9,Hilton Hotel 9,Street 9,City_9,Country_9,116,216,Single,66.00,true,234,User_234,user234@gmail.com,234,234,Single,66.00,2025-03-11,2025-03-13,234,3,Good experience
1,Hilton,9,Hilton Hotel 9,Street 9,City_9,Country_9,117,217,Double,67.00,true,235,User_235,user235@gmail.com,235,235,Double,67.00,2025-03-12,2025-03-14,235,2,Good experience
1,Hilton,9,Hilton Hotel 9,Street 9,City_9,Country_9,118,218,Single,68.00,true,236,User_236,user236@gmail.com,236,236,Single,68.00,2025-03-13,2025-03-15,236,2,Good experience
1,Hilton,9,Hilton Hotel 9,Street 9,City_9,Country_9,118,218,Single,68.00,true,237,User_237,user237@gmail.com,237,237,Single,68.00,2025-03-14,2025-03-16,237,2,Good experience
1,Hilton,9,Hilton Hotel 9,Street 9,City_9,Country_9,119,219,Double,69.00,true,238,User_238,user238@gmail.com,238,238,Double,69.00,2025-03-15,2025-03-17,238,5,Great stay!
1,Hilton,9,Hilton Hotel 9,Street 9,City_9,Country_9,120,220,Single,70.00,true,239,User_239,user239@gmail.com,239,239,Single,70.00,2025-03-16,2025-03-18,239,2,Good experience
1,Hilton,9,Hilton Hotel 9,Street 9,City_9,Country_9,120,220,Single,70.00,true,240,User_240,user240@gmail.com,240,240,Single,70.00,2025-03-17,2025-03-19,240,3,Good experience
1,Hilton,9,Hilton Hotel 9,Street 9,City_9,Country_9,121,221,Double,71.00,true,241,User_241,user241@gmail.com,241,241,Double,71.00,2025-03-18,2025-03-20,241,1,Good experience
1,Hilton,9,Hilton Hotel 9,Street 9,City_9,Country_9,121,221,Double,71.00,true,242,User_242,user242@gmail.com,242,242,Double,71.00,2025-03-19,2025-03-21,242,3,Good experience
1,Hilton,9,Hilton Hotel 9,Street 9,City_9,Country_9,121,221,Double,71.00,true,243,User_243,user243@gmail.com,243,243,Double,71.00,2025-03-20,2025-03-22,243,2,Good experience
1,Hilton,9,Hilton Hotel 9,Street 9,City_9,Country_9,122,222,Single,72.00,true,244,User_244,user244@gmail.com,244,244,Single,72.00,2025-03-21,2025-03-23,244,5,Great stay!
1,Hilton,9,Hilton Hotel 9,Street 9,City_9,Country_9,123,223,Double,73.00,true,245,User_245,user245@gmail.com,245,245,Double,73.00,2025-03-22,2025-03-24,245,3,Good experience
1,Hilton,9,Hilton Hotel 9,Street 9,City_9,Country_9,124,224,Single,74.00,true,246,User_246,user246@gmail.com,246,246,Single,74.00,2025-03-23,2025-03-25,246,3,Good experience
1,Hilton,9,Hilton Hotel 9,Street 9,City_9,Country_9,125,225,Double,75.00,true,247,User_247,user247@gmail.com,247,247,Double,75.00,2025-03-24,2025-03-26,247,4,Great stay!
1,Hilton,9,Hilton Hotel 9,Street 9,City_9,Country_9,126,226,Single,76.00,true,248,User_248,user248@gmail.com,248,248,Single,76.00,2025-03-25,2025-03-27,248,4,Great stay!
1,Hilton,9,Hilton Hotel 9,Street 9,City_9,Country_9,126,226,Single,76.00,true,249,User_249,user249@gmail.com,249,249,Single,76.00,2025-03-26,2025-03-28,249,5,Great stay!
1,Hilton,9,Hilton Hotel 9,Street 9,City_9,Country_9,126,226,Single,76.00,true,250,User_250,user250@gmail.com,250,250,Single,76.00,2025-03-27,2025-03-29,250,1,Good experience
1,Hilton,9,Hilton Hotel 9,Street 9,City_9,Country_9,127,227,Double,77.00,true,251,User_251,user251@gmail.com,251,251,Double,77.00,2025-03-28,2025-03-30,251,3,Good experience
1,Hilton,9,Hilton Hotel 9,Street 9,City_9,Country_9,127,227,Double,77.00,true,252,User_252,user252@gmail.com,252,252,Double,77.00,2025-03-1,2025-03-3,252,2,Good experience
1,Hilton,9,Hilton Hotel 9,Street 9,City_9,Country_9,128,228,Single,78.00,true,253,User_253,user253@gmail.com,253,253,Single,78.00,2025-03-2,2025-03-4,253,4,Great stay!
1,Hilton,9,Hilton Hotel 9,Street 9,City_9,Country_9,128,228,Single,78.00,true,254,User_254,user254@gmail.com,254,254,Single,78.00,2025-03-3,2025-03-5,254,4,Great stay!
1,Hilton,10,Hilton Hotel 10,Street 10,City_10,Country_10,129,229,Double,79.00,false,255,User_255,user255@gmail.com,255,255,Double,79.00,2025-03-4,2025-03-6,255,5,Great stay!
1,Hilton,10,Hilton Hotel 10,Street 10,City_10,Country_10,129,229,Double,79.00,false,256,User_256,user256@gmail.com,256,256,Double,79.00,2025-03-5,2025-03-7,256,5,Great stay!
1,Hilton,10,Hilton Hotel 10,Street 10,City_10,Country_10,129,229,Double,79.00,false,257,User_257,user257@gmail.com,257,257,Double,79.00,2025-03-6,2025-03-8,257,5,Great stay!
1,Hilton,10,Hilton Hotel 10,Street 10,City_10,Country_10,130,230,Single,80.00,false,258,User_258,user258@gmail.com,258,258,Single,80.00,2025-03-7,2025-03-9,258,4,Great stay!
1,Hilton,10,Hilton Hotel 10,Street 10,City_10,Country_10,130,230,Single,80.00,false,259,User_259,user259@gmail.com,259,259,Single,80.00,2025-03-8,2025-03-10,259,1,Good experience
1,Hilton,10,Hilton Hotel 10,Street 10,City_10,Country_10,131,231,Double,81.00,true,260,User_260,user260@gmail.com,260,260,Double,81.00,2025-03-9,2025-03-11,260,3,Good experience
1,Hilton,10,Hilton Hotel 10,Street 10,City_10,Country_10,132,232,Single,82.00,true,261,User_261,user261@gmail.com,261,261,Single,82.00,2025-03-10,2025-03-12,261,4,Great stay!
1,Hilton,10,Hilton Hotel 10,Street 10,City_10,Country_10,132,232,Single,82.00,true,262,User_262,user262@gmail.com,262,262,Single,82.00,2025-03-11,2025-03-13,262,2,Good experience
1,Hilton,10,Hilton Hotel 10,Street 10,City_10,Country_10,133,233,Double,83.00,true,263,User_263,user263@gmail.com,263,263,Double,83.00,2025-03-12,2025-03-14,263,2,Good experience
1,Hilton,10,Hilton Hotel 10,Street 10,City_10,Country_10,133,233,Double,83.00,true,264,User_264,user264@gmail.com,264,264,Double,83.00,2025-03-13,2025-03-15,264,5,Great stay!
1,Hilton,10,Hilton Hotel 10,Street 10,City_10,Country_10,133,233,Double,83.00,true,265,User_265,user265@gmail.com,265,265,Double,83.00,2025-03-14,2025-03-16,265,4,Great stay!
1,Hilton,10,Hilton Hotel 10,Street 10,City_10,Country_10,134,234,Single,84.00,true,266,User_266,user266@gmail.com,266,266,Single,84.00,2025-03-15,2025-03-17,266,5,Great stay!
1,Hilton,10,Hilton Hotel 10,Street 10,City_10,Country_10,134,234,Single,84.00,true,267,User_267,user267@gmail.com,267,267,Single,84.00,2025-03-16,2025-03-18,267,4,Great stay!
1,Hilton,10,Hilton Hotel 10,Street 10,City_10,Country_10,135,235,Double,85.00,true,268,User_268,user268@gmail.com,268,268,Double,85.00,2025-03-17,2025-03-19,268,5,Great stay!
1,Hilton,10,Hilton Hotel 10,Street 10,City_10,Country_10,135,235,Double,85.00,true,269,User_269,user269@gmail.com,269,269,Double,85.00,2025-03-18,2025-03-20,269,4,Great stay!
1,Hilton,10,Hilton Hotel 10,Street 10,City_10,Country_10,136,236,Single,86.00,false,270,User_270,user270@gmail.com,270,270,Single,86.00,2025-03-19,2025-03-21,270,3,Good experience
1,Hilton,10,Hilton Hotel 10,Street 10,City_10,Country_10,137,237,Double,87.00,true,271,User_271,user271@gmail.com,271,271,Double,87.00,2025-03-20,2025-03-22,271,2,Good experience
1,Hilton,10,Hilton Hotel 10,Street 10,City_10,Country_10,137,237,Double,87.00,true,272,User_272,user272@gmail.com,272,272,Double,87.00,2025-03-21,2025-03-23,272,2,Good experience
1,Hilton,10,Hilton Hotel 10,Street 10,City_10,Country_10,137,237,Double,87.00,true,273,User_273,user273@gmail.com,273,273,Double,87.00,2025-03-22,2025-03-24,273,3,Good experience
1,Hilton,10,Hilton Hotel 10,Street 10,City_10,Country_10,138,238,Single,88.00,true,274,User_274,user274@gmail.com,274,274,Single,88.00,2025-03-23,2025-03-25,274,5,Great stay!
1,Hilton,10,Hilton Hotel 10,Street 10,City_10,Country_10,138,238,Single,88.00,true,275,User_275,user275@gmail.com,275,275,Single,88.00,2025-03-24,2025-03-26,275,2,Good experience
1,Hilton,10,Hilton Hotel 10,Street 10,City_10,Country_10,138,238,Single,88.00,true,276,User_276,user276@gmail.com,276,276,Single,88.00,2025-03-25,2025-03-27,276,5,Great stay!
1,Hilton,10,Hilton Hotel 10,Street 10,City_10,Country_10,139,239,Double,89.00,true,277,User_277,user277@gmail.com,277,277,Double,89.00,2025-03-26,2025-03-28,277,2,Good experience
1,Hilton,10,Hilton Hotel 10,Street 10,City_10,Country_10,139,239,Double,89.00,true,278,User_278,user278@gmail.com,278,278,Double,89.00,2025-03-27,2025-03-29,278,4,Great stay!
1,Hilton,10,Hilton Hotel 10,Street 10,City_10,Country_10,140,240,Single,90.00,true,279,User_279,user279@gmail.com,279,279,Single,90.00,2025-03-28,2025-03-30,279,3,Good experience
1,Hilton,10,Hilton Hotel 10,Street 10,City_10,Country_10,141,241,Double,91.00,true,280,User_280,user280@gmail.com,280,280,Double,91.00,2025-03-1,2025-03-3,280,3,Good experience
1,Hilton,10,Hilton Hotel 10,Street 10,City_10,Country_10,141,241,Double,91.00,true,281,User_281,user281@gmail.com,281,281,Double,91.00,2025-03-2,2025-03-4,281,5,Great stay!
1,Hilton,10,Hilton Hotel 10,Street 10,City_10,Country_10,141,241,Double,91.00,true,282,User_282,user282@gmail.com,282,282,Double,91.00,2025-03-3,2025-03-5,282,2,Good experience
1,Hilton,10,Hilton Hotel 10,Street 10,City_10,Country_10,142,242,Single,92.00,true,283,User_283,user283@gmail.com,283,283,Single,92.00,2025-03-4,2025-03-6,283,1,Good experience
1,Hilton,10,Hilton Hotel 10,Street 10,City_10,Country_10,142,242,Single,92.00,true,284,User_284,user284@gmail.com,284,284,Single,92.00,2025-03-5,2025-03-7,284,4,Great stay!
1,Hilton,10,Hilton Hotel 10,Street 10,City_10,Country_10,143,243,Double,93.00,true,285,User_285,user285@gmail.com,285,285,Double,93.00,2025-03-6,2025-03-8,285,2,Good experience
1,Hilton,10,Hilton Hotel 10,Street 10,City_10,Country_10,144,244,Single,94.00,true,286,User_286,user286@gmail.com,286,286,Single,94.00,2025-03-7,2025-03-9,286,4,Great stay!
1,Hilton,10,Hilton Hotel 10,Street 10,City_10,Country_10,144,244,Single,94.00,true,287,User_287,user287@gmail.com,287,287,Single,94.00,2025-03-8,2025-03-10,287,5,Great stay!
1,Hilton,11,Hilton Hotel 11,Street 11,City_11,Country_11,145,245,Double,95.00,true,288,User_288,user288@gmail.com,288,288,Double,95.00,2025-03-9,2025-03-11,288,4,Great stay!
1,Hilton,11,Hilton Hotel 11,Street 11,City_11,Country_11,146,246,Single,96.00,true,289,User_289,user289@gmail.com,289,289,Single,96.00,2025-03-10,2025-03-12,289,5,Great stay!
1,Hilton,11,Hilton Hotel 11,Street 11,City_11,Country_11,146,246,Single,96.00,true,290,User_290,user290@gmail.com,290,290,Single,96.00,2025-03-11,2025-03-13,290,2,Good experience
1,Hilton,11,Hilton Hotel 11,Street 11,City_11,Country_11,146,246,Single,96.00,true,291,User_291,user291@gmail.com,291,291,Single,96.00,2025-03-12,2025-03-14,291,3,Good experience
1,Hilton,11,Hilton Hotel 11,Street 11,City_11,Country_11,147,247,Double,97.00,true,292,User_292,user292@gmail.com,292,292,Double,97.00,2025-03-13,2025-03-15,292,2,Good experience
1,Hilton,11,Hilton Hotel 11,Street 11,City_11,Country_11,147,247,Double,97.00,true,293,User_293,user293@gmail.com,293,293,Double,97.00,2025-03-14,2025-03-16,293,1,Good experience
1,Hilton,11,Hilton Hotel 11,Street 11,City_11,Country_11,147,247,Double,97.00,true,294,User_294,user294@gmail.com,294,294,Double,97.00,2025-03-15,2025-03-17,294,3,Good experience
1,Hilton,11,Hilton Hotel 11,Street 11,City_11,Country_11,148,248,Single,98.00,true,295,User_295,user295@gmail.com,295,295,Single,98.00,2025-03-16,2025-03-18,295,5,Great stay!
1,Hilton,11,Hilton Hotel 11,Street 11,City_11,Country_11,148,248,Single,98.00,true,296,User_296,user296@gmail.com,296,296,Single,98.00,2025-03-17,2025-03-19,296,3,Good experience
1,Hilton,11,Hilton Hotel 11,Street 11,City_11,Country_11,149,249,Double,99.00,false,297,User_297,user297@gmail.com,297,297,Double,99.00,2025-03-18,2025-03-20,297,3,Good experience
1,Hilton,11,Hilton Hotel 11,Street 11,City_11,Country_11,149,249,Double,99.00,false,298,User_298,user298@gmail.com,298,298,Double,99.00,2025-03-19,2025-03-21,298,5,Great stay!
1,Hilton,11,Hilton Hotel 11,Street 11,City_11,Country_11,149,249,Double,99.00,false,299,User_299,user299@gmail.com,299,299,Double,99.00,2025-03-20,2025-03-22,299,2,Good experience
1,Hilton,11,Hilton Hotel 11,Street 11,City_11,Country_11,150,250,Single,50.00,true,300,User_300,user300@gmail.com,300,300,Single,50.00,2025-03-21,2025-03-23,300,3,Good experience
1,Hilton,11,Hilton Hotel 11,Street 11,City_11,Country_11,150,250,Single,50.00,true,301,User_301,user301@gmail.com,301,301,Single,50.00,2025-03-22,2025-03-24,301,4,Great stay!
1,Hilton,11,Hilton Hotel 11,Street 11,City_11,Country_11,151,251,Double,51.00,true,302,User_302,user302@gmail.com,302,302,Double,51.00,2025-03-23,2025-03-25,302,3,Good experience
1,Hilton,11,Hilton Hotel 11,Street 11,City_11,Country_11,151,251,Double,51.00,true,303,User_303,user303@gmail.com,303,303,Double,51.00,2025-03-24,2025-03-26,303,1,Good experience
1,Hilton,11,Hilton Hotel 11,Street 11,City_11,Country_11,152,252,Single,52.00,true,304,User_304,user304@gmail.com,304,304,Single,52.00,2025-03-25,2025-03-27,304,2,Good experience
1,Hilton,11,Hilton Hotel 11,Street 11,City_11,Country_11,152,252,Single,52.00,true,305,User_305,user305@gmail.com,305,305,Single,52.00,2025-03-26,2025-03-28,305,5,Great stay!
1,Hilton,11,Hilton Hotel 11,Street 11,City_11,Country_11,152,252,Single,52.00,true,306,User_306,user306@gmail.com,306,306,Single,52.00,2025-03-27,2025-03-29,306,4,Great stay!
1,Hilton,11,Hilton Hotel 11,Street 11,City_11,Country_11,153,253,Double,53.00,true,307,User_307,user307@gmail.com,307,307,Double,53.00,2025-03-28,2025-03-30,307,1,Good experience
1,Hilton,11,Hilton Hotel 11,Street 11,City_11,Country_11,153,253,Double,53.00,true,308,User_308,user308@gmail.com,308,308,Double,53.00,2025-03-1,2025-03-3,308,4,Great stay!
1,Hilton,11,Hilton Hotel 11,Street 11,City_11,Country_11,153,253,Double,53.00,true,309,User_309,user309@gmail.com,309,309,Double,53.00,2025-03-2,2025-03-4,309,4,Great stay!
1,Hilton,11,Hilton Hotel 11,Street 11,City_11,Country_11,154,254,Single,54.00,true,310,User_310,user310@gmail.com,310,310,Single,54.00,2025-03-3,2025-03-5,310,3,Good experience
1,Hilton,11,Hilton Hotel 11,Street 11,City_11,Country_11,155,255,Double,55.00,true,311,User_311,user311@gmail.com,311,311,Double,55.00,2025-03-4,2025-03-6,311,2,Good experience
1,Hilton,11,Hilton Hotel 11,Street 11,City_11,Country_11,155,255,Double,55.00,true,312,User_312,user312@gmail.com,312,312,Double,55.00,2025-03-5,2025-03-7,312,3,Good experience
1,Hilton,11,Hilton Hotel 11,Street 11,City_11,Country_11,155,255,Double,55.00,true,313,User_313,user313@gmail.com,313,313,Double,55.00,2025-03-6,2025-03-8,313,4,Great stay!
1,Hilton,11,Hilton Hotel 11,Street 11,City_11,Country_11,156,256,Single,56.00,true,314,User_314,user314@gmail.com,314,314,Single,56.00,2025-03-7,2025-03-9,314,4,Great stay!
1,Hilton,11,Hilton Hotel 11,Street 11,City_11,Country_11,156,256,Single,56.00,true,315,User_315,user315@gmail.com,315,315,Single,56.00,2025-03-8,2025-03-10,315,1,Good experience
1,Hilton,11,Hilton Hotel 11,Street 11,City_11,Country_11,156,256,Single,56.00,true,316,User_316,user316@gmail.com,316,316,Single,56.00,2025-03-9,2025-03-11,316,4,Great stay!
1,Hilton,11,Hilton Hotel 11,Street 11,City_11,Country_11,157,257,Double,57.00,true,317,User_317,user317@gmail.com,317,317,Double,57.00,2025-03-10,2025-03-12,317,3,Good experience
1,Hilton,11,Hilton Hotel 11,Street 11,City_11,Country_11,157,257,Double,57.00,true,318,User_318,user318@gmail.com,318,318,Double,57.00,2025-03-11,2025-03-13,318,4,Great stay!
1,Hilton,11,Hilton Hotel 11,Street 11,City_11,Country_11,157,257,Double,57.00,true,319,User_319,user319@gmail.com,319,319,Double,57.00,2025-03-12,2025-03-14,319,1,Good experience
1,Hilton,11,Hilton Hotel 11,Street 11,City_11,Country_11,158,258,Single,58.00,true,320,User_320,user320@gmail.com,320,320,Single,58.00,2025-03-13,2025-03-15,320,3,Good experience
1,Hilton,11,Hilton Hotel 11,Street 11,City_11,Country_11,158,258,Single,58.00,true,321,User_321,user321@gmail.com,321,321,Single,58.00,2025-03-14,2025-03-16,321,4,Great stay!
1,Hilton,11,Hilton Hotel 11,Street 11,City_11,Country_11,159,259,Double,59.00,true,322,User_322,user322@gmail.com,322,322,Double,59.00,2025-03-15,2025-03-17,322,3,Good experience
1,Hilton,11,Hilton Hotel 11,Street 11,City_11,Country_11,159,259,Double,59.00,true,323,User_323,user323@gmail.com,323,323,Double,59.00,2025-03-16,2025-03-18,323,5,Great stay!
1,Hilton,11,Hilton Hotel 11,Street 11,City_11,Country_11,159,259,Double,59.00,true,324,User_324,user324@gmail.com,324,324,Double,59.00,2025-03-17,2025-03-19,324,2,Good experience
1,Hilton,11,Hilton Hotel 11,Street 11,City_11,Country_11,160,260,Single,60.00,false,325,User_325,user325@gmail.com,325,325,Single,60.00,2025-03-18,2025-03-20,325,1,Good experience
1,Hilton,11,Hilton Hotel 11,Street 11,City_11,Country_11,161,261,Double,61.00,true,326,User_326,user326@gmail.com,326,326,Double,61.00,2025-03-19,2025-03-21,326,2,Good experience
1,Hilton,11,Hilton Hotel 11,Street 11,City_11,Country_11,161,261,Double,61.00,true,327,User_327,user327@gmail.com,327,327,Double,61.00,2025-03-20,2025-03-22,327,5,Great stay!
1,Hilton,11,Hilton Hotel 11,Street 11,City_11,Country_11,162,262,Single,62.00,true,328,User_328,user328@gmail.com,328,328,Single,62.00,2025-03-21,2025-03-23,328,5,Great stay!
1,Hilton,11,Hilton Hotel 11,Street 11,City_11,Country_11,162,262,Single,62.00,true,329,User_329,user329@gmail.com,329,329,Single,62.00,2025-03-22,2025-03-24,329,1,Good experience
1,Hilton,11,Hilton Hotel 11,Street 11,City_11,Country_11,163,263,Double,63.00,true,330,User_330,user330@gmail.com,330,330,Double,63.00,2025-03-23,2025-03-25,330,1,Good experience
1,Hilton,11,Hilton Hotel 11,Street 11,City_11,Country_11,163,263,Double,63.00,true,331,User_331,user331@gmail.com,331,331,Double,63.00,2025-03-24,2025-03-26,331,1,Good experience
1,Hilton,11,Hilton Hotel 11,Street 11,City_11,Country_11,164,264,Single,64.00,true,332,User_332,user332@gmail.com,332,332,Single,64.00,2025-03-25,2025-03-27,332,5,Great stay!
1,Hilton,11,Hilton Hotel 11,Street 11,City_11,Country_11,165,265,Double,65.00,true,333,User_333,user333@gmail.com,333,333,Double,65.00,2025-03-26,2025-03-28,333,3,Good experience
1,Hilton,11,Hilton Hotel 11,Street 11,City_11,Country_11,165,265,Double,65.00,true,334,User_334,user334@gmail.com,334,334,Double,65.00,2025-03-27,2025-03-29,334,1,Good experience
1,Hilton,11,Hilton Hotel 11,Street 11,City_11,Country_11,166,266,Single,66.00,false,335,User_335,user335@gmail.com,335,335,Single,66.00,2025-03-28,2025-03-30,335,5,Great stay!
1,Hilton,11,Hilton Hotel 11,Street 11,City_11,Country_11,167,267,Double,67.00,true,336,User_336,user336@gmail.com,336,336,Double,67.00,2025-03-1,2025-03-3,336,1,Good experience
1,Hilton,12,Hilton Hotel 12,Street 12,City_12,Country_12,168,268,Single,68.00,true,337,User_337,user337@gmail.com,337,337,Single,68.00,2025-03-2,2025-03-4,337,1,Good experience
1,Hilton,12,Hilton Hotel 12,Street 12,City_12,Country_12,169,269,Double,69.00,false,338,User_338,user338@gmail.com,338,338,Double,69.00,2025-03-3,2025-03-5,338,5,Great stay!
1,Hilton,12,Hilton Hotel 12,Street 12,City_12,Country_12,169,269,Double,69.00,false,339,User_339,user339@gmail.com,339,339,Double,69.00,2025-03-4,2025-03-6,339,3,Good experience
1,Hilton,12,Hilton Hotel 12,Street 12,City_12,Country_12,169,269,Double,69.00,false,340,User_340,user340@gmail.com,340,340,Double,69.00,2025-03-5,2025-03-7,340,5,Great stay!
1,Hilton,12,Hilton Hotel 12,Street 12,City_12,Country_12,170,270,Single,70.00,true,341,User_341,user341@gmail.com,341,341,Single,70.00,2025-03-6,2025-03-8,341,3,Good experience
1,Hilton,12,Hilton Hotel 12,Street 12,City_12,Country_12,170,270,Single,70.00,true,342,User_342,user342@gmail.com,342,342,Single,70.00,2025-03-7,2025-03-9,342,4,Great stay!
1,Hilton,12,Hilton Hotel 12,Street 12,City_12,Country_12,171,271,Double,71.00,true,343,User_343,user343@gmail.com,343,343,Double,71.00,2025-03-8,2025-03-10,343,4,Great stay!
1,Hilton,12,Hilton Hotel 12,Street 12,City_12,Country_12,172,272,Single,72.00,true,344,User_344,user344@gmail.com,344,344,Single,72.00,2025-03-9,2025-03-11,344,4,Great stay!
1,Hilton,12,Hilton Hotel 12,Street 12,City_12,Country_12,173,273,Double,73.00,false,345,User_345,user345@gmail.com,345,345,Double,73.00,2025-03-10,2025-03-12,345,2,Good experience
1,Hilton,12,Hilton Hotel 12,Street 12,City_12,Country_12,173,273,Double,73.00,false,346,User_346,user346@gmail.com,346,346,Double,73.00,2025-03-11,2025-03-13,346,5,Great stay!
1,Hilton,12,Hilton Hotel 12,Street 12,City_12,Country_12,173,273,Double,73.00,false,347,User_347,user347@gmail.com,347,347,Double,73.00,2025-03-12,2025-03-14,347,2,Good experience
1,Hilton,12,Hilton Hotel 12,Street 12,City_12,Country_12,174,274,Single,74.00,true,348,User_348,user348@gmail.com,348,348,Single,74.00,2025-03-13,2025-03-15,348,4,Great stay!
1,Hilton,12,Hilton Hotel 12,Street 12,City_12,Country_12,174,274,Single,74.00,true,349,User_349,user349@gmail.com,349,349,Single,74.00,2025-03-14,2025-03-16,349,2,Good experience
1,Hilton,12,Hilton Hotel 12,Street 12,City_12,Country_12,174,274,Single,74.00,true,350,User_350,user350@gmail.com,350,350,Single,74.00,2025-03-15,2025-03-17,350,2,Good experience
1,Hilton,12,Hilton Hotel 12,Street 12,City_12,Country_12,175,275,Double,75.00,true,351,User_351,user351@gmail.com,351,351,Double,75.00,2025-03-16,2025-03-18,351,1,Good experience
1,Hilton,12,Hilton Hotel 12,Street 12,City_12,Country_12,176,276,Single,76.00,true,352,User_352,user352@gmail.com,352,352,Single,76.00,2025-03-17,2025-03-19,352,2,Good experience
1,Hilton,12,Hilton Hotel 12,Street 12,City_12,Country_12,176,276,Single,76.00,true,353,User_353,user353@gmail.com,353,353,Single,76.00,2025-03-18,2025-03-20,353,1,Good experience
1,Hilton,12,Hilton Hotel 12,Street 12,City_12,Country_12,177,277,Double,77.00,true,354,User_354,user354@gmail.com,354,354,Double,77.00,2025-03-19,2025-03-21,354,4,Great stay!
1,Hilton,12,Hilton Hotel 12,Street 12,City_12,Country_12,178,278,Single,78.00,true,355,User_355,user355@gmail.com,355,355,Single,78.00,2025-03-20,2025-03-22,355,1,Good experience
1,Hilton,12,Hilton Hotel 12,Street 12,City_12,Country_12,178,278,Single,78.00,true,356,User_356,user356@gmail.com,356,356,Single,78.00,2025-03-21,2025-03-23,356,1,Good experience
1,Hilton,12,Hilton Hotel 12,Street 12,City_12,Country_12,178,278,Single,78.00,true,357,User_357,user357@gmail.com,357,357,Single,78.00,2025-03-22,2025-03-24,357,2,Good experience
1,Hilton,12,Hilton Hotel 12,Street 12,City_12,Country_12,179,279,Double,79.00,true,358,User_358,user358@gmail.com,358,358,Double,79.00,2025-03-23,2025-03-25,358,2,Good experience
1,Hilton,12,Hilton Hotel 12,Street 12,City_12,Country_12,179,279,Double,79.00,true,359,User_359,user359@gmail.com,359,359,Double,79.00,2025-03-24,2025-03-26,359,2,Good experience
1,Hilton,12,Hilton Hotel 12,Street 12,City_12,Country_12,179,279,Double,79.00,true,360,User_360,user360@gmail.com,360,360,Double,79.00,2025-03-25,2025-03-27,360,1,Good experience
1,Hilton,12,Hilton Hotel 12,Street 12,City_12,Country_12,180,280,Single,80.00,true,361,User_361,user361@gmail.com,361,361,Single,80.00,2025-03-26,2025-03-28,361,2,Good experience
1,Hilton,12,Hilton Hotel 12,Street 12,City_12,Country_12,180,280,Single,80.00,true,362,User_362,user362@gmail.com,362,362,Single,80.00,2025-03-27,2025-03-29,362,3,Good experience
1,Hilton,12,Hilton Hotel 12,Street 12,City_12,Country_12,180,280,Single,80.00,true,363,User_363,user363@gmail.com,363,363,Single,80.00,2025-03-28,2025-03-30,363,2,Good experience
1,Hilton,12,Hilton Hotel 12,Street 12,City_12,Country_12,181,281,Double,81.00,false,364,User_364,user364@gmail.com,364,364,Double,81.00,2025-03-1,2025-03-3,364,5,Great stay!
1,Hilton,12,Hilton Hotel 12,Street 12,City_12,Country_12,181,281,Double,81.00,false,365,User_365,user365@gmail.com,365,365,Double,81.00,2025-03-2,2025-03-4,365,4,Great stay!
1,Hilton,12,Hilton Hotel 12,Street 12,City_12,Country_12,181,281,Double,81.00,false,366,User_366,user366@gmail.com,366,366,Double,81.00,2025-03-3,2025-03-5,366,2,Good experience
1,Hilton,12,Hilton Hotel 12,Street 12,City_12,Country_12,182,282,Single,82.00,true,367,User_367,user367@gmail.com,367,367,Single,82.00,2025-03-4,2025-03-6,367,4,Great stay!
1,Hilton,12,Hilton Hotel 12,Street 12,City_12,Country_12,182,282,Single,82.00,true,368,User_368,user368@gmail.com,368,368,Single,82.00,2025-03-5,2025-03-7,368,3,Good experience
1,Hilton,12,Hilton Hotel 12,Street 12,City_12,Country_12,183,283,Double,83.00,false,369,User_369,user369@gmail.com,369,369,Double,83.00,2025-03-6,2025-03-8,369,2,Good experience
1,Hilton,12,Hilton Hotel 12,Street 12,City_12,Country_12,183,283,Double,83.00,false,370,User_370,user370@gmail.com,370,370,Double,83.00,2025-03-7,2025-03-9,370,3,Good experience
1,Hilton,12,Hilton Hotel 12,Street 12,City_12,Country_12,183,283,Double,83.00,false,371,User_371,user371@gmail.com,371,371,Double,83.00,2025-03-8,2025-03-10,371,5,Great stay!
1,Hilton,12,Hilton Hotel 12,Street 12,City_12,Country_12,184,284,Single,84.00,true,372,User_372,user372@gmail.com,372,372,Single,84.00,2025-03-9,2025-03-11,372,2,Good experience
1,Hilton,12,Hilton Hotel 12,Street 12,City_12,Country_12,184,284,Single,84.00,true,373,User_373,user373@gmail.com,373,373,Single,84.00,2025-03-10,2025-03-12,373,3,Good experience
1,Hilton,12,Hilton Hotel 12,Street 12,City_12,Country_12,184,284,Single,84.00,true,374,User_374,user374@gmail.com,374,374,Single,84.00,2025-03-11,2025-03-13,374,5,Great stay!
1,Hilton,12,Hilton Hotel 12,Street 12,City_12,Country_12,185,285,Double,85.00,false,375,User_375,user375@gmail.com,375,375,Double,85.00,2025-03-12,2025-03-14,375,2,Good experience
1,Hilton,12,Hilton Hotel 12,Street 12,City_12,Country_12,186,286,Single,86.00,false,376,User_376,user376@gmail.com,376,376,Single,86.00,2025-03-13,2025-03-15,376,4,Great stay!
1,Hilton,12,Hilton Hotel 12,Street 12,City_12,Country_12,186,286,Single,86.00,false,377,User_377,user377@gmail.com,377,377,Single,86.00,2025-03-14,2025-03-16,377,4,Great stay!
1,Hilton,12,Hilton Hotel 12,Street 12,City_12,Country_12,186,286,Single,86.00,false,378,User_378,user378@gmail.com,378,378,Single,86.00,2025-03-15,2025-03-17,378,5,Great stay!
1,Hilton,12,Hilton Hotel 12,Street 12,City_12,Country_12,187,287,Double,87.00,false,379,User_379,user379@gmail.com,379,379,Double,87.00,2025-03-16,2025-03-18,379,5,Great stay!
1,Hilton,12,Hilton Hotel 12,Street 12,City_12,Country_12,187,287,Double,87.00,false,380,User_380,user380@gmail.com,380,380,Double,87.00,2025-03-17,2025-03-19,380,2,Good experience
1,Hilton,12,Hilton Hotel 12,Street 12,City_12,Country_12,187,287,Double,87.00,false,381,User_381,user381@gmail.com,381,381,Double,87.00,2025-03-18,2025-03-20,381,1,Good experience
1,Hilton,12,Hilton Hotel 12,Street 12,City_12,Country_12,188,288,Single,88.00,false,382,User_382,user382@gmail.com,382,382,Single,88.00,2025-03-19,2025-03-21,382,5,Great stay!
1,Hilton,12,Hilton Hotel 12,Street 12,City_12,Country_12,188,288,Single,88.00,false,383,User_383,user383@gmail.com,383,383,Single,88.00,2025-03-20,2025-03-22,383,5,Great stay!
1,Hilton,12,Hilton Hotel 12,Street 12,City_12,Country_12,188,288,Single,88.00,false,384,User_384,user384@gmail.com,384,384,Single,88.00,2025-03-21,2025-03-23,384,4,Great stay!
1,Hilton,12,Hilton Hotel 12,Street 12,City_12,Country_12,189,289,Double,89.00,true,385,User_385,user385@gmail.com,385,385,Double,89.00,2025-03-22,2025-03-24,385,1,Good experience
1,Hilton,12,Hilton Hotel 12,Street 12,City_12,Country_12,190,290,Single,90.00,true,386,User_386,user386@gmail.com,386,386,Single,90.00,2025-03-23,2025-03-25,386,5,Great stay!
1,Hilton,12,Hilton Hotel 12,Street 12,City_12,Country_12,190,290,Single,90.00,true,387,User_387,user387@gmail.com,387,387,Single,90.00,2025-03-24,2025-03-26,387,5,Great stay!
1,Hilton,13,Hilton Hotel 13,Street 13,City_13,Country_13,191,291,Double,91.00,false,388,User_388,user388@gmail.com,388,388,Double,91.00,2025-03-25,2025-03-27,388,5,Great stay!
1,Hilton,13,Hilton Hotel 13,Street 13,City_13,Country_13,191,291,Double,91.00,false,389,User_389,user389@gmail.com,389,389,Double,91.00,2025-03-26,2025-03-28,389,1,Good experience
1,Hilton,13,Hilton Hotel 13,Street 13,City_13,Country_13,192,292,Single,92.00,true,390,User_390,user390@gmail.com,390,390,Single,92.00,2025-03-27,2025-03-29,390,2,Good experience
1,Hilton,13,Hilton Hotel 13,Street 13,City_13,Country_13,193,293,Double,93.00,false,391,User_391,user391@gmail.com,391,391,Double,93.00,2025-03-28,2025-03-30,391,5,Great stay!
1,Hilton,13,Hilton Hotel 13,Street 13,City_13,Country_13,193,293,Double,93.00,false,392,User_392,user392@gmail.com,392,392,Double,93.00,2025-03-1,2025-03-3,392,2,Good experience
1,Hilton,13,Hilton Hotel 13,Street 13,City_13,Country_13,194,294,Single,94.00,true,393,User_393,user393@gmail.com,393,393,Single,94.00,2025-03-2,2025-03-4,393,5,Great stay!
1,Hilton,13,Hilton Hotel 13,Street 13,City_13,Country_13,195,295,Double,95.00,false,394,User_394,user394@gmail.com,394,394,Double,95.00,2025-03-3,2025-03-5,394,2,Good experience
1,Hilton,13,Hilton Hotel 13,Street 13,City_13,Country_13,195,295,Double,95.00,false,395,User_395,user395@gmail.com,395,395,Double,95.00,2025-03-4,2025-03-6,395,1,Good experience
1,Hilton,13,Hilton Hotel 13,Street 13,City_13,Country_13,196,296,Single,96.00,true,396,User_396,user396@gmail.com,396,396,Single,96.00,2025-03-5,2025-03-7,396,1,Good experience
1,Hilton,13,Hilton Hotel 13,Street 13,City_13,Country_13,196,296,Single,96.00,true,397,User_397,user397@gmail.com,397,397,Single,96.00,2025-03-6,2025-03-8,397,3,Good experience
1,Hilton,13,Hilton Hotel 13,Street 13,City_13,Country_13,196,296,Single,96.00,true,398,User_398,user398@gmail.com,398,398,Single,96.00,2025-03-7,2025-03-9,398,3,Good experience
1,Hilton,13,Hilton Hotel 13,Street 13,City_13,Country_13,197,297,Double,97.00,true,399,User_399,user399@gmail.com,399,399,Double,97.00,2025-03-8,2025-03-10,399,2,Good experience
1,Hilton,13,Hilton Hotel 13,Street 13,City_13,Country_13,198,298,Single,98.00,false,400,User_400,user400@gmail.com,400,400,Single,98.00,2025-03-9,2025-03-11,400,2,Good experience
1,Hilton,13,Hilton Hotel 13,Street 13,City_13,Country_13,199,299,Double,99.00,false,401,User_401,user401@gmail.com,401,401,Double,99.00,2025-03-10,2025-03-12,401,2,Good experience
1,Hilton,13,Hilton Hotel 13,Street 13,City_13,Country_13,199,299,Double,99.00,false,402,User_402,user402@gmail.com,402,402,Double,99.00,2025-03-11,2025-03-13,402,4,Great stay!
1,Hilton,13,Hilton Hotel 13,Street 13,City_13,Country_13,199,299,Double,99.00,false,403,User_403,user403@gmail.com,403,403,Double,99.00,2025-03-12,2025-03-14,403,2,Good experience
1,Hilton,13,Hilton Hotel 13,Street 13,City_13,Country_13,200,300,Single,50.00,true,404,User_404,user404@gmail.com,404,404,Single,50.00,2025-03-13,2025-03-15,404,2,Good experience
1,Hilton,13,Hilton Hotel 13,Street 13,City_13,Country_13,200,300,Single,50.00,true,405,User_405,user405@gmail.com,405,405,Single,50.00,2025-03-14,2025-03-16,405,1,Good experience
1,Hilton,13,Hilton Hotel 13,Street 13,City_13,Country_13,201,301,Double,51.00,true,406,User_406,user406@gmail.com,406,406,Double,51.00,2025-03-15,2025-03-17,406,4,Great stay!
1,Hilton,13,Hilton Hotel 13,Street 13,City_13,Country_13,202,302,Single,52.00,true,407,User_407,user407@gmail.com,407,407,Single,52.00,2025-03-16,2025-03-18,407,2,Good experience
1,Hilton,13,Hilton Hotel 13,Street 13,City_13,Country_13,202,302,Single,52.00,true,408,User_408,user408@gmail.com,408,408,Single,52.00,2025-03-17,2025-03-19,408,1,Good experience
1,Hilton,13,Hilton Hotel 13,Street 13,City_13,Country_13,203,303,Double,53.00,true,409,User_409,user409@gmail.com,409,409,Double,53.00,2025-03-18,2025-03-20,409,3,Good experience
1,Hilton,13,Hilton Hotel 13,Street 13,City_13,Country_13,203,303,Double,53.00,true,410,User_410,user410@gmail.com,410,410,Double,53.00,2025-03-19,2025-03-21,410,2,Good experience
1,Hilton,13,Hilton Hotel 13,Street 13,City_13,Country_13,203,303,Double,53.00,true,411,User_411,user411@gmail.com,411,411,Double,53.00,2025-03-20,2025-03-22,411,5,Great stay!
1,Hilton,13,Hilton Hotel 13,Street 13,City_13,Country_13,204,304,Single,54.00,true,412,User_412,user412@gmail.com,412,412,Single,54.00,2025-03-21,2025-03-23,412,4,Great stay!
1,Hilton,13,Hilton Hotel 13,Street 13,City_13,Country_13,204,304,Single,54.00,true,413,User_413,user413@gmail.com,413,413,Single,54.00,2025-03-22,2025-03-24,413,2,Good experience
1,Hilton,13,Hilton Hotel 13,Street 13,City_13,Country_13,204,304,Single,54.00,true,414,User_414,user414@gmail.com,414,414,Single,54.00,2025-03-23,2025-03-25,414,3,Good experience
1,Hilton,13,Hilton Hotel 13,Street 13,City_13,Country_13,205,305,Double,55.00,true,415,User_415,user415@gmail.com,415,415,Double,55.00,2025-03-24,2025-03-26,415,1,Good experience
1,Hilton,13,Hilton Hotel 13,Street 13,City_13,Country_13,205,305,Double,55.00,true,416,User_416,user416@gmail.com,416,416,Double,55.00,2025-03-25,2025-03-27,416,1,Good experience
1,Hilton,13,Hilton Hotel 13,Street 13,City_13,Country_13,205,305,Double,55.00,true,417,User_417,user417@gmail.com,417,417,Double,55.00,2025-03-26,2025-03-28,417,4,Great stay!
1,Hilton,13,Hilton Hotel 13,Street 13,City_13,Country_13,206,306,Single,56.00,true,418,User_418,user418@gmail.com,418,418,Single,56.00,2025-03-27,2025-03-29,418,4,Great stay!
1,Hilton,14,Hilton Hotel 14,Street 14,City_14,Country_14,207,307,Double,57.00,true,419,User_419,user419@gmail.com,419,419,Double,57.00,2025-03-28,2025-03-30,419,1,Good experience
1,Hilton,14,Hilton Hotel 14,Street 14,City_14,Country_14,207,307,Double,57.00,true,420,User_420,user420@gmail.com,420,420,Double,57.00,2025-03-1,2025-03-3,420,2,Good experience
1,Hilton,14,Hilton Hotel 14,Street 14,City_14,Country_14,208,308,Single,58.00,true,421,User_421,user421@gmail.com,421,421,Single,58.00,2025-03-2,2025-03-4,421,5,Great stay!
1,Hilton,14,Hilton Hotel 14,Street 14,City_14,Country_14,208,308,Single,58.00,true,422,User_422,user422@gmail.com,422,422,Single,58.00,2025-03-3,2025-03-5,422,4,Great stay!
1,Hilton,14,Hilton Hotel 14,Street 14,City_14,Country_14,208,308,Single,58.00,true,423,User_423,user423@gmail.com,423,423,Single,58.00,2025-03-4,2025-03-6,423,4,Great stay!
1,Hilton,14,Hilton Hotel 14,Street 14,City_14,Country_14,209,309,Double,59.00,true,424,User_424,user424@gmail.com,424,424,Double,59.00,2025-03-5,2025-03-7,424,2,Good experience
1,Hilton,14,Hilton Hotel 14,Street 14,City_14,Country_14,209,309,Double,59.00,true,425,User_425,user425@gmail.com,425,425,Double,59.00,2025-03-6,2025-03-8,425,2,Good experience
1,Hilton,14,Hilton Hotel 14,Street 14,City_14,Country_14,209,309,Double,59.00,true,426,User_426,user426@gmail.com,426,426,Double,59.00,2025-03-7,2025-03-9,426,5,Great stay!
1,Hilton,14,Hilton Hotel 14,Street 14,City_14,Country_14,210,310,Single,60.00,true,427,User_427,user427@gmail.com,427,427,Single,60.00,2025-03-8,2025-03-10,427,5,Great stay!
1,Hilton,14,Hilton Hotel 14,Street 14,City_14,Country_14,210,310,Single,60.00,true,428,User_428,user428@gmail.com,428,428,Single,60.00,2025-03-9,2025-03-11,428,2,Good experience
1,Hilton,14,Hilton Hotel 14,Street 14,City_14,Country_14,210,310,Single,60.00,true,429,User_429,user429@gmail.com,429,429,Single,60.00,2025-03-10,2025-03-12,429,1,Good experience
1,Hilton,14,Hilton Hotel 14,Street 14,City_14,Country_14,211,311,Double,61.00,true,430,User_430,user430@gmail.com,430,430,Double,61.00,2025-03-11,2025-03-13,430,2,Good experience
1,Hilton,14,Hilton Hotel 14,Street 14,City_14,Country_14,212,312,Single,62.00,false,431,User_431,user431@gmail.com,431,431,Single,62.00,2025-03-12,2025-03-14,431,3,Good experience
1,Hilton,14,Hilton Hotel 14,Street 14,City_14,Country_14,212,312,Single,62.00,false,432,User_432,user432@gmail.com,432,432,Single,62.00,2025-03-13,2025-03-15,432,3,Good experience
1,Hilton,14,Hilton Hotel 14,Street 14,City_14,Country_14,212,312,Single,62.00,false,433,User_433,user433@gmail.com,433,433,Single,62.00,2025-03-14,2025-03-16,433,2,Good experience
1,Hilton,14,Hilton Hotel 14,Street 14,City_14,Country_14,213,313,Double,63.00,true,434,User_434,user434@gmail.com,434,434,Double,63.00,2025-03-15,2025-03-17,434,4,Great stay!
1,Hilton,14,Hilton Hotel 14,Street 14,City_14,Country_14,214,314,Single,64.00,true,435,User_435,user435@gmail.com,435,435,Single,64.00,2025-03-16,2025-03-18,435,5,Great stay!
1,Hilton,14,Hilton Hotel 14,Street 14,City_14,Country_14,214,314,Single,64.00,true,436,User_436,user436@gmail.com,436,436,Single,64.00,2025-03-17,2025-03-19,436,4,Great stay!
1,Hilton,14,Hilton Hotel 14,Street 14,City_14,Country_14,215,315,Double,65.00,true,437,User_437,user437@gmail.com,437,437,Double,65.00,2025-03-18,2025-03-20,437,2,Good experience
1,Hilton,14,Hilton Hotel 14,Street 14,City_14,Country_14,215,315,Double,65.00,true,438,User_438,user438@gmail.com,438,438,Double,65.00,2025-03-19,2025-03-21,438,4,Great stay!
1,Hilton,14,Hilton Hotel 14,Street 14,City_14,Country_14,215,315,Double,65.00,true,439,User_439,user439@gmail.com,439,439,Double,65.00,2025-03-20,2025-03-22,439,3,Good experience
1,Hilton,15,Hilton Hotel 15,Street 15,City_15,Country_15,216,316,Single,66.00,true,440,User_440,user440@gmail.com,440,440,Single,66.00,2025-03-21,2025-03-23,440,1,Good experience
1,Hilton,15,Hilton Hotel 15,Street 15,City_15,Country_15,217,317,Double,67.00,false,441,User_441,user441@gmail.com,441,441,Double,67.00,2025-03-22,2025-03-24,441,5,Great stay!
1,Hilton,15,Hilton Hotel 15,Street 15,City_15,Country_15,218,318,Single,68.00,true,442,User_442,user442@gmail.com,442,442,Single,68.00,2025-03-23,2025-03-25,442,2,Good experience
1,Hilton,15,Hilton Hotel 15,Street 15,City_15,Country_15,219,319,Double,69.00,false,443,User_443,user443@gmail.com,443,443,Double,69.00,2025-03-24,2025-03-26,443,2,Good experience
1,Hilton,15,Hilton Hotel 15,Street 15,City_15,Country_15,219,319,Double,69.00,false,444,User_444,user444@gmail.com,444,444,Double,69.00,2025-03-25,2025-03-27,444,5,Great stay!
1,Hilton,15,Hilton Hotel 15,Street 15,City_15,Country_15,220,320,Single,70.00,false,445,User_445,user445@gmail.com,445,445,Single,70.00,2025-03-26,2025-03-28,445,5,Great stay!
1,Hilton,15,Hilton Hotel 15,Street 15,City_15,Country_15,221,321,Double,71.00,false,446,User_446,user446@gmail.com,446,446,Double,71.00,2025-03-27,2025-03-29,446,5,Great stay!
1,Hilton,15,Hilton Hotel 15,Street 15,City_15,Country_15,222,322,Single,72.00,true,447,User_447,user447@gmail.com,447,447,Single,72.00,2025-03-28,2025-03-30,447,1,Good experience
1,Hilton,15,Hilton Hotel 15,Street 15,City_15,Country_15,223,323,Double,73.00,true,448,User_448,user448@gmail.com,448,448,Double,73.00,2025-03-1,2025-03-3,448,1,Good experience
1,Hilton,15,Hilton Hotel 15,Street 15,City_15,Country_15,224,324,Single,74.00,true,449,User_449,user449@gmail.com,449,449,Single,74.00,2025-03-2,2025-03-4,449,2,Good experience
1,Hilton,15,Hilton Hotel 15,Street 15,City_15,Country_15,225,325,Double,75.00,true,450,User_450,user450@gmail.com,450,450,Double,75.00,2025-03-3,2025-03-5,450,1,Good experience
1,Hilton,15,Hilton Hotel 15,Street 15,City_15,Country_15,225,325,Double,75.00,true,451,User_451,user451@gmail.com,451,451,Double,75.00,2025-03-4,2025-03-6,451,4,Great stay!
1,Hilton,15,Hilton Hotel 15,Street 15,City_15,Country_15,225,325,Double,75.00,true,452,User_452,user452@gmail.com,452,452,Double,75.00,2025-03-5,2025-03-7,452,4,Great stay!
1,Hilton,15,Hilton Hotel 15,Street 15,City_15,Country_15,226,326,Single,76.00,true,453,User_453,user453@gmail.com,453,453,Single,76.00,2025-03-6,2025-03-8,453,3,Good experience
1,Hilton,15,Hilton Hotel 15,Street 15,City_15,Country_15,226,326,Single,76.00,true,454,User_454,user454@gmail.com,454,454,Single,76.00,2025-03-7,2025-03-9,454,3,Good experience
1,Hilton,15,Hilton Hotel 15,Street 15,City_15,Country_15,227,327,Double,77.00,false,455,User_455,user455@gmail.com,455,455,Double,77.00,2025-03-8,2025-03-10,455,5,Great stay!
1,Hilton,15,Hilton Hotel 15,Street 15,City_15,Country_15,227,327,Double,77.00,false,456,User_456,user456@gmail.com,456,456,Double,77.00,2025-03-9,2025-03-11,456,3,Good experience
1,Hilton,15,Hilton Hotel 15,Street 15,City_15,Country_15,227,327,Double,77.00,false,457,User_457,user457@gmail.com,457,457,Double,77.00,2025-03-10,2025-03-12,457,2,Good experience
1,Hilton,15,Hilton Hotel 15,Street 15,City_15,Country_15,228,328,Single,78.00,true,458,User_458,user458@gmail.com,458,458,Single,78.00,2025-03-11,2025-03-13,458,3,Good experience
1,Hilton,15,Hilton Hotel 15,Street 15,City_15,Country_15,228,328,Single,78.00,true,459,User_459,user459@gmail.com,459,459,Single,78.00,2025-03-12,2025-03-14,459,3,Good experience
1,Hilton,15,Hilton Hotel 15,Street 15,City_15,Country_15,228,328,Single,78.00,true,460,User_460,user460@gmail.com,460,460,Single,78.00,2025-03-13,2025-03-15,460,3,Good experience
1,Hilton,15,Hilton Hotel 15,Street 15,City_15,Country_15,229,329,Double,79.00,true,461,User_461,user461@gmail.com,461,461,Double,79.00,2025-03-14,2025-03-16,461,3,Good experience
1,Hilton,15,Hilton Hotel 15,Street 15,City_15,Country_15,229,329,Double,79.00,true,462,User_462,user462@gmail.com,462,462,Double,79.00,2025-03-15,2025-03-17,462,2,Good experience
1,Hilton,15,Hilton Hotel 15,Street 15,City_15,Country_15,230,330,Single,80.00,true,463,User_463,user463@gmail.com,463,463,Single,80.00,2025-03-16,2025-03-18,463,3,Good experience
1,Hilton,15,Hilton Hotel 15,Street 15,City_15,Country_15,231,331,Double,81.00,true,464,User_464,user464@gmail.com,464,464,Double,81.00,2025-03-17,2025-03-19,464,3,Good experience
1,Hilton,15,Hilton Hotel 15,Street 15,City_15,Country_15,231,331,Double,81.00,true,465,User_465,user465@gmail.com,465,465,Double,81.00,2025-03-18,2025-03-20,465,3,Good experience
1,Hilton,15,Hilton Hotel 15,Street 15,City_15,Country_15,231,331,Double,81.00,true,466,User_466,user466@gmail.com,466,466,Double,81.00,2025-03-19,2025-03-21,466,3,Good experience
1,Hilton,15,Hilton Hotel 15,Street 15,City_15,Country_15,232,332,Single,82.00,true,467,User_467,user467@gmail.com,467,467,Single,82.00,2025-03-20,2025-03-22,467,3,Good experience
1,Hilton,16,Hilton Hotel 16,Street 16,City_16,Country_16,233,333,Double,83.00,true,468,User_468,user468@gmail.com,468,468,Double,83.00,2025-03-21,2025-03-23,468,5,Great stay!
1,Hilton,16,Hilton Hotel 16,Street 16,City_16,Country_16,233,333,Double,83.00,true,469,User_469,user469@gmail.com,469,469,Double,83.00,2025-03-22,2025-03-24,469,3,Good experience
1,Hilton,16,Hilton Hotel 16,Street 16,City_16,Country_16,233,333,Double,83.00,true,470,User_470,user470@gmail.com,470,470,Double,83.00,2025-03-23,2025-03-25,470,3,Good experience
1,Hilton,16,Hilton Hotel 16,Street 16,City_16,Country_16,234,334,Single,84.00,true,471,User_471,user471@gmail.com,471,471,Single,84.00,2025-03-24,2025-03-26,471,4,Great stay!
1,Hilton,16,Hilton Hotel 16,Street 16,City_16,Country_16,234,334,Single,84.00,true,472,User_472,user472@gmail.com,472,472,Single,84.00,2025-03-25,2025-03-27,472,4,Great stay!
1,Hilton,16,Hilton Hotel 16,Street 16,City_16,Country_16,234,334,Single,84.00,true,473,User_473,user473@gmail.com,473,473,Single,84.00,2025-03-26,2025-03-28,473,3,Good experience
1,Hilton,16,Hilton Hotel 16,Street 16,City_16,Country_16,235,335,Double,85.00,true,474,User_474,user474@gmail.com,474,474,Double,85.00,2025-03-27,2025-03-29,474,5,Great stay!
1,Hilton,16,Hilton Hotel 16,Street 16,City_16,Country_16,235,335,Double,85.00,true,475,User_475,user475@gmail.com,475,475,Double,85.00,2025-03-28,2025-03-30,475,4,Great stay!
1,Hilton,16,Hilton Hotel 16,Street 16,City_16,Country_16,235,335,Double,85.00,true,476,User_476,user476@gmail.com,476,476,Double,85.00,2025-03-1,2025-03-3,476,3,Good experience
1,Hilton,16,Hilton Hotel 16,Street 16,City_16,Country_16,236,336,Single,86.00,false,477,User_477,user477@gmail.com,477,477,Single,86.00,2025-03-2,2025-03-4,477,4,Great stay!
1,Hilton,16,Hilton Hotel 16,Street 16,City_16,Country_16,236,336,Single,86.00,false,478,User_478,user478@gmail.com,478,478,Single,86.00,2025-03-3,2025-03-5,478,1,Good experience
1,Hilton,16,Hilton Hotel 16,Street 16,City_16,Country_16,237,337,Double,87.00,true,479,User_479,user479@gmail.com,479,479,Double,87.00,2025-03-4,2025-03-6,479,3,Good experience
1,Hilton,16,Hilton Hotel 16,Street 16,City_16,Country_16,237,337,Double,87.00,true,480,User_480,user480@gmail.com,480,480,Double,87.00,2025-03-5,2025-03-7,480,2,Good experience
1,Hilton,16,Hilton Hotel 16,Street 16,City_16,Country_16,238,338,Single,88.00,true,481,User_481,user481@gmail.com,481,481,Single,88.00,2025-03-6,2025-03-8,481,3,Good experience
1,Hilton,16,Hilton Hotel 16,Street 16,City_16,Country_16,238,338,Single,88.00,true,482,User_482,user482@gmail.com,482,482,Single,88.00,2025-03-7,2025-03-9,482,5,Great stay!
1,Hilton,16,Hilton Hotel 16,Street 16,City_16,Country_16,238,338,Single,88.00,true,483,User_483,user483@gmail.com,483,483,Single,88.00,2025-03-8,2025-03-10,483,4,Great stay!
1,Hilton,16,Hilton Hotel 16,Street 16,City_16,Country_16,239,339,Double,89.00,false,484,User_484,user484@gmail.com,484,484,Double,89.00,2025-03-9,2025-03-11,484,5,Great stay!
1,Hilton,16,Hilton Hotel 16,Street 16,City_16,Country_16,239,339,Double,89.00,false,485,User_485,user485@gmail.com,485,485,Double,89.00,2025-03-10,2025-03-12,485,4,Great stay!
1,Hilton,16,Hilton Hotel 16,Street 16,City_16,Country_16,240,340,Single,90.00,false,486,User_486,user486@gmail.com,486,486,Single,90.00,2025-03-11,2025-03-13,486,2,Good experience
1,Hilton,16,Hilton Hotel 16,Street 16,City_16,Country_16,240,340,Single,90.00,false,487,User_487,user487@gmail.com,487,487,Single,90.00,2025-03-12,2025-03-14,487,1,Good experience
1,Hilton,16,Hilton Hotel 16,Street 16,City_16,Country_16,241,341,Double,91.00,true,488,User_488,user488@gmail.com,488,488,Double,91.00,2025-03-13,2025-03-15,488,1,Good experience
1,Hilton,16,Hilton Hotel 16,Street 16,City_16,Country_16,241,341,Double,91.00,true,489,User_489,user489@gmail.com,489,489,Double,91.00,2025-03-14,2025-03-16,489,1,Good experience
1,Hilton,16,Hilton Hotel 16,Street 16,City_16,Country_16,241,341,Double,91.00,true,490,User_490,user490@gmail.com,490,490,Double,91.00,2025-03-15,2025-03-17,490,4,Great stay!
1,Hilton,16,Hilton Hotel 16,Street 16,City_16,Country_16,242,342,Single,92.00,true,491,User_491,user491@gmail.com,491,491,Single,92.00,2025-03-16,2025-03-18,491,3,Good experience
1,Hilton,16,Hilton Hotel 16,Street 16,City_16,Country_16,242,342,Single,92.00,true,492,User_492,user492@gmail.com,492,492,Single,92.00,2025-03-17,2025-03-19,492,1,Good experience
1,Hilton,16,Hilton Hotel 16,Street 16,City_16,Country_16,243,343,Double,93.00,true,493,User_493,user493@gmail.com,493,493,Double,93.00,2025-03-18,2025-03-20,493,1,Good experience
1,Hilton,16,Hilton Hotel 16,Street 16,City_16,Country_16,243,343,Double,93.00,true,494,User_494,user494@gmail.com,494,494,Double,93.00,2025-03-19,2025-03-21,494,1,Good experience
1,Hilton,16,Hilton Hotel 16,Street 16,City_16,Country_16,243,343,Double,93.00,true,495,User_495,user495@gmail.com,495,495,Double,93.00,2025-03-20,2025-03-22,495,4,Great stay!
1,Hilton,16,Hilton Hotel 16,Street 16,City_16,Country_16,244,344,Single,94.00,true,496,User_496,user496@gmail.com,496,496,Single,94.00,2025-03-21,2025-03-23,496,1,Good experience
1,Hilton,16,Hilton Hotel 16,Street 16,City_16,Country_16,244,344,Single,94.00,true,497,User_497,user497@gmail.com,497,497,Single,94.00,2025-03-22,2025-03-24,497,5,Great stay!
1,Hilton,17,Hilton Hotel 17,Street 17,City_17,Country_17,245,345,Double,95.00,true,498,User_498,user498@gmail.com,498,498,Double,95.00,2025-03-23,2025-03-25,498,1,Good experience
1,Hilton,17,Hilton Hotel 17,Street 17,City_17,Country_17,245,345,Double,95.00,true,499,User_499,user499@gmail.com,499,499,Double,95.00,2025-03-24,2025-03-26,499,2,Good experience
1,Hilton,17,Hilton Hotel 17,Street 17,City_17,Country_17,245,345,Double,95.00,true,500,User_500,user500@gmail.com,500,500,Double,95.00,2025-03-25,2025-03-27,500,3,Good experience
1,Hilton,17,Hilton Hotel 17,Street 17,City_17,Country_17,246,346,Single,96.00,true,501,User_501,user501@gmail.com,501,501,Single,96.00,2025-03-26,2025-03-28,501,5,Great stay!
1,Hilton,17,Hilton Hotel 17,Street 17,City_17,Country_17,247,347,Double,97.00,true,502,User_502,user502@gmail.com,502,502,Double,97.00,2025-03-27,2025-03-29,502,5,Great stay!
1,Hilton,17,Hilton Hotel 17,Street 17,City_17,Country_17,247,347,Double,97.00,true,503,User_503,user503@gmail.com,503,503,Double,97.00,2025-03-28,2025-03-30,503,1,Good experience
1,Hilton,17,Hilton Hotel 17,Street 17,City_17,Country_17,248,348,Single,98.00,true,504,User_504,user504@gmail.com,504,504,Single,98.00,2025-03-1,2025-03-3,504,2,Good experience
1,Hilton,17,Hilton Hotel 17,Street 17,City_17,Country_17,249,349,Double,99.00,false,505,User_505,user505@gmail.com,505,505,Double,99.00,2025-03-2,2025-03-4,505,5,Great stay!
1,Hilton,17,Hilton Hotel 17,Street 17,City_17,Country_17,250,350,Single,50.00,true,506,User_506,user506@gmail.com,506,506,Single,50.00,2025-03-3,2025-03-5,506,2,Good experience
1,Hilton,17,Hilton Hotel 17,Street 17,City_17,Country_17,250,350,Single,50.00,true,507,User_507,user507@gmail.com,507,507,Single,50.00,2025-03-4,2025-03-6,507,2,Good experience
1,Hilton,17,Hilton Hotel 17,Street 17,City_17,Country_17,251,351,Double,51.00,true,508,User_508,user508@gmail.com,508,508,Double,51.00,2025-03-5,2025-03-7,508,2,Good experience
1,Hilton,17,Hilton Hotel 17,Street 17,City_17,Country_17,251,351,Double,51.00,true,509,User_509,user509@gmail.com,509,509,Double,51.00,2025-03-6,2025-03-8,509,1,Good experience
1,Hilton,17,Hilton Hotel 17,Street 17,City_17,Country_17,251,351,Double,51.00,true,510,User_510,user510@gmail.com,510,510,Double,51.00,2025-03-7,2025-03-9,510,5,Great stay!
1,Hilton,17,Hilton Hotel 17,Street 17,City_17,Country_17,252,352,Single,52.00,true,511,User_511,user511@gmail.com,511,511,Single,52.00,2025-03-8,2025-03-10,511,5,Great stay!
1,Hilton,17,Hilton Hotel 17,Street 17,City_17,Country_17,252,352,Single,52.00,true,512,User_512,user512@gmail.com,512,512,Single,52.00,2025-03-9,2025-03-11,512,2,Good experience
1,Hilton,17,Hilton Hotel 17,Street 17,City_17,Country_17,252,352,Single,52.00,true,513,User_513,user513@gmail.com,513,513,Single,52.00,2025-03-10,2025-03-12,513,2,Good experience
1,Hilton,17,Hilton Hotel 17,Street 17,City_17,Country_17,253,353,Double,53.00,true,514,User_514,user514@gmail.com,514,514,Double,53.00,2025-03-11,2025-03-13,514,2,Good experience
1,Hilton,17,Hilton Hotel 17,Street 17,City_17,Country_17,254,354,Single,54.00,true,515,User_515,user515@gmail.com,515,515,Single,54.00,2025-03-12,2025-03-14,515,1,Good experience
1,Hilton,17,Hilton Hotel 17,Street 17,City_17,Country_17,254,354,Single,54.00,true,516,User_516,user516@gmail.com,516,516,Single,54.00,2025-03-13,2025-03-15,516,5,Great stay!
1,Hilton,17,Hilton Hotel 17,Street 17,City_17,Country_17,254,354,Single,54.00,true,517,User_517,user517@gmail.com,517,517,Single,54.00,2025-03-14,2025-03-16,517,4,Great stay!
1,Hilton,17,Hilton Hotel 17,Street 17,City_17,Country_17,255,355,Double,55.00,true,518,User_518,user518@gmail.com,518,518,Double,55.00,2025-03-15,2025-03-17,518,2,Good experience
1,Hilton,17,Hilton Hotel 17,Street 17,City_17,Country_17,255,355,Double,55.00,true,519,User_519,user519@gmail.com,519,519,Double,55.00,2025-03-16,2025-03-18,519,1,Good experience
1,Hilton,17,Hilton Hotel 17,Street 17,City_17,Country_17,255,355,Double,55.00,true,520,User_520,user520@gmail.com,520,520,Double,55.00,2025-03-17,2025-03-19,520,4,Great stay!
1,Hilton,18,Hilton Hotel 18,Street 18,City_18,Country_18,256,356,Single,56.00,true,521,User_521,user521@gmail.com,521,521,Single,56.00,2025-03-18,2025-03-20,521,4,Great stay!
1,Hilton,18,Hilton Hotel 18,Street 18,City_18,Country_18,257,357,Double,57.00,true,522,User_522,user522@gmail.com,522,522,Double,57.00,2025-03-19,2025-03-21,522,5,Great stay!
1,Hilton,18,Hilton Hotel 18,Street 18,City_18,Country_18,258,358,Single,58.00,true,523,User_523,user523@gmail.com,523,523,Single,58.00,2025-03-20,2025-03-22,523,5,Great stay!
1,Hilton,18,Hilton Hotel 18,Street 18,City_18,Country_18,258,358,Single,58.00,true,524,User_524,user524@gmail.com,524,524,Single,58.00,2025-03-21,2025-03-23,524,3,Good experience
1,Hilton,18,Hilton Hotel 18,Street 18,City_18,Country_18,259,359,Double,59.00,false,525,User_525,user525@gmail.com,525,525,Double,59.00,2025-03-22,2025-03-24,525,1,Good experience
1,Hilton,18,Hilton Hotel 18,Street 18,City_18,Country_18,259,359,Double,59.00,false,526,User_526,user526@gmail.com,526,526,Double,59.00,2025-03-23,2025-03-25,526,4,Great stay!
1,Hilton,18,Hilton Hotel 18,Street 18,City_18,Country_18,259,359,Double,59.00,false,527,User_527,user527@gmail.com,527,527,Double,59.00,2025-03-24,2025-03-26,527,2,Good experience
1,Hilton,18,Hilton Hotel 18,Street 18,City_18,Country_18,260,360,Single,60.00,true,528,User_528,user528@gmail.com,528,528,Single,60.00,2025-03-25,2025-03-27,528,4,Great stay!
1,Hilton,18,Hilton Hotel 18,Street 18,City_18,Country_18,261,361,Double,61.00,true,529,User_529,user529@gmail.com,529,529,Double,61.00,2025-03-26,2025-03-28,529,3,Good experience
1,Hilton,18,Hilton Hotel 18,Street 18,City_18,Country_18,262,362,Single,62.00,true,530,User_530,user530@gmail.com,530,530,Single,62.00,2025-03-27,2025-03-29,530,4,Great stay!
1,Hilton,18,Hilton Hotel 18,Street 18,City_18,Country_18,262,362,Single,62.00,true,531,User_531,user531@gmail.com,531,531,Single,62.00,2025-03-28,2025-03-30,531,4,Great stay!
1,Hilton,18,Hilton Hotel 18,Street 18,City_18,Country_18,263,363,Double,63.00,true,532,User_532,user532@gmail.com,532,532,Double,63.00,2025-03-1,2025-03-3,532,2,Good experience
1,Hilton,18,Hilton Hotel 18,Street 18,City_18,Country_18,264,364,Single,64.00,true,533,User_533,user533@gmail.com,533,533,Single,64.00,2025-03-2,2025-03-4,533,1,Good experience
1,Hilton,18,Hilton Hotel 18,Street 18,City_18,Country_18,265,365,Double,65.00,true,534,User_534,user534@gmail.com,534,534,Double,65.00,2025-03-3,2025-03-5,534,5,Great stay!
1,Hilton,18,Hilton Hotel 18,Street 18,City_18,Country_18,265,365,Double,65.00,true,535,User_535,user535@gmail.com,535,535,Double,65.00,2025-03-4,2025-03-6,535,2,Good experience
1,Hilton,18,Hilton Hotel 18,Street 18,City_18,Country_18,266,366,Single,66.00,false,536,User_536,user536@gmail.com,536,536,Single,66.00,2025-03-5,2025-03-7,536,5,Great stay!
1,Hilton,18,Hilton Hotel 18,Street 18,City_18,Country_18,266,366,Single,66.00,false,537,User_537,user537@gmail.com,537,537,Single,66.00,2025-03-6,2025-03-8,537,4,Great stay!
1,Hilton,18,Hilton Hotel 18,Street 18,City_18,Country_18,266,366,Single,66.00,false,538,User_538,user538@gmail.com,538,538,Single,66.00,2025-03-7,2025-03-9,538,4,Great stay!
1,Hilton,18,Hilton Hotel 18,Street 18,City_18,Country_18,267,367,Double,67.00,true,539,User_539,user539@gmail.com,539,539,Double,67.00,2025-03-8,2025-03-10,539,4,Great stay!
1,Hilton,18,Hilton Hotel 18,Street 18,City_18,Country_18,268,368,Single,68.00,true,540,User_540,user540@gmail.com,540,540,Single,68.00,2025-03-9,2025-03-11,540,1,Good experience
1,Hilton,18,Hilton Hotel 18,Street 18,City_18,Country_18,269,369,Double,69.00,true,541,User_541,user541@gmail.com,541,541,Double,69.00,2025-03-10,2025-03-12,541,5,Great stay!
1,Hilton,18,Hilton Hotel 18,Street 18,City_18,Country_18,270,370,Single,70.00,true,542,User_542,user542@gmail.com,542,542,Single,70.00,2025-03-11,2025-03-13,542,4,Great stay!
1,Hilton,18,Hilton Hotel 18,Street 18,City_18,Country_18,270,370,Single,70.00,true,543,User_543,user543@gmail.com,543,543,Single,70.00,2025-03-12,2025-03-14,543,1,Good experience
1,Hilton,18,Hilton Hotel 18,Street 18,City_18,Country_18,271,371,Double,71.00,false,544,User_544,user544@gmail.com,544,544,Double,71.00,2025-03-13,2025-03-15,544,3,Good experience
1,Hilton,18,Hilton Hotel 18,Street 18,City_18,Country_18,272,372,Single,72.00,true,545,User_545,user545@gmail.com,545,545,Single,72.00,2025-03-14,2025-03-16,545,4,Great stay!
1,Hilton,19,Hilton Hotel 19,Street 19,City_19,Country_19,273,373,Double,73.00,true,546,User_546,user546@gmail.com,546,546,Double,73.00,2025-03-15,2025-03-17,546,5,Great stay!
1,Hilton,19,Hilton Hotel 19,Street 19,City_19,Country_19,273,373,Double,73.00,true,547,User_547,user547@gmail.com,547,547,Double,73.00,2025-03-16,2025-03-18,547,2,Good experience
1,Hilton,19,Hilton Hotel 19,Street 19,City_19,Country_19,273,373,Double,73.00,true,548,User_548,user548@gmail.com,548,548,Double,73.00,2025-03-17,2025-03-19,548,3,Good experience
1,Hilton,19,Hilton Hotel 19,Street 19,City_19,Country_19,274,374,Single,74.00,true,549,User_549,user549@gmail.com,549,549,Single,74.00,2025-03-18,2025-03-20,549,1,Good experience
1,Hilton,19,Hilton Hotel 19,Street 19,City_19,Country_19,275,375,Double,75.00,true,550,User_550,user550@gmail.com,550,550,Double,75.00,2025-03-19,2025-03-21,550,3,Good experience
1,Hilton,19,Hilton Hotel 19,Street 19,City_19,Country_19,276,376,Single,76.00,true,551,User_551,user551@gmail.com,551,551,Single,76.00,2025-03-20,2025-03-22,551,2,Good experience
1,Hilton,19,Hilton Hotel 19,Street 19,City_19,Country_19,276,376,Single,76.00,true,552,User_552,user552@gmail.com,552,552,Single,76.00,2025-03-21,2025-03-23,552,2,Good experience
1,Hilton,19,Hilton Hotel 19,Street 19,City_19,Country_19,277,377,Double,77.00,false,553,User_553,user553@gmail.com,553,553,Double,77.00,2025-03-22,2025-03-24,553,2,Good experience
1,Hilton,19,Hilton Hotel 19,Street 19,City_19,Country_19,277,377,Double,77.00,false,554,User_554,user554@gmail.com,554,554,Double,77.00,2025-03-23,2025-03-25,554,2,Good experience
1,Hilton,19,Hilton Hotel 19,Street 19,City_19,Country_19,277,377,Double,77.00,false,555,User_555,user555@gmail.com,555,555,Double,77.00,2025-03-24,2025-03-26,555,4,Great stay!
1,Hilton,19,Hilton Hotel 19,Street 19,City_19,Country_19,278,378,Single,78.00,true,556,User_556,user556@gmail.com,556,556,Single,78.00,2025-03-25,2025-03-27,556,3,Good experience
1,Hilton,19,Hilton Hotel 19,Street 19,City_19,Country_19,278,378,Single,78.00,true,557,User_557,user557@gmail.com,557,557,Single,78.00,2025-03-26,2025-03-28,557,5,Great stay!
1,Hilton,19,Hilton Hotel 19,Street 19,City_19,Country_19,279,379,Double,79.00,false,558,User_558,user558@gmail.com,558,558,Double,79.00,2025-03-27,2025-03-29,558,3,Good experience
1,Hilton,19,Hilton Hotel 19,Street 19,City_19,Country_19,279,379,Double,79.00,false,559,User_559,user559@gmail.com,559,559,Double,79.00,2025-03-28,2025-03-30,559,5,Great stay!
1,Hilton,19,Hilton Hotel 19,Street 19,City_19,Country_19,280,380,Single,80.00,true,560,User_560,user560@gmail.com,560,560,Single,80.00,2025-03-1,2025-03-3,560,3,Good experience
1,Hilton,19,Hilton Hotel 19,Street 19,City_19,Country_19,280,380,Single,80.00,true,561,User_561,user561@gmail.com,561,561,Single,80.00,2025-03-2,2025-03-4,561,1,Good experience
1,Hilton,19,Hilton Hotel 19,Street 19,City_19,Country_19,281,381,Double,81.00,true,562,User_562,user562@gmail.com,562,562,Double,81.00,2025-03-3,2025-03-5,562,5,Great stay!
1,Hilton,19,Hilton Hotel 19,Street 19,City_19,Country_19,282,382,Single,82.00,true,563,User_563,user563@gmail.com,563,563,Single,82.00,2025-03-4,2025-03-6,563,1,Good experience
1,Hilton,19,Hilton Hotel 19,Street 19,City_19,Country_19,283,383,Double,83.00,true,564,User_564,user564@gmail.com,564,564,Double,83.00,2025-03-5,2025-03-7,564,5,Great stay!
1,Hilton,19,Hilton Hotel 19,Street 19,City_19,Country_19,284,384,Single,84.00,true,565,User_565,user565@gmail.com,565,565,Single,84.00,2025-03-6,2025-03-8,565,5,Great stay!
1,Hilton,19,Hilton Hotel 19,Street 19,City_19,Country_19,285,385,Double,85.00,true,566,User_566,user566@gmail.com,566,566,Double,85.00,2025-03-7,2025-03-9,566,4,Great stay!
1,Hilton,19,Hilton Hotel 19,Street 19,City_19,Country_19,285,385,Double,85.00,true,567,User_567,user567@gmail.com,567,567,Double,85.00,2025-03-8,2025-03-10,567,2,Good experience
1,Hilton,19,Hilton Hotel 19,Street 19,City_19,Country_19,286,386,Single,86.00,false,568,User_568,user568@gmail.com,568,568,Single,86.00,2025-03-9,2025-03-11,568,2,Good experience
1,Hilton,19,Hilton Hotel 19,Street 19,City_19,Country_19,286,386,Single,86.00,false,569,User_569,user569@gmail.com,569,569,Single,86.00,2025-03-10,2025-03-12,569,2,Good experience
1,Hilton,19,Hilton Hotel 19,Street 19,City_19,Country_19,286,386,Single,86.00,false,570,User_570,user570@gmail.com,570,570,Single,86.00,2025-03-11,2025-03-13,570,2,Good experience
1,Hilton,19,Hilton Hotel 19,Street 19,City_19,Country_19,287,387,Double,87.00,true,571,User_571,user571@gmail.com,571,571,Double,87.00,2025-03-12,2025-03-14,571,1,Good experience
1,Hilton,20,Hilton Hotel 20,Street 20,City_20,Country_20,288,388,Single,88.00,false,572,User_572,user572@gmail.com,572,572,Single,88.00,2025-03-13,2025-03-15,572,5,Great stay!
1,Hilton,20,Hilton Hotel 20,Street 20,City_20,Country_20,289,389,Double,89.00,true,573,User_573,user573@gmail.com,573,573,Double,89.00,2025-03-14,2025-03-16,573,5,Great stay!
1,Hilton,20,Hilton Hotel 20,Street 20,City_20,Country_20,289,389,Double,89.00,true,574,User_574,user574@gmail.com,574,574,Double,89.00,2025-03-15,2025-03-17,574,3,Good experience
1,Hilton,20,Hilton Hotel 20,Street 20,City_20,Country_20,290,390,Single,90.00,true,575,User_575,user575@gmail.com,575,575,Single,90.00,2025-03-16,2025-03-18,575,3,Good experience
1,Hilton,20,Hilton Hotel 20,Street 20,City_20,Country_20,291,391,Double,91.00,false,576,User_576,user576@gmail.com,576,576,Double,91.00,2025-03-17,2025-03-19,576,4,Great stay!
1,Hilton,20,Hilton Hotel 20,Street 20,City_20,Country_20,291,391,Double,91.00,false,577,User_577,user577@gmail.com,577,577,Double,91.00,2025-03-18,2025-03-20,577,1,Good experience
1,Hilton,20,Hilton Hotel 20,Street 20,City_20,Country_20,291,391,Double,91.00,false,578,User_578,user578@gmail.com,578,578,Double,91.00,2025-03-19,2025-03-21,578,1,Good experience
1,Hilton,20,Hilton Hotel 20,Street 20,City_20,Country_20,292,392,Single,92.00,true,579,User_579,user579@gmail.com,579,579,Single,92.00,2025-03-20,2025-03-22,579,1,Good experience
1,Hilton,20,Hilton Hotel 20,Street 20,City_20,Country_20,292,392,Single,92.00,true,580,User_580,user580@gmail.com,580,580,Single,92.00,2025-03-21,2025-03-23,580,3,Good experience
1,Hilton,20,Hilton Hotel 20,Street 20,City_20,Country_20,293,393,Double,93.00,true,581,User_581,user581@gmail.com,581,581,Double,93.00,2025-03-22,2025-03-24,581,5,Great stay!
1,Hilton,20,Hilton Hotel 20,Street 20,City_20,Country_20,293,393,Double,93.00,true,582,User_582,user582@gmail.com,582,582,Double,93.00,2025-03-23,2025-03-25,582,1,Good experience
1,Hilton,20,Hilton Hotel 20,Street 20,City_20,Country_20,294,394,Single,94.00,true,583,User_583,user583@gmail.com,583,583,Single,94.00,2025-03-24,2025-03-26,583,5,Great stay!
1,Hilton,20,Hilton Hotel 20,Street 20,City_20,Country_20,295,395,Double,95.00,true,584,User_584,user584@gmail.com,584,584,Double,95.00,2025-03-25,2025-03-27,584,1,Good experience
1,Hilton,20,Hilton Hotel 20,Street 20,City_20,Country_20,296,396,Single,96.00,true,585,User_585,user585@gmail.com,585,585,Single,96.00,2025-03-26,2025-03-28,585,5,Great stay!
1,Hilton,20,Hilton Hotel 20,Street 20,City_20,Country_20,296,396,Single,96.00,true,586,User_586,user586@gmail.com,586,586,Single,96.00,2025-03-27,2025-03-29,586,5,Great stay!
1,Hilton,20,Hilton Hotel 20,Street 20,City_20,Country_20,297,397,Double,97.00,true,587,User_587,user587@gmail.com,587,587,Double,97.00,2025-03-28,2025-03-30,587,5,Great stay!
1,Hilton,20,Hilton Hotel 20,Street 20,City_20,Country_20,297,397,Double,97.00,true,588,User_588,user588@gmail.com,588,588,Double,97.00,2025-03-1,2025-03-3,588,1,Good experience
1,Hilton,20,Hilton Hotel 20,Street 20,City_20,Country_20,297,397,Double,97.00,true,589,User_589,user589@gmail.com,589,589,Double,97.00,2025-03-2,2025-03-4,589,5,Great stay!
1,Hilton,20,Hilton Hotel 20,Street 20,City_20,Country_20,298,398,Single,98.00,true,590,User_590,user590@gmail.com,590,590,Single,98.00,2025-03-3,2025-03-5,590,3,Good experience
1,Hilton,20,Hilton Hotel 20,Street 20,City_20,Country_20,298,398,Single,98.00,true,591,User_591,user591@gmail.com,591,591,Single,98.00,2025-03-4,2025-03-6,591,5,Great stay!
1,Hilton,20,Hilton Hotel 20,Street 20,City_20,Country_20,299,399,Double,99.00,true,592,User_592,user592@gmail.com,592,592,Double,99.00,2025-03-5,2025-03-7,592,1,Good experience
1,Hilton,20,Hilton Hotel 20,Street 20,City_20,Country_20,300,400,Single,50.00,true,593,User_593,user593@gmail.com,593,593,Single,50.00,2025-03-6,2025-03-8,593,5,Great stay!
1,Hilton,20,Hilton Hotel 20,Street 20,City_20,Country_20,300,400,Single,50.00,true,594,User_594,user594@gmail.com,594,594,Single,50.00,2025-03-7,2025-03-9,594,3,Good experience
1,Hilton,20,Hilton Hotel 20,Street 20,City_20,Country_20,301,401,Double,51.00,true,595,User_595,user595@gmail.com,595,595,Double,51.00,2025-03-8,2025-03-10,595,3,Good experience
1,Hilton,20,Hilton Hotel 20,Street 20,City_20,Country_20,302,402,Single,52.00,true,596,User_596,user596@gmail.com,596,596,Single,52.00,2025-03-9,2025-03-11,596,3,Good experience
1,Hilton,20,Hilton Hotel 20,Street 20,City_20,Country_20,303,403,Double,53.00,false,597,User_597,user597@gmail.com,597,597,Double,53.00,2025-03-10,2025-03-12,597,1,Good experience
1,Hilton,20,Hilton Hotel 20,Street 20,City_20,Country_20,304,404,Single,54.00,true,598,User_598,user598@gmail.com,598,598,Single,54.00,2025-03-11,2025-03-13,598,5,Great stay!
1,Hilton,20,Hilton Hotel 20,Street 20,City_20,Country_20,304,404,Single,54.00,true,599,User_599,user599@gmail.com,599,599,Single,54.00,2025-03-12,2025-03-14,599,4,Great stay!
1,Hilton,20,Hilton Hotel 20,Street 20,City_20,Country_20,304,404,Single,54.00,true,600,User_600,user600@gmail.com,600,600,Single,54.00,2025-03-13,2025-03-15,600,3,Good experience
1,Hilton,20,Hilton Hotel 20,Street 20,City_20,Country_20,305,405,Double,55.00,true,601,User_601,user601@gmail.com,601,601,Double,55.00,2025-03-14,2025-03-16,601,2,Good experience
1,Hilton,20,Hilton Hotel 20,Street 20,City_20,Country_20,305,405,Double,55.00,true,602,User_602,user602@gmail.com,602,602,Double,55.00,2025-03-15,2025-03-17,602,2,Good experience
1,Hilton,20,Hilton Hotel 20,Street 20,City_20,Country_20,306,406,Single,56.00,true,603,User_603,user603@gmail.com,603,603,Single,56.00,2025-03-16,2025-03-18,603,4,Great stay!
1,Hilton,20,Hilton Hotel 20,Street 20,City_20,Country_20,306,406,Single,56.00,true,604,User_604,user604@gmail.com,604,604,Single,56.00,2025-03-17,2025-03-19,604,1,Good experience
1,Hilton,20,Hilton Hotel 20,Street 20,City_20,Country_20,307,407,Double,57.00,true,605,User_605,user605@gmail.com,605,605,Double,57.00,2025-03-18,2025-03-20,605,1,Good experience
1,Hilton,20,Hilton Hotel 20,Street 20,City_20,Country_20,307,407,Double,57.00,true,606,User_606,user606@gmail.com,606,606,Double,57.00,2025-03-19,2025-03-21,606,4,Great stay!
1,Hilton,20,Hilton Hotel 20,Street 20,City_20,Country_20,307,407,Double,57.00,true,607,User_607,user607@gmail.com,607,607,Double,57.00,2025-03-20,2025-03-22,607,4,Great stay!
1,Hilton,20,Hilton Hotel 20,Street 20,City_20,Country_20,308,408,Single,58.00,true,608,User_608,user608@gmail.com,608,608,Single,58.00,2025-03-21,2025-03-23,608,2,Good experience
1,Hilton,20,Hilton Hotel 20,Street 20,City_20,Country_20,309,409,Double,59.00,true,609,User_609,user609@gmail.com,609,609,Double,59.00,2025-03-22,2025-03-24,609,1,Good experience
1,Hilton,20,Hilton Hotel 20,Street 20,City_20,Country_20,310,410,Single,60.00,true,610,User_610,user610@gmail.com,610,610,Single,60.00,2025-03-23,2025-03-25,610,2,Good experience
1,Hilton,20,Hilton Hotel 20,Street 20,City_20,Country_20,310,410,Single,60.00,true,611,User_611,user611@gmail.com,611,611,Single,60.00,2025-03-24,2025-03-26,611,2,Good experience
1,Hilton,20,Hilton Hotel 20,Street 20,City_20,Country_20,310,410,Single,60.00,true,612,User_612,user612@gmail.com,612,612,Single,60.00,2025-03-25,2025-03-27,612,4,Great stay!
1,Hilton,20,Hilton Hotel 20,Street 20,City_20,Country_20,311,411,Double,61.00,true,613,User_613,user613@gmail.com,613,613,Double,61.00,2025-03-26,2025-03-28,613,4,Great stay!
1,Hilton,21,Hilton Hotel 21,Street 21,City_21,Country_21,312,412,Single,62.00,false,614,User_614,user614@gmail.com,614,614,Single,62.00,2025-03-27,2025-03-29,614,4,Great stay!
1,Hilton,21,Hilton Hotel 21,Street 21,City_21,Country_21,312,412,Single,62.00,false,615,User_615,user615@gmail.com,615,615,Single,62.00,2025-03-28,2025-03-30,615,4,Great stay!
1,Hilton,21,Hilton Hotel 21,Street 21,City_21,Country_21,313,413,Double,63.00,true,616,User_616,user616@gmail.com,616,616,Double,63.00,2025-03-1,2025-03-3,616,5,Great stay!
1,Hilton,21,Hilton Hotel 21,Street 21,City_21,Country_21,314,414,Single,64.00,true,617,User_617,user617@gmail.com,617,617,Single,64.00,2025-03-2,2025-03-4,617,1,Good experience
1,Hilton,21,Hilton Hotel 21,Street 21,City_21,Country_21,315,415,Double,65.00,true,618,User_618,user618@gmail.com,618,618,Double,65.00,2025-03-3,2025-03-5,618,4,Great stay!
1,Hilton,21,Hilton Hotel 21,Street 21,City_21,Country_21,315,415,Double,65.00,true,619,User_619,user619@gmail.com,619,619,Double,65.00,2025-03-4,2025-03-6,619,5,Great stay!
1,Hilton,21,Hilton Hotel 21,Street 21,City_21,Country_21,316,416,Single,66.00,true,620,User_620,user620@gmail.com,620,620,Single,66.00,2025-03-5,2025-03-7,620,1,Good experience
1,Hilton,21,Hilton Hotel 21,Street 21,City_21,Country_21,316,416,Single,66.00,true,621,User_621,user621@gmail.com,621,621,Single,66.00,2025-03-6,2025-03-8,621,2,Good experience
1,Hilton,21,Hilton Hotel 21,Street 21,City_21,Country_21,317,417,Double,67.00,true,622,User_622,user622@gmail.com,622,622,Double,67.00,2025-03-7,2025-03-9,622,5,Great stay!
1,Hilton,21,Hilton Hotel 21,Street 21,City_21,Country_21,317,417,Double,67.00,true,623,User_623,user623@gmail.com,623,623,Double,67.00,2025-03-8,2025-03-10,623,4,Great stay!
1,Hilton,21,Hilton Hotel 21,Street 21,City_21,Country_21,318,418,Single,68.00,true,624,User_624,user624@gmail.com,624,624,Single,68.00,2025-03-9,2025-03-11,624,5,Great stay!
1,Hilton,21,Hilton Hotel 21,Street 21,City_21,Country_21,318,418,Single,68.00,true,625,User_625,user625@gmail.com,625,625,Single,68.00,2025-03-10,2025-03-12,625,5,Great stay!
1,Hilton,21,Hilton Hotel 21,Street 21,City_21,Country_21,318,418,Single,68.00,true,626,User_626,user626@gmail.com,626,626,Single,68.00,2025-03-11,2025-03-13,626,4,Great stay!
1,Hilton,21,Hilton Hotel 21,Street 21,City_21,Country_21,319,419,Double,69.00,true,627,User_627,user627@gmail.com,627,627,Double,69.00,2025-03-12,2025-03-14,627,1,Good experience
1,Hilton,21,Hilton Hotel 21,Street 21,City_21,Country_21,320,420,Single,70.00,true,628,User_628,user628@gmail.com,628,628,Single,70.00,2025-03-13,2025-03-15,628,5,Great stay!
1,Hilton,21,Hilton Hotel 21,Street 21,City_21,Country_21,320,420,Single,70.00,true,629,User_629,user629@gmail.com,629,629,Single,70.00,2025-03-14,2025-03-16,629,3,Good experience
1,Hilton,21,Hilton Hotel 21,Street 21,City_21,Country_21,321,421,Double,71.00,false,630,User_630,user630@gmail.com,630,630,Double,71.00,2025-03-15,2025-03-17,630,2,Good experience
1,Hilton,21,Hilton Hotel 21,Street 21,City_21,Country_21,321,421,Double,71.00,false,631,User_631,user631@gmail.com,631,631,Double,71.00,2025-03-16,2025-03-18,631,4,Great stay!
1,Hilton,21,Hilton Hotel 21,Street 21,City_21,Country_21,321,421,Double,71.00,false,632,User_632,user632@gmail.com,632,632,Double,71.00,2025-03-17,2025-03-19,632,1,Good experience
1,Hilton,21,Hilton Hotel 21,Street 21,City_21,Country_21,322,422,Single,72.00,true,633,User_633,user633@gmail.com,633,633,Single,72.00,2025-03-18,2025-03-20,633,2,Good experience
1,Hilton,21,Hilton Hotel 21,Street 21,City_21,Country_21,323,423,Double,73.00,false,634,User_634,user634@gmail.com,634,634,Double,73.00,2025-03-19,2025-03-21,634,3,Good experience
1,Hilton,21,Hilton Hotel 21,Street 21,City_21,Country_21,323,423,Double,73.00,false,635,User_635,user635@gmail.com,635,635,Double,73.00,2025-03-20,2025-03-22,635,1,Good experience
1,Hilton,21,Hilton Hotel 21,Street 21,City_21,Country_21,323,423,Double,73.00,false,636,User_636,user636@gmail.com,636,636,Double,73.00,2025-03-21,2025-03-23,636,2,Good experience
1,Hilton,21,Hilton Hotel 21,Street 21,City_21,Country_21,324,424,Single,74.00,true,637,User_637,user637@gmail.com,637,637,Single,74.00,2025-03-22,2025-03-24,637,1,Good experience
1,Hilton,21,Hilton Hotel 21,Street 21,City_21,Country_21,325,425,Double,75.00,true,638,User_638,user638@gmail.com,638,638,Double,75.00,2025-03-23,2025-03-25,638,2,Good experience
1,Hilton,21,Hilton Hotel 21,Street 21,City_21,Country_21,325,425,Double,75.00,true,639,User_639,user639@gmail.com,639,639,Double,75.00,2025-03-24,2025-03-26,639,5,Great stay!
1,Hilton,21,Hilton Hotel 21,Street 21,City_21,Country_21,325,425,Double,75.00,true,640,User_640,user640@gmail.com,640,640,Double,75.00,2025-03-25,2025-03-27,640,4,Great stay!
1,Hilton,21,Hilton Hotel 21,Street 21,City_21,Country_21,326,426,Single,76.00,false,641,User_641,user641@gmail.com,641,641,Single,76.00,2025-03-26,2025-03-28,641,1,Good experience
1,Hilton,21,Hilton Hotel 21,Street 21,City_21,Country_21,326,426,Single,76.00,false,642,User_642,user642@gmail.com,642,642,Single,76.00,2025-03-27,2025-03-29,642,2,Good experience
1,Hilton,21,Hilton Hotel 21,Street 21,City_21,Country_21,327,427,Double,77.00,true,643,User_643,user643@gmail.com,643,643,Double,77.00,2025-03-28,2025-03-30,643,5,Great stay!
1,Hilton,21,Hilton Hotel 21,Street 21,City_21,Country_21,327,427,Double,77.00,true,644,User_644,user644@gmail.com,644,644,Double,77.00,2025-03-1,2025-03-3,644,4,Great stay!
1,Hilton,21,Hilton Hotel 21,Street 21,City_21,Country_21,328,428,Single,78.00,false,645,User_645,user645@gmail.com,645,645,Single,78.00,2025-03-2,2025-03-4,645,1,Good experience
1,Hilton,21,Hilton Hotel 21,Street 21,City_21,Country_21,329,429,Double,79.00,true,646,User_646,user646@gmail.com,646,646,Double,79.00,2025-03-3,2025-03-5,646,5,Great stay!
1,Hilton,21,Hilton Hotel 21,Street 21,City_21,Country_21,330,430,Single,80.00,true,647,User_647,user647@gmail.com,647,647,Single,80.00,2025-03-4,2025-03-6,647,5,Great stay!
1,Hilton,21,Hilton Hotel 21,Street 21,City_21,Country_21,330,430,Single,80.00,true,648,User_648,user648@gmail.com,648,648,Single,80.00,2025-03-5,2025-03-7,648,5,Great stay!
1,Hilton,21,Hilton Hotel 21,Street 21,City_21,Country_21,330,430,Single,80.00,true,649,User_649,user649@gmail.com,649,649,Single,80.00,2025-03-6,2025-03-8,649,3,Good experience
1,Hilton,21,Hilton Hotel 21,Street 21,City_21,Country_21,331,431,Double,81.00,true,650,User_650,user650@gmail.com,650,650,Double,81.00,2025-03-7,2025-03-9,650,4,Great stay!
1,Hilton,21,Hilton Hotel 21,Street 21,City_21,Country_21,331,431,Double,81.00,true,651,User_651,user651@gmail.com,651,651,Double,81.00,2025-03-8,2025-03-10,651,1,Good experience
2,Marriott,22,Marriott Hotel 22,Street 22,City_22,Country_22,332,432,Single,82.00,false,652,User_652,user652@gmail.com,652,652,Single,82.00,2025-03-9,2025-03-11,652,3,Good experience
2,Marriott,22,Marriott Hotel 22,Street 22,City_22,Country_22,333,433,Double,83.00,true,653,User_653,user653@gmail.com,653,653,Double,83.00,2025-03-10,2025-03-12,653,5,Great stay!
2,Marriott,22,Marriott Hotel 22,Street 22,City_22,Country_22,333,433,Double,83.00,true,654,User_654,user654@gmail.com,654,654,Double,83.00,2025-03-11,2025-03-13,654,3,Good experience
2,Marriott,22,Marriott Hotel 22,Street 22,City_22,Country_22,333,433,Double,83.00,true,655,User_655,user655@gmail.com,655,655,Double,83.00,2025-03-12,2025-03-14,655,1,Good experience
2,Marriott,22,Marriott Hotel 22,Street 22,City_22,Country_22,334,434,Single,84.00,true,656,User_656,user656@gmail.com,656,656,Single,84.00,2025-03-13,2025-03-15,656,2,Good experience
2,Marriott,22,Marriott Hotel 22,Street 22,City_22,Country_22,334,434,Single,84.00,true,657,User_657,user657@gmail.com,657,657,Single,84.00,2025-03-14,2025-03-16,657,2,Good experience
2,Marriott,22,Marriott Hotel 22,Street 22,City_22,Country_22,335,435,Double,85.00,true,658,User_658,user658@gmail.com,658,658,Double,85.00,2025-03-15,2025-03-17,658,1,Good experience
2,Marriott,22,Marriott Hotel 22,Street 22,City_22,Country_22,335,435,Double,85.00,true,659,User_659,user659@gmail.com,659,659,Double,85.00,2025-03-16,2025-03-18,659,1,Good experience
2,Marriott,22,Marriott Hotel 22,Street 22,City_22,Country_22,336,436,Single,86.00,false,660,User_660,user660@gmail.com,660,660,Single,86.00,2025-03-17,2025-03-19,660,5,Great stay!
2,Marriott,22,Marriott Hotel 22,Street 22,City_22,Country_22,336,436,Single,86.00,false,661,User_661,user661@gmail.com,661,661,Single,86.00,2025-03-18,2025-03-20,661,5,Great stay!
2,Marriott,22,Marriott Hotel 22,Street 22,City_22,Country_22,336,436,Single,86.00,false,662,User_662,user662@gmail.com,662,662,Single,86.00,2025-03-19,2025-03-21,662,1,Good experience
2,Marriott,22,Marriott Hotel 22,Street 22,City_22,Country_22,337,437,Double,87.00,true,663,User_663,user663@gmail.com,663,663,Double,87.00,2025-03-20,2025-03-22,663,5,Great stay!
2,Marriott,22,Marriott Hotel 22,Street 22,City_22,Country_22,337,437,Double,87.00,true,664,User_664,user664@gmail.com,664,664,Double,87.00,2025-03-21,2025-03-23,664,1,Good experience
2,Marriott,22,Marriott Hotel 22,Street 22,City_22,Country_22,338,438,Single,88.00,false,665,User_665,user665@gmail.com,665,665,Single,88.00,2025-03-22,2025-03-24,665,3,Good experience
2,Marriott,22,Marriott Hotel 22,Street 22,City_22,Country_22,338,438,Single,88.00,false,666,User_666,user666@gmail.com,666,666,Single,88.00,2025-03-23,2025-03-25,666,1,Good experience
2,Marriott,22,Marriott Hotel 22,Street 22,City_22,Country_22,339,439,Double,89.00,true,667,User_667,user667@gmail.com,667,667,Double,89.00,2025-03-24,2025-03-26,667,1,Good experience
2,Marriott,22,Marriott Hotel 22,Street 22,City_22,Country_22,340,440,Single,90.00,false,668,User_668,user668@gmail.com,668,668,Single,90.00,2025-03-25,2025-03-27,668,1,Good experience
2,Marriott,22,Marriott Hotel 22,Street 22,City_22,Country_22,340,440,Single,90.00,false,669,User_669,user669@gmail.com,669,669,Single,90.00,2025-03-26,2025-03-28,669,5,Great stay!
2,Marriott,22,Marriott Hotel 22,Street 22,City_22,Country_22,340,440,Single,90.00,false,670,User_670,user670@gmail.com,670,670,Single,90.00,2025-03-27,2025-03-29,670,1,Good experience
2,Marriott,22,Marriott Hotel 22,Street 22,City_22,Country_22,341,441,Double,91.00,true,671,User_671,user671@gmail.com,671,671,Double,91.00,2025-03-28,2025-03-30,671,5,Great stay!
2,Marriott,22,Marriott Hotel 22,Street 22,City_22,Country_22,342,442,Single,92.00,true,672,User_672,user672@gmail.com,672,672,Single,92.00,2025-03-1,2025-03-3,672,5,Great stay!
2,Marriott,22,Marriott Hotel 22,Street 22,City_22,Country_22,343,443,Double,93.00,true,673,User_673,user673@gmail.com,673,673,Double,93.00,2025-03-2,2025-03-4,673,1,Good experience
2,Marriott,22,Marriott Hotel 22,Street 22,City_22,Country_22,344,444,Single,94.00,false,674,User_674,user674@gmail.com,674,674,Single,94.00,2025-03-3,2025-03-5,674,3,Good experience
2,Marriott,22,Marriott Hotel 22,Street 22,City_22,Country_22,344,444,Single,94.00,false,675,User_675,user675@gmail.com,675,675,Single,94.00,2025-03-4,2025-03-6,675,3,Good experience
2,Marriott,22,Marriott Hotel 22,Street 22,City_22,Country_22,344,444,Single,94.00,false,676,User_676,user676@gmail.com,676,676,Single,94.00,2025-03-5,2025-03-7,676,3,Good experience
2,Marriott,22,Marriott Hotel 22,Street 22,City_22,Country_22,345,445,Double,95.00,true,677,User_677,user677@gmail.com,677,677,Double,95.00,2025-03-6,2025-03-8,677,4,Great stay!
2,Marriott,22,Marriott Hotel 22,Street 22,City_22,Country_22,346,446,Single,96.00,false,678,User_678,user678@gmail.com,678,678,Single,96.00,2025-03-7,2025-03-9,678,3,Good experience
2,Marriott,22,Marriott Hotel 22,Street 22,City_22,Country_22,347,447,Double,97.00,false,679,User_679,user679@gmail.com,679,679,Double,97.00,2025-03-8,2025-03-10,679,5,Great stay!
2,Marriott,22,Marriott Hotel 22,Street 22,City_22,Country_22,347,447,Double,97.00,false,680,User_680,user680@gmail.com,680,680,Double,97.00,2025-03-9,2025-03-11,680,2,Good experience
2,Marriott,22,Marriott Hotel 22,Street 22,City_22,Country_22,347,447,Double,97.00,false,681,User_681,user681@gmail.com,681,681,Double,97.00,2025-03-10,2025-03-12,681,2,Good experience
2,Marriott,22,Marriott Hotel 22,Street 22,City_22,Country_22,348,448,Single,98.00,true,682,User_682,user682@gmail.com,682,682,Single,98.00,2025-03-11,2025-03-13,682,3,Good experience
2,Marriott,22,Marriott Hotel 22,Street 22,City_22,Country_22,349,449,Double,99.00,true,683,User_683,user683@gmail.com,683,683,Double,99.00,2025-03-12,2025-03-14,683,3,Good experience
2,Marriott,22,Marriott Hotel 22,Street 22,City_22,Country_22,350,450,Single,50.00,true,684,User_684,user684@gmail.com,684,684,Single,50.00,2025-03-13,2025-03-15,684,1,Good experience
2,Marriott,22,Marriott Hotel 22,Street 22,City_22,Country_22,351,451,Double,51.00,true,685,User_685,user685@gmail.com,685,685,Double,51.00,2025-03-14,2025-03-16,685,1,Good experience
2,Marriott,22,Marriott Hotel 22,Street 22,City_22,Country_22,351,451,Double,51.00,true,686,User_686,user686@gmail.com,686,686,Double,51.00,2025-03-15,2025-03-17,686,2,Good experience
2,Marriott,22,Marriott Hotel 22,Street 22,City_22,Country_22,351,451,Double,51.00,true,687,User_687,user687@gmail.com,687,687,Double,51.00,2025-03-16,2025-03-18,687,4,Great stay!
2,Marriott,22,Marriott Hotel 22,Street 22,City_22,Country_22,352,452,Single,52.00,true,688,User_688,user688@gmail.com,688,688,Single,52.00,2025-03-17,2025-03-19,688,1,Good experience
2,Marriott,22,Marriott Hotel 22,Street 22,City_22,Country_22,352,452,Single,52.00,true,689,User_689,user689@gmail.com,689,689,Single,52.00,2025-03-18,2025-03-20,689,4,Great stay!
2,Marriott,22,Marriott Hotel 22,Street 22,City_22,Country_22,353,453,Double,53.00,true,690,User_690,user690@gmail.com,690,690,Double,53.00,2025-03-19,2025-03-21,690,1,Good experience
2,Marriott,23,Marriott Hotel 23,Street 23,City_23,Country_23,354,454,Single,54.00,true,691,User_691,user691@gmail.com,691,691,Single,54.00,2025-03-20,2025-03-22,691,4,Great stay!
2,Marriott,23,Marriott Hotel 23,Street 23,City_23,Country_23,354,454,Single,54.00,true,692,User_692,user692@gmail.com,692,692,Single,54.00,2025-03-21,2025-03-23,692,5,Great stay!
2,Marriott,23,Marriott Hotel 23,Street 23,City_23,Country_23,355,455,Double,55.00,true,693,User_693,user693@gmail.com,693,693,Double,55.00,2025-03-22,2025-03-24,693,3,Good experience
2,Marriott,23,Marriott Hotel 23,Street 23,City_23,Country_23,355,455,Double,55.00,true,694,User_694,user694@gmail.com,694,694,Double,55.00,2025-03-23,2025-03-25,694,2,Good experience
2,Marriott,23,Marriott Hotel 23,Street 23,City_23,Country_23,356,456,Single,56.00,true,695,User_695,user695@gmail.com,695,695,Single,56.00,2025-03-24,2025-03-26,695,1,Good experience
2,Marriott,23,Marriott Hotel 23,Street 23,City_23,Country_23,357,457,Double,57.00,true,696,User_696,user696@gmail.com,696,696,Double,57.00,2025-03-25,2025-03-27,696,1,Good experience
2,Marriott,23,Marriott Hotel 23,Street 23,City_23,Country_23,357,457,Double,57.00,true,697,User_697,user697@gmail.com,697,697,Double,57.00,2025-03-26,2025-03-28,697,5,Great stay!
2,Marriott,23,Marriott Hotel 23,Street 23,City_23,Country_23,358,458,Single,58.00,true,698,User_698,user698@gmail.com,698,698,Single,58.00,2025-03-27,2025-03-29,698,5,Great stay!
2,Marriott,23,Marriott Hotel 23,Street 23,City_23,Country_23,358,458,Single,58.00,true,699,User_699,user699@gmail.com,699,699,Single,58.00,2025-03-28,2025-03-30,699,1,Good experience
2,Marriott,23,Marriott Hotel 23,Street 23,City_23,Country_23,359,459,Double,59.00,true,700,User_700,user700@gmail.com,700,700,Double,59.00,2025-03-1,2025-03-3,700,3,Good experience
2,Marriott,23,Marriott Hotel 23,Street 23,City_23,Country_23,359,459,Double,59.00,true,701,User_701,user701@gmail.com,701,701,Double,59.00,2025-03-2,2025-03-4,701,3,Good experience
2,Marriott,23,Marriott Hotel 23,Street 23,City_23,Country_23,359,459,Double,59.00,true,702,User_702,user702@gmail.com,702,702,Double,59.00,2025-03-3,2025-03-5,702,4,Great stay!
2,Marriott,23,Marriott Hotel 23,Street 23,City_23,Country_23,360,460,Single,60.00,true,703,User_703,user703@gmail.com,703,703,Single,60.00,2025-03-4,2025-03-6,703,2,Good experience
2,Marriott,23,Marriott Hotel 23,Street 23,City_23,Country_23,360,460,Single,60.00,true,704,User_704,user704@gmail.com,704,704,Single,60.00,2025-03-5,2025-03-7,704,5,Great stay!
2,Marriott,23,Marriott Hotel 23,Street 23,City_23,Country_23,360,460,Single,60.00,true,705,User_705,user705@gmail.com,705,705,Single,60.00,2025-03-6,2025-03-8,705,1,Good experience
2,Marriott,23,Marriott Hotel 23,Street 23,City_23,Country_23,361,461,Double,61.00,true,706,User_706,user706@gmail.com,706,706,Double,61.00,2025-03-7,2025-03-9,706,4,Great stay!
2,Marriott,23,Marriott Hotel 23,Street 23,City_23,Country_23,361,461,Double,61.00,true,707,User_707,user707@gmail.com,707,707,Double,61.00,2025-03-8,2025-03-10,707,3,Good experience
2,Marriott,23,Marriott Hotel 23,Street 23,City_23,Country_23,361,461,Double,61.00,true,708,User_708,user708@gmail.com,708,708,Double,61.00,2025-03-9,2025-03-11,708,4,Great stay!
2,Marriott,23,Marriott Hotel 23,Street 23,City_23,Country_23,362,462,Single,62.00,true,709,User_709,user709@gmail.com,709,709,Single,62.00,2025-03-10,2025-03-12,709,1,Good experience
2,Marriott,23,Marriott Hotel 23,Street 23,City_23,Country_23,362,462,Single,62.00,true,710,User_710,user710@gmail.com,710,710,Single,62.00,2025-03-11,2025-03-13,710,5,Great stay!
2,Marriott,23,Marriott Hotel 23,Street 23,City_23,Country_23,362,462,Single,62.00,true,711,User_711,user711@gmail.com,711,711,Single,62.00,2025-03-12,2025-03-14,711,4,Great stay!
2,Marriott,23,Marriott Hotel 23,Street 23,City_23,Country_23,363,463,Double,63.00,false,712,User_712,user712@gmail.com,712,712,Double,63.00,2025-03-13,2025-03-15,712,1,Good experience
2,Marriott,23,Marriott Hotel 23,Street 23,City_23,Country_23,364,464,Single,64.00,false,713,User_713,user713@gmail.com,713,713,Single,64.00,2025-03-14,2025-03-16,713,5,Great stay!
2,Marriott,23,Marriott Hotel 23,Street 23,City_23,Country_23,364,464,Single,64.00,false,714,User_714,user714@gmail.com,714,714,Single,64.00,2025-03-15,2025-03-17,714,3,Good experience
2,Marriott,23,Marriott Hotel 23,Street 23,City_23,Country_23,364,464,Single,64.00,false,715,User_715,user715@gmail.com,715,715,Single,64.00,2025-03-16,2025-03-18,715,1,Good experience
2,Marriott,23,Marriott Hotel 23,Street 23,City_23,Country_23,365,465,Double,65.00,true,716,User_716,user716@gmail.com,716,716,Double,65.00,2025-03-17,2025-03-19,716,3,Good experience
2,Marriott,23,Marriott Hotel 23,Street 23,City_23,Country_23,365,465,Double,65.00,true,717,User_717,user717@gmail.com,717,717,Double,65.00,2025-03-18,2025-03-20,717,5,Great stay!
2,Marriott,23,Marriott Hotel 23,Street 23,City_23,Country_23,365,465,Double,65.00,true,718,User_718,user718@gmail.com,718,718,Double,65.00,2025-03-19,2025-03-21,718,5,Great stay!
2,Marriott,23,Marriott Hotel 23,Street 23,City_23,Country_23,366,466,Single,66.00,false,719,User_719,user719@gmail.com,719,719,Single,66.00,2025-03-20,2025-03-22,719,3,Good experience
2,Marriott,23,Marriott Hotel 23,Street 23,City_23,Country_23,367,467,Double,67.00,true,720,User_720,user720@gmail.com,720,720,Double,67.00,2025-03-21,2025-03-23,720,5,Great stay!
2,Marriott,23,Marriott Hotel 23,Street 23,City_23,Country_23,367,467,Double,67.00,true,721,User_721,user721@gmail.com,721,721,Double,67.00,2025-03-22,2025-03-24,721,3,Good experience
2,Marriott,23,Marriott Hotel 23,Street 23,City_23,Country_23,367,467,Double,67.00,true,722,User_722,user722@gmail.com,722,722,Double,67.00,2025-03-23,2025-03-25,722,2,Good experience
2,Marriott,23,Marriott Hotel 23,Street 23,City_23,Country_23,368,468,Single,68.00,true,723,User_723,user723@gmail.com,723,723,Single,68.00,2025-03-24,2025-03-26,723,2,Good experience
2,Marriott,23,Marriott Hotel 23,Street 23,City_23,Country_23,368,468,Single,68.00,true,724,User_724,user724@gmail.com,724,724,Single,68.00,2025-03-25,2025-03-27,724,1,Good experience
2,Marriott,23,Marriott Hotel 23,Street 23,City_23,Country_23,369,469,Double,69.00,true,725,User_725,user725@gmail.com,725,725,Double,69.00,2025-03-26,2025-03-28,725,3,Good experience
2,Marriott,23,Marriott Hotel 23,Street 23,City_23,Country_23,369,469,Double,69.00,true,726,User_726,user726@gmail.com,726,726,Double,69.00,2025-03-27,2025-03-29,726,3,Good experience
2,Marriott,23,Marriott Hotel 23,Street 23,City_23,Country_23,369,469,Double,69.00,true,727,User_727,user727@gmail.com,727,727,Double,69.00,2025-03-28,2025-03-30,727,2,Good experience
2,Marriott,23,Marriott Hotel 23,Street 23,City_23,Country_23,370,470,Single,70.00,true,728,User_728,user728@gmail.com,728,728,Single,70.00,2025-03-1,2025-03-3,728,1,Good experience
2,Marriott,23,Marriott Hotel 23,Street 23,City_23,Country_23,371,471,Double,71.00,true,729,User_729,user729@gmail.com,729,729,Double,71.00,2025-03-2,2025-03-4,729,5,Great stay!
2,Marriott,23,Marriott Hotel 23,Street 23,City_23,Country_23,371,471,Double,71.00,true,730,User_730,user730@gmail.com,730,730,Double,71.00,2025-03-3,2025-03-5,730,1,Good experience
2,Marriott,23,Marriott Hotel 23,Street 23,City_23,Country_23,371,471,Double,71.00,true,731,User_731,user731@gmail.com,731,731,Double,71.00,2025-03-4,2025-03-6,731,2,Good experience
2,Marriott,23,Marriott Hotel 23,Street 23,City_23,Country_23,372,472,Single,72.00,true,732,User_732,user732@gmail.com,732,732,Single,72.00,2025-03-5,2025-03-7,732,5,Great stay!
2,Marriott,23,Marriott Hotel 23,Street 23,City_23,Country_23,372,472,Single,72.00,true,733,User_733,user733@gmail.com,733,733,Single,72.00,2025-03-6,2025-03-8,733,1,Good experience
2,Marriott,23,Marriott Hotel 23,Street 23,City_23,Country_23,372,472,Single,72.00,true,734,User_734,user734@gmail.com,734,734,Single,72.00,2025-03-7,2025-03-9,734,5,Great stay!
2,Marriott,23,Marriott Hotel 23,Street 23,City_23,Country_23,373,473,Double,73.00,true,735,User_735,user735@gmail.com,735,735,Double,73.00,2025-03-8,2025-03-10,735,4,Great stay!
2,Marriott,23,Marriott Hotel 23,Street 23,City_23,Country_23,373,473,Double,73.00,true,736,User_736,user736@gmail.com,736,736,Double,73.00,2025-03-9,2025-03-11,736,1,Good experience
2,Marriott,23,Marriott Hotel 23,Street 23,City_23,Country_23,374,474,Single,74.00,true,737,User_737,user737@gmail.com,737,737,Single,74.00,2025-03-10,2025-03-12,737,5,Great stay!
2,Marriott,23,Marriott Hotel 23,Street 23,City_23,Country_23,374,474,Single,74.00,true,738,User_738,user738@gmail.com,738,738,Single,74.00,2025-03-11,2025-03-13,738,3,Good experience
2,Marriott,23,Marriott Hotel 23,Street 23,City_23,Country_23,374,474,Single,74.00,true,739,User_739,user739@gmail.com,739,739,Single,74.00,2025-03-12,2025-03-14,739,5,Great stay!
2,Marriott,23,Marriott Hotel 23,Street 23,City_23,Country_23,375,475,Double,75.00,true,740,User_740,user740@gmail.com,740,740,Double,75.00,2025-03-13,2025-03-15,740,2,Good experience
2,Marriott,23,Marriott Hotel 23,Street 23,City_23,Country_23,376,476,Single,76.00,false,741,User_741,user741@gmail.com,741,741,Single,76.00,2025-03-14,2025-03-16,741,5,Great stay!
2,Marriott,23,Marriott Hotel 23,Street 23,City_23,Country_23,376,476,Single,76.00,false,742,User_742,user742@gmail.com,742,742,Single,76.00,2025-03-15,2025-03-17,742,5,Great stay!
2,Marriott,23,Marriott Hotel 23,Street 23,City_23,Country_23,376,476,Single,76.00,false,743,User_743,user743@gmail.com,743,743,Single,76.00,2025-03-16,2025-03-18,743,2,Good experience
2,Marriott,24,Marriott Hotel 24,Street 24,City_24,Country_24,377,477,Double,77.00,true,744,User_744,user744@gmail.com,744,744,Double,77.00,2025-03-17,2025-03-19,744,2,Good experience
2,Marriott,24,Marriott Hotel 24,Street 24,City_24,Country_24,377,477,Double,77.00,true,745,User_745,user745@gmail.com,745,745,Double,77.00,2025-03-18,2025-03-20,745,4,Great stay!
2,Marriott,24,Marriott Hotel 24,Street 24,City_24,Country_24,378,478,Single,78.00,true,746,User_746,user746@gmail.com,746,746,Single,78.00,2025-03-19,2025-03-21,746,3,Good experience
2,Marriott,24,Marriott Hotel 24,Street 24,City_24,Country_24,378,478,Single,78.00,true,747,User_747,user747@gmail.com,747,747,Single,78.00,2025-03-20,2025-03-22,747,5,Great stay!
2,Marriott,24,Marriott Hotel 24,Street 24,City_24,Country_24,379,479,Double,79.00,false,748,User_748,user748@gmail.com,748,748,Double,79.00,2025-03-21,2025-03-23,748,4,Great stay!
2,Marriott,24,Marriott Hotel 24,Street 24,City_24,Country_24,379,479,Double,79.00,false,749,User_749,user749@gmail.com,749,749,Double,79.00,2025-03-22,2025-03-24,749,1,Good experience
2,Marriott,24,Marriott Hotel 24,Street 24,City_24,Country_24,380,480,Single,80.00,false,750,User_750,user750@gmail.com,750,750,Single,80.00,2025-03-23,2025-03-25,750,2,Good experience
2,Marriott,24,Marriott Hotel 24,Street 24,City_24,Country_24,381,481,Double,81.00,false,751,User_751,user751@gmail.com,751,751,Double,81.00,2025-03-24,2025-03-26,751,3,Good experience
2,Marriott,24,Marriott Hotel 24,Street 24,City_24,Country_24,382,482,Single,82.00,false,752,User_752,user752@gmail.com,752,752,Single,82.00,2025-03-25,2025-03-27,752,2,Good experience
2,Marriott,24,Marriott Hotel 24,Street 24,City_24,Country_24,382,482,Single,82.00,false,753,User_753,user753@gmail.com,753,753,Single,82.00,2025-03-26,2025-03-28,753,5,Great stay!
2,Marriott,24,Marriott Hotel 24,Street 24,City_24,Country_24,382,482,Single,82.00,false,754,User_754,user754@gmail.com,754,754,Single,82.00,2025-03-27,2025-03-29,754,1,Good experience
2,Marriott,24,Marriott Hotel 24,Street 24,City_24,Country_24,383,483,Double,83.00,false,755,User_755,user755@gmail.com,755,755,Double,83.00,2025-03-28,2025-03-30,755,5,Great stay!
2,Marriott,24,Marriott Hotel 24,Street 24,City_24,Country_24,383,483,Double,83.00,false,756,User_756,user756@gmail.com,756,756,Double,83.00,2025-03-1,2025-03-3,756,1,Good experience
2,Marriott,24,Marriott Hotel 24,Street 24,City_24,Country_24,383,483,Double,83.00,false,757,User_757,user757@gmail.com,757,757,Double,83.00,2025-03-2,2025-03-4,757,3,Good experience
2,Marriott,24,Marriott Hotel 24,Street 24,City_24,Country_24,384,484,Single,84.00,false,758,User_758,user758@gmail.com,758,758,Single,84.00,2025-03-3,2025-03-5,758,4,Great stay!
2,Marriott,24,Marriott Hotel 24,Street 24,City_24,Country_24,384,484,Single,84.00,false,759,User_759,user759@gmail.com,759,759,Single,84.00,2025-03-4,2025-03-6,759,4,Great stay!
2,Marriott,24,Marriott Hotel 24,Street 24,City_24,Country_24,385,485,Double,85.00,false,760,User_760,user760@gmail.com,760,760,Double,85.00,2025-03-5,2025-03-7,760,3,Good experience
2,Marriott,24,Marriott Hotel 24,Street 24,City_24,Country_24,385,485,Double,85.00,false,761,User_761,user761@gmail.com,761,761,Double,85.00,2025-03-6,2025-03-8,761,3,Good experience
2,Marriott,24,Marriott Hotel 24,Street 24,City_24,Country_24,386,486,Single,86.00,true,762,User_762,user762@gmail.com,762,762,Single,86.00,2025-03-7,2025-03-9,762,1,Good experience
2,Marriott,24,Marriott Hotel 24,Street 24,City_24,Country_24,387,487,Double,87.00,true,763,User_763,user763@gmail.com,763,763,Double,87.00,2025-03-8,2025-03-10,763,4,Great stay!
2,Marriott,24,Marriott Hotel 24,Street 24,City_24,Country_24,387,487,Double,87.00,true,764,User_764,user764@gmail.com,764,764,Double,87.00,2025-03-9,2025-03-11,764,3,Good experience
2,Marriott,24,Marriott Hotel 24,Street 24,City_24,Country_24,387,487,Double,87.00,true,765,User_765,user765@gmail.com,765,765,Double,87.00,2025-03-10,2025-03-12,765,1,Good experience
2,Marriott,24,Marriott Hotel 24,Street 24,City_24,Country_24,388,488,Single,88.00,false,766,User_766,user766@gmail.com,766,766,Single,88.00,2025-03-11,2025-03-13,766,1,Good experience
2,Marriott,24,Marriott Hotel 24,Street 24,City_24,Country_24,388,488,Single,88.00,false,767,User_767,user767@gmail.com,767,767,Single,88.00,2025-03-12,2025-03-14,767,3,Good experience
2,Marriott,24,Marriott Hotel 24,Street 24,City_24,Country_24,388,488,Single,88.00,false,768,User_768,user768@gmail.com,768,768,Single,88.00,2025-03-13,2025-03-15,768,1,Good experience
2,Marriott,24,Marriott Hotel 24,Street 24,City_24,Country_24,389,489,Double,89.00,true,769,User_769,user769@gmail.com,769,769,Double,89.00,2025-03-14,2025-03-16,769,2,Good experience
2,Marriott,24,Marriott Hotel 24,Street 24,City_24,Country_24,389,489,Double,89.00,true,770,User_770,user770@gmail.com,770,770,Double,89.00,2025-03-15,2025-03-17,770,5,Great stay!
2,Marriott,24,Marriott Hotel 24,Street 24,City_24,Country_24,389,489,Double,89.00,true,771,User_771,user771@gmail.com,771,771,Double,89.00,2025-03-16,2025-03-18,771,4,Great stay!
2,Marriott,24,Marriott Hotel 24,Street 24,City_24,Country_24,390,490,Single,90.00,true,772,User_772,user772@gmail.com,772,772,Single,90.00,2025-03-17,2025-03-19,772,4,Great stay!
2,Marriott,24,Marriott Hotel 24,Street 24,City_24,Country_24,391,491,Double,91.00,true,773,User_773,user773@gmail.com,773,773,Double,91.00,2025-03-18,2025-03-20,773,3,Good experience
2,Marriott,24,Marriott Hotel 24,Street 24,City_24,Country_24,391,491,Double,91.00,true,774,User_774,user774@gmail.com,774,774,Double,91.00,2025-03-19,2025-03-21,774,5,Great stay!
2,Marriott,24,Marriott Hotel 24,Street 24,City_24,Country_24,391,491,Double,91.00,true,775,User_775,user775@gmail.com,775,775,Double,91.00,2025-03-20,2025-03-22,775,1,Good experience
2,Marriott,24,Marriott Hotel 24,Street 24,City_24,Country_24,392,492,Single,92.00,true,776,User_776,user776@gmail.com,776,776,Single,92.00,2025-03-21,2025-03-23,776,4,Great stay!
2,Marriott,24,Marriott Hotel 24,Street 24,City_24,Country_24,392,492,Single,92.00,true,777,User_777,user777@gmail.com,777,777,Single,92.00,2025-03-22,2025-03-24,777,1,Good experience
2,Marriott,24,Marriott Hotel 24,Street 24,City_24,Country_24,392,492,Single,92.00,true,778,User_778,user778@gmail.com,778,778,Single,92.00,2025-03-23,2025-03-25,778,5,Great stay!
2,Marriott,24,Marriott Hotel 24,Street 24,City_24,Country_24,393,493,Double,93.00,true,779,User_779,user779@gmail.com,779,779,Double,93.00,2025-03-24,2025-03-26,779,2,Good experience
2,Marriott,24,Marriott Hotel 24,Street 24,City_24,Country_24,393,493,Double,93.00,true,780,User_780,user780@gmail.com,780,780,Double,93.00,2025-03-25,2025-03-27,780,4,Great stay!
2,Marriott,24,Marriott Hotel 24,Street 24,City_24,Country_24,394,494,Single,94.00,true,781,User_781,user781@gmail.com,781,781,Single,94.00,2025-03-26,2025-03-28,781,3,Good experience
2,Marriott,24,Marriott Hotel 24,Street 24,City_24,Country_24,394,494,Single,94.00,true,782,User_782,user782@gmail.com,782,782,Single,94.00,2025-03-27,2025-03-29,782,4,Great stay!
2,Marriott,24,Marriott Hotel 24,Street 24,City_24,Country_24,394,494,Single,94.00,true,783,User_783,user783@gmail.com,783,783,Single,94.00,2025-03-28,2025-03-30,783,5,Great stay!
2,Marriott,24,Marriott Hotel 24,Street 24,City_24,Country_24,395,495,Double,95.00,true,784,User_784,user784@gmail.com,784,784,Double,95.00,2025-03-1,2025-03-3,784,3,Good experience
2,Marriott,24,Marriott Hotel 24,Street 24,City_24,Country_24,396,496,Single,96.00,false,785,User_785,user785@gmail.com,785,785,Single,96.00,2025-03-2,2025-03-4,785,4,Great stay!
2,Marriott,24,Marriott Hotel 24,Street 24,City_24,Country_24,396,496,Single,96.00,false,786,User_786,user786@gmail.com,786,786,Single,96.00,2025-03-3,2025-03-5,786,5,Great stay!
2,Marriott,24,Marriott Hotel 24,Street 24,City_24,Country_24,396,496,Single,96.00,false,787,User_787,user787@gmail.com,787,787,Single,96.00,2025-03-4,2025-03-6,787,2,Good experience
2,Marriott,24,Marriott Hotel 24,Street 24,City_24,Country_24,397,497,Double,97.00,true,788,User_788,user788@gmail.com,788,788,Double,97.00,2025-03-5,2025-03-7,788,2,Good experience
2,Marriott,24,Marriott Hotel 24,Street 24,City_24,Country_24,398,498,Single,98.00,true,789,User_789,user789@gmail.com,789,789,Single,98.00,2025-03-6,2025-03-8,789,2,Good experience
2,Marriott,24,Marriott Hotel 24,Street 24,City_24,Country_24,398,498,Single,98.00,true,790,User_790,user790@gmail.com,790,790,Single,98.00,2025-03-7,2025-03-9,790,4,Great stay!
2,Marriott,24,Marriott Hotel 24,Street 24,City_24,Country_24,399,499,Double,99.00,true,791,User_791,user791@gmail.com,791,791,Double,99.00,2025-03-8,2025-03-10,791,4,Great stay!
2,Marriott,25,Marriott Hotel 25,Street 25,City_25,Country_25,400,500,Single,50.00,true,792,User_792,user792@gmail.com,792,792,Single,50.00,2025-03-9,2025-03-11,792,1,Good experience
2,Marriott,25,Marriott Hotel 25,Street 25,City_25,Country_25,400,500,Single,50.00,true,793,User_793,user793@gmail.com,793,793,Single,50.00,2025-03-10,2025-03-12,793,2,Good experience
2,Marriott,25,Marriott Hotel 25,Street 25,City_25,Country_25,400,500,Single,50.00,true,794,User_794,user794@gmail.com,794,794,Single,50.00,2025-03-11,2025-03-13,794,5,Great stay!
2,Marriott,25,Marriott Hotel 25,Street 25,City_25,Country_25,401,501,Double,51.00,false,795,User_795,user795@gmail.com,795,795,Double,51.00,2025-03-12,2025-03-14,795,1,Good experience
2,Marriott,25,Marriott Hotel 25,Street 25,City_25,Country_25,401,501,Double,51.00,false,796,User_796,user796@gmail.com,796,796,Double,51.00,2025-03-13,2025-03-15,796,2,Good experience
2,Marriott,25,Marriott Hotel 25,Street 25,City_25,Country_25,402,502,Single,52.00,true,797,User_797,user797@gmail.com,797,797,Single,52.00,2025-03-14,2025-03-16,797,3,Good experience
2,Marriott,25,Marriott Hotel 25,Street 25,City_25,Country_25,403,503,Double,53.00,true,798,User_798,user798@gmail.com,798,798,Double,53.00,2025-03-15,2025-03-17,798,3,Good experience
2,Marriott,25,Marriott Hotel 25,Street 25,City_25,Country_25,403,503,Double,53.00,true,799,User_799,user799@gmail.com,799,799,Double,53.00,2025-03-16,2025-03-18,799,3,Good experience
2,Marriott,25,Marriott Hotel 25,Street 25,City_25,Country_25,403,503,Double,53.00,true,800,User_800,user800@gmail.com,800,800,Double,53.00,2025-03-17,2025-03-19,800,1,Good experience
2,Marriott,25,Marriott Hotel 25,Street 25,City_25,Country_25,404,504,Single,54.00,true,801,User_801,user801@gmail.com,801,801,Single,54.00,2025-03-18,2025-03-20,801,2,Good experience
2,Marriott,25,Marriott Hotel 25,Street 25,City_25,Country_25,404,504,Single,54.00,true,802,User_802,user802@gmail.com,802,802,Single,54.00,2025-03-19,2025-03-21,802,4,Great stay!
2,Marriott,25,Marriott Hotel 25,Street 25,City_25,Country_25,405,505,Double,55.00,true,803,User_803,user803@gmail.com,803,803,Double,55.00,2025-03-20,2025-03-22,803,4,Great stay!
2,Marriott,25,Marriott Hotel 25,Street 25,City_25,Country_25,405,505,Double,55.00,true,804,User_804,user804@gmail.com,804,804,Double,55.00,2025-03-21,2025-03-23,804,3,Good experience
2,Marriott,25,Marriott Hotel 25,Street 25,City_25,Country_25,406,506,Single,56.00,true,805,User_805,user805@gmail.com,805,805,Single,56.00,2025-03-22,2025-03-24,805,1,Good experience
2,Marriott,25,Marriott Hotel 25,Street 25,City_25,Country_25,406,506,Single,56.00,true,806,User_806,user806@gmail.com,806,806,Single,56.00,2025-03-23,2025-03-25,806,2,Good experience
2,Marriott,25,Marriott Hotel 25,Street 25,City_25,Country_25,406,506,Single,56.00,true,807,User_807,user807@gmail.com,807,807,Single,56.00,2025-03-24,2025-03-26,807,3,Good experience
2,Marriott,25,Marriott Hotel 25,Street 25,City_25,Country_25,407,507,Double,57.00,true,808,User_808,user808@gmail.com,808,808,Double,57.00,2025-03-25,2025-03-27,808,4,Great stay!
2,Marriott,25,Marriott Hotel 25,Street 25,City_25,Country_25,407,507,Double,57.00,true,809,User_809,user809@gmail.com,809,809,Double,57.00,2025-03-26,2025-03-28,809,4,Great stay!
2,Marriott,25,Marriott Hotel 25,Street 25,City_25,Country_25,407,507,Double,57.00,true,810,User_810,user810@gmail.com,810,810,Double,57.00,2025-03-27,2025-03-29,810,2,Good experience
2,Marriott,25,Marriott Hotel 25,Street 25,City_25,Country_25,408,508,Single,58.00,true,811,User_811,user811@gmail.com,811,811,Single,58.00,2025-03-28,2025-03-30,811,4,Great stay!
2,Marriott,25,Marriott Hotel 25,Street 25,City_25,Country_25,408,508,Single,58.00,true,812,User_812,user812@gmail.com,812,812,Single,58.00,2025-03-1,2025-03-3,812,1,Good experience
2,Marriott,25,Marriott Hotel 25,Street 25,City_25,Country_25,408,508,Single,58.00,true,813,User_813,user813@gmail.com,813,813,Single,58.00,2025-03-2,2025-03-4,813,2,Good experience
2,Marriott,25,Marriott Hotel 25,Street 25,City_25,Country_25,409,509,Double,59.00,true,814,User_814,user814@gmail.com,814,814,Double,59.00,2025-03-3,2025-03-5,814,5,Great stay!
2,Marriott,25,Marriott Hotel 25,Street 25,City_25,Country_25,409,509,Double,59.00,true,815,User_815,user815@gmail.com,815,815,Double,59.00,2025-03-4,2025-03-6,815,5,Great stay!
2,Marriott,25,Marriott Hotel 25,Street 25,City_25,Country_25,409,509,Double,59.00,true,816,User_816,user816@gmail.com,816,816,Double,59.00,2025-03-5,2025-03-7,816,3,Good experience
2,Marriott,25,Marriott Hotel 25,Street 25,City_25,Country_25,410,510,Single,60.00,true,817,User_817,user817@gmail.com,817,817,Single,60.00,2025-03-6,2025-03-8,817,1,Good experience
2,Marriott,25,Marriott Hotel 25,Street 25,City_25,Country_25,411,511,Double,61.00,true,818,User_818,user818@gmail.com,818,818,Double,61.00,2025-03-7,2025-03-9,818,4,Great stay!
2,Marriott,25,Marriott Hotel 25,Street 25,City_25,Country_25,411,511,Double,61.00,true,819,User_819,user819@gmail.com,819,819,Double,61.00,2025-03-8,2025-03-10,819,5,Great stay!
2,Marriott,25,Marriott Hotel 25,Street 25,City_25,Country_25,412,512,Single,62.00,true,820,User_820,user820@gmail.com,820,820,Single,62.00,2025-03-9,2025-03-11,820,4,Great stay!
2,Marriott,25,Marriott Hotel 25,Street 25,City_25,Country_25,412,512,Single,62.00,true,821,User_821,user821@gmail.com,821,821,Single,62.00,2025-03-10,2025-03-12,821,2,Good experience
2,Marriott,26,Marriott Hotel 26,Street 26,City_26,Country_26,413,513,Double,63.00,true,822,User_822,user822@gmail.com,822,822,Double,63.00,2025-03-11,2025-03-13,822,4,Great stay!
2,Marriott,26,Marriott Hotel 26,Street 26,City_26,Country_26,413,513,Double,63.00,true,823,User_823,user823@gmail.com,823,823,Double,63.00,2025-03-12,2025-03-14,823,4,Great stay!
2,Marriott,26,Marriott Hotel 26,Street 26,City_26,Country_26,413,513,Double,63.00,true,824,User_824,user824@gmail.com,824,824,Double,63.00,2025-03-13,2025-03-15,824,4,Great stay!
2,Marriott,26,Marriott Hotel 26,Street 26,City_26,Country_26,414,514,Single,64.00,true,825,User_825,user825@gmail.com,825,825,Single,64.00,2025-03-14,2025-03-16,825,3,Good experience
2,Marriott,26,Marriott Hotel 26,Street 26,City_26,Country_26,414,514,Single,64.00,true,826,User_826,user826@gmail.com,826,826,Single,64.00,2025-03-15,2025-03-17,826,4,Great stay!
2,Marriott,26,Marriott Hotel 26,Street 26,City_26,Country_26,415,515,Double,65.00,true,827,User_827,user827@gmail.com,827,827,Double,65.00,2025-03-16,2025-03-18,827,5,Great stay!
2,Marriott,26,Marriott Hotel 26,Street 26,City_26,Country_26,416,516,Single,66.00,true,828,User_828,user828@gmail.com,828,828,Single,66.00,2025-03-17,2025-03-19,828,3,Good experience
2,Marriott,26,Marriott Hotel 26,Street 26,City_26,Country_26,416,516,Single,66.00,true,829,User_829,user829@gmail.com,829,829,Single,66.00,2025-03-18,2025-03-20,829,5,Great stay!
2,Marriott,26,Marriott Hotel 26,Street 26,City_26,Country_26,416,516,Single,66.00,true,830,User_830,user830@gmail.com,830,830,Single,66.00,2025-03-19,2025-03-21,830,1,Good experience
2,Marriott,26,Marriott Hotel 26,Street 26,City_26,Country_26,417,517,Double,67.00,true,831,User_831,user831@gmail.com,831,831,Double,67.00,2025-03-20,2025-03-22,831,1,Good experience
2,Marriott,26,Marriott Hotel 26,Street 26,City_26,Country_26,417,517,Double,67.00,true,832,User_832,user832@gmail.com,832,832,Double,67.00,2025-03-21,2025-03-23,832,1,Good experience
2,Marriott,26,Marriott Hotel 26,Street 26,City_26,Country_26,418,518,Single,68.00,true,833,User_833,user833@gmail.com,833,833,Single,68.00,2025-03-22,2025-03-24,833,5,Great stay!
2,Marriott,26,Marriott Hotel 26,Street 26,City_26,Country_26,418,518,Single,68.00,true,834,User_834,user834@gmail.com,834,834,Single,68.00,2025-03-23,2025-03-25,834,3,Good experience
2,Marriott,26,Marriott Hotel 26,Street 26,City_26,Country_26,418,518,Single,68.00,true,835,User_835,user835@gmail.com,835,835,Single,68.00,2025-03-24,2025-03-26,835,5,Great stay!
2,Marriott,26,Marriott Hotel 26,Street 26,City_26,Country_26,419,519,Double,69.00,false,836,User_836,user836@gmail.com,836,836,Double,69.00,2025-03-25,2025-03-27,836,3,Good experience
2,Marriott,26,Marriott Hotel 26,Street 26,City_26,Country_26,419,519,Double,69.00,false,837,User_837,user837@gmail.com,837,837,Double,69.00,2025-03-26,2025-03-28,837,1,Good experience
2,Marriott,26,Marriott Hotel 26,Street 26,City_26,Country_26,420,520,Single,70.00,true,838,User_838,user838@gmail.com,838,838,Single,70.00,2025-03-27,2025-03-29,838,5,Great stay!
2,Marriott,26,Marriott Hotel 26,Street 26,City_26,Country_26,420,520,Single,70.00,true,839,User_839,user839@gmail.com,839,839,Single,70.00,2025-03-28,2025-03-30,839,2,Good experience
2,Marriott,26,Marriott Hotel 26,Street 26,City_26,Country_26,421,521,Double,71.00,true,840,User_840,user840@gmail.com,840,840,Double,71.00,2025-03-1,2025-03-3,840,4,Great stay!
2,Marriott,26,Marriott Hotel 26,Street 26,City_26,Country_26,421,521,Double,71.00,true,841,User_841,user841@gmail.com,841,841,Double,71.00,2025-03-2,2025-03-4,841,2,Good experience
2,Marriott,26,Marriott Hotel 26,Street 26,City_26,Country_26,421,521,Double,71.00,true,842,User_842,user842@gmail.com,842,842,Double,71.00,2025-03-3,2025-03-5,842,5,Great stay!
2,Marriott,26,Marriott Hotel 26,Street 26,City_26,Country_26,422,522,Single,72.00,true,843,User_843,user843@gmail.com,843,843,Single,72.00,2025-03-4,2025-03-6,843,5,Great stay!
2,Marriott,26,Marriott Hotel 26,Street 26,City_26,Country_26,423,523,Double,73.00,false,844,User_844,user844@gmail.com,844,844,Double,73.00,2025-03-5,2025-03-7,844,3,Good experience
2,Marriott,26,Marriott Hotel 26,Street 26,City_26,Country_26,423,523,Double,73.00,false,845,User_845,user845@gmail.com,845,845,Double,73.00,2025-03-6,2025-03-8,845,3,Good experience
2,Marriott,26,Marriott Hotel 26,Street 26,City_26,Country_26,424,524,Single,74.00,true,846,User_846,user846@gmail.com,846,846,Single,74.00,2025-03-7,2025-03-9,846,2,Good experience
2,Marriott,26,Marriott Hotel 26,Street 26,City_26,Country_26,424,524,Single,74.00,true,847,User_847,user847@gmail.com,847,847,Single,74.00,2025-03-8,2025-03-10,847,2,Good experience
2,Marriott,26,Marriott Hotel 26,Street 26,City_26,Country_26,424,524,Single,74.00,true,848,User_848,user848@gmail.com,848,848,Single,74.00,2025-03-9,2025-03-11,848,2,Good experience
2,Marriott,26,Marriott Hotel 26,Street 26,City_26,Country_26,425,525,Double,75.00,true,849,User_849,user849@gmail.com,849,849,Double,75.00,2025-03-10,2025-03-12,849,4,Great stay!
2,Marriott,26,Marriott Hotel 26,Street 26,City_26,Country_26,426,526,Single,76.00,false,850,User_850,user850@gmail.com,850,850,Single,76.00,2025-03-11,2025-03-13,850,1,Good experience
2,Marriott,26,Marriott Hotel 26,Street 26,City_26,Country_26,427,527,Double,77.00,true,851,User_851,user851@gmail.com,851,851,Double,77.00,2025-03-12,2025-03-14,851,5,Great stay!
2,Marriott,26,Marriott Hotel 26,Street 26,City_26,Country_26,427,527,Double,77.00,true,852,User_852,user852@gmail.com,852,852,Double,77.00,2025-03-13,2025-03-15,852,4,Great stay!
2,Marriott,26,Marriott Hotel 26,Street 26,City_26,Country_26,427,527,Double,77.00,true,853,User_853,user853@gmail.com,853,853,Double,77.00,2025-03-14,2025-03-16,853,2,Good experience
2,Marriott,26,Marriott Hotel 26,Street 26,City_26,Country_26,428,528,Single,78.00,true,854,User_854,user854@gmail.com,854,854,Single,78.00,2025-03-15,2025-03-17,854,4,Great stay!
2,Marriott,26,Marriott Hotel 26,Street 26,City_26,Country_26,428,528,Single,78.00,true,855,User_855,user855@gmail.com,855,855,Single,78.00,2025-03-16,2025-03-18,855,4,Great stay!
2,Marriott,26,Marriott Hotel 26,Street 26,City_26,Country_26,429,529,Double,79.00,true,856,User_856,user856@gmail.com,856,856,Double,79.00,2025-03-17,2025-03-19,856,1,Good experience
2,Marriott,26,Marriott Hotel 26,Street 26,City_26,Country_26,430,530,Single,80.00,true,857,User_857,user857@gmail.com,857,857,Single,80.00,2025-03-18,2025-03-20,857,2,Good experience
2,Marriott,26,Marriott Hotel 26,Street 26,City_26,Country_26,430,530,Single,80.00,true,858,User_858,user858@gmail.com,858,858,Single,80.00,2025-03-19,2025-03-21,858,4,Great stay!
2,Marriott,26,Marriott Hotel 26,Street 26,City_26,Country_26,431,531,Double,81.00,false,859,User_859,user859@gmail.com,859,859,Double,81.00,2025-03-20,2025-03-22,859,5,Great stay!
2,Marriott,26,Marriott Hotel 26,Street 26,City_26,Country_26,431,531,Double,81.00,false,860,User_860,user860@gmail.com,860,860,Double,81.00,2025-03-21,2025-03-23,860,2,Good experience
2,Marriott,26,Marriott Hotel 26,Street 26,City_26,Country_26,431,531,Double,81.00,false,861,User_861,user861@gmail.com,861,861,Double,81.00,2025-03-22,2025-03-24,861,1,Good experience
2,Marriott,26,Marriott Hotel 26,Street 26,City_26,Country_26,432,532,Single,82.00,true,862,User_862,user862@gmail.com,862,862,Single,82.00,2025-03-23,2025-03-25,862,4,Great stay!
2,Marriott,26,Marriott Hotel 26,Street 26,City_26,Country_26,432,532,Single,82.00,true,863,User_863,user863@gmail.com,863,863,Single,82.00,2025-03-24,2025-03-26,863,5,Great stay!
2,Marriott,26,Marriott Hotel 26,Street 26,City_26,Country_26,433,533,Double,83.00,true,864,User_864,user864@gmail.com,864,864,Double,83.00,2025-03-25,2025-03-27,864,1,Good experience
2,Marriott,26,Marriott Hotel 26,Street 26,City_26,Country_26,433,533,Double,83.00,true,865,User_865,user865@gmail.com,865,865,Double,83.00,2025-03-26,2025-03-28,865,1,Good experience
2,Marriott,26,Marriott Hotel 26,Street 26,City_26,Country_26,434,534,Single,84.00,true,866,User_866,user866@gmail.com,866,866,Single,84.00,2025-03-27,2025-03-29,866,3,Good experience
2,Marriott,27,Marriott Hotel 27,Street 27,City_27,Country_27,435,535,Double,85.00,false,867,User_867,user867@gmail.com,867,867,Double,85.00,2025-03-28,2025-03-30,867,4,Great stay!
2,Marriott,27,Marriott Hotel 27,Street 27,City_27,Country_27,436,536,Single,86.00,true,868,User_868,user868@gmail.com,868,868,Single,86.00,2025-03-1,2025-03-3,868,3,Good experience
2,Marriott,27,Marriott Hotel 27,Street 27,City_27,Country_27,437,537,Double,87.00,true,869,User_869,user869@gmail.com,869,869,Double,87.00,2025-03-2,2025-03-4,869,5,Great stay!
2,Marriott,27,Marriott Hotel 27,Street 27,City_27,Country_27,437,537,Double,87.00,true,870,User_870,user870@gmail.com,870,870,Double,87.00,2025-03-3,2025-03-5,870,1,Good experience
2,Marriott,27,Marriott Hotel 27,Street 27,City_27,Country_27,437,537,Double,87.00,true,871,User_871,user871@gmail.com,871,871,Double,87.00,2025-03-4,2025-03-6,871,4,Great stay!
2,Marriott,27,Marriott Hotel 27,Street 27,City_27,Country_27,438,538,Single,88.00,true,872,User_872,user872@gmail.com,872,872,Single,88.00,2025-03-5,2025-03-7,872,3,Good experience
2,Marriott,27,Marriott Hotel 27,Street 27,City_27,Country_27,438,538,Single,88.00,true,873,User_873,user873@gmail.com,873,873,Single,88.00,2025-03-6,2025-03-8,873,2,Good experience
2,Marriott,27,Marriott Hotel 27,Street 27,City_27,Country_27,438,538,Single,88.00,true,874,User_874,user874@gmail.com,874,874,Single,88.00,2025-03-7,2025-03-9,874,3,Good experience
2,Marriott,27,Marriott Hotel 27,Street 27,City_27,Country_27,439,539,Double,89.00,true,875,User_875,user875@gmail.com,875,875,Double,89.00,2025-03-8,2025-03-10,875,3,Good experience
2,Marriott,27,Marriott Hotel 27,Street 27,City_27,Country_27,439,539,Double,89.00,true,876,User_876,user876@gmail.com,876,876,Double,89.00,2025-03-9,2025-03-11,876,4,Great stay!
2,Marriott,27,Marriott Hotel 27,Street 27,City_27,Country_27,440,540,Single,90.00,true,877,User_877,user877@gmail.com,877,877,Single,90.00,2025-03-10,2025-03-12,877,5,Great stay!
2,Marriott,27,Marriott Hotel 27,Street 27,City_27,Country_27,440,540,Single,90.00,true,878,User_878,user878@gmail.com,878,878,Single,90.00,2025-03-11,2025-03-13,878,1,Good experience
2,Marriott,27,Marriott Hotel 27,Street 27,City_27,Country_27,441,541,Double,91.00,true,879,User_879,user879@gmail.com,879,879,Double,91.00,2025-03-12,2025-03-14,879,4,Great stay!
2,Marriott,27,Marriott Hotel 27,Street 27,City_27,Country_27,441,541,Double,91.00,true,880,User_880,user880@gmail.com,880,880,Double,91.00,2025-03-13,2025-03-15,880,1,Good experience
2,Marriott,27,Marriott Hotel 27,Street 27,City_27,Country_27,442,542,Single,92.00,true,881,User_881,user881@gmail.com,881,881,Single,92.00,2025-03-14,2025-03-16,881,2,Good experience
2,Marriott,27,Marriott Hotel 27,Street 27,City_27,Country_27,442,542,Single,92.00,true,882,User_882,user882@gmail.com,882,882,Single,92.00,2025-03-15,2025-03-17,882,3,Good experience
2,Marriott,27,Marriott Hotel 27,Street 27,City_27,Country_27,442,542,Single,92.00,true,883,User_883,user883@gmail.com,883,883,Single,92.00,2025-03-16,2025-03-18,883,2,Good experience
2,Marriott,27,Marriott Hotel 27,Street 27,City_27,Country_27,443,543,Double,93.00,true,884,User_884,user884@gmail.com,884,884,Double,93.00,2025-03-17,2025-03-19,884,1,Good experience
2,Marriott,27,Marriott Hotel 27,Street 27,City_27,Country_27,443,543,Double,93.00,true,885,User_885,user885@gmail.com,885,885,Double,93.00,2025-03-18,2025-03-20,885,2,Good experience
2,Marriott,27,Marriott Hotel 27,Street 27,City_27,Country_27,443,543,Double,93.00,true,886,User_886,user886@gmail.com,886,886,Double,93.00,2025-03-19,2025-03-21,886,3,Good experience
2,Marriott,27,Marriott Hotel 27,Street 27,City_27,Country_27,444,544,Single,94.00,true,887,User_887,user887@gmail.com,887,887,Single,94.00,2025-03-20,2025-03-22,887,1,Good experience
2,Marriott,27,Marriott Hotel 27,Street 27,City_27,Country_27,445,545,Double,95.00,false,888,User_888,user888@gmail.com,888,888,Double,95.00,2025-03-21,2025-03-23,888,5,Great stay!
2,Marriott,27,Marriott Hotel 27,Street 27,City_27,Country_27,446,546,Single,96.00,true,889,User_889,user889@gmail.com,889,889,Single,96.00,2025-03-22,2025-03-24,889,3,Good experience
2,Marriott,27,Marriott Hotel 27,Street 27,City_27,Country_27,446,546,Single,96.00,true,890,User_890,user890@gmail.com,890,890,Single,96.00,2025-03-23,2025-03-25,890,4,Great stay!
2,Marriott,27,Marriott Hotel 27,Street 27,City_27,Country_27,446,546,Single,96.00,true,891,User_891,user891@gmail.com,891,891,Single,96.00,2025-03-24,2025-03-26,891,1,Good experience
2,Marriott,27,Marriott Hotel 27,Street 27,City_27,Country_27,447,547,Double,97.00,false,892,User_892,user892@gmail.com,892,892,Double,97.00,2025-03-25,2025-03-27,892,1,Good experience
2,Marriott,27,Marriott Hotel 27,Street 27,City_27,Country_27,447,547,Double,97.00,false,893,User_893,user893@gmail.com,893,893,Double,97.00,2025-03-26,2025-03-28,893,3,Good experience
2,Marriott,27,Marriott Hotel 27,Street 27,City_27,Country_27,447,547,Double,97.00,false,894,User_894,user894@gmail.com,894,894,Double,97.00,2025-03-27,2025-03-29,894,3,Good experience
2,Marriott,27,Marriott Hotel 27,Street 27,City_27,Country_27,448,548,Single,98.00,true,895,User_895,user895@gmail.com,895,895,Single,98.00,2025-03-28,2025-03-30,895,5,Great stay!
2,Marriott,27,Marriott Hotel 27,Street 27,City_27,Country_27,449,549,Double,99.00,true,896,User_896,user896@gmail.com,896,896,Double,99.00,2025-03-1,2025-03-3,896,4,Great stay!
2,Marriott,27,Marriott Hotel 27,Street 27,City_27,Country_27,450,550,Single,50.00,true,897,User_897,user897@gmail.com,897,897,Single,50.00,2025-03-2,2025-03-4,897,4,Great stay!
2,Marriott,27,Marriott Hotel 27,Street 27,City_27,Country_27,450,550,Single,50.00,true,898,User_898,user898@gmail.com,898,898,Single,50.00,2025-03-3,2025-03-5,898,4,Great stay!
2,Marriott,27,Marriott Hotel 27,Street 27,City_27,Country_27,450,550,Single,50.00,true,899,User_899,user899@gmail.com,899,899,Single,50.00,2025-03-4,2025-03-6,899,1,Good experience
2,Marriott,27,Marriott Hotel 27,Street 27,City_27,Country_27,451,551,Double,51.00,true,900,User_900,user900@gmail.com,900,900,Double,51.00,2025-03-5,2025-03-7,900,3,Good experience
2,Marriott,27,Marriott Hotel 27,Street 27,City_27,Country_27,451,551,Double,51.00,true,901,User_901,user901@gmail.com,901,901,Double,51.00,2025-03-6,2025-03-8,901,5,Great stay!
2,Marriott,27,Marriott Hotel 27,Street 27,City_27,Country_27,451,551,Double,51.00,true,902,User_902,user902@gmail.com,902,902,Double,51.00,2025-03-7,2025-03-9,902,5,Great stay!
2,Marriott,27,Marriott Hotel 27,Street 27,City_27,Country_27,452,552,Single,52.00,true,903,User_903,user903@gmail.com,903,903,Single,52.00,2025-03-8,2025-03-10,903,2,Good experience
2,Marriott,27,Marriott Hotel 27,Street 27,City_27,Country_27,453,553,Double,53.00,true,904,User_904,user904@gmail.com,904,904,Double,53.00,2025-03-9,2025-03-11,904,2,Good experience
2,Marriott,27,Marriott Hotel 27,Street 27,City_27,Country_27,453,553,Double,53.00,true,905,User_905,user905@gmail.com,905,905,Double,53.00,2025-03-10,2025-03-12,905,4,Great stay!
2,Marriott,27,Marriott Hotel 27,Street 27,City_27,Country_27,454,554,Single,54.00,false,906,User_906,user906@gmail.com,906,906,Single,54.00,2025-03-11,2025-03-13,906,2,Good experience
2,Marriott,27,Marriott Hotel 27,Street 27,City_27,Country_27,454,554,Single,54.00,false,907,User_907,user907@gmail.com,907,907,Single,54.00,2025-03-12,2025-03-14,907,1,Good experience
2,Marriott,27,Marriott Hotel 27,Street 27,City_27,Country_27,455,555,Double,55.00,true,908,User_908,user908@gmail.com,908,908,Double,55.00,2025-03-13,2025-03-15,908,5,Great stay!
2,Marriott,27,Marriott Hotel 27,Street 27,City_27,Country_27,455,555,Double,55.00,true,909,User_909,user909@gmail.com,909,909,Double,55.00,2025-03-14,2025-03-16,909,1,Good experience
2,Marriott,27,Marriott Hotel 27,Street 27,City_27,Country_27,456,556,Single,56.00,false,910,User_910,user910@gmail.com,910,910,Single,56.00,2025-03-15,2025-03-17,910,1,Good experience
2,Marriott,27,Marriott Hotel 27,Street 27,City_27,Country_27,456,556,Single,56.00,false,911,User_911,user911@gmail.com,911,911,Single,56.00,2025-03-16,2025-03-18,911,3,Good experience
2,Marriott,27,Marriott Hotel 27,Street 27,City_27,Country_27,457,557,Double,57.00,true,912,User_912,user912@gmail.com,912,912,Double,57.00,2025-03-17,2025-03-19,912,4,Great stay!
2,Marriott,27,Marriott Hotel 27,Street 27,City_27,Country_27,457,557,Double,57.00,true,913,User_913,user913@gmail.com,913,913,Double,57.00,2025-03-18,2025-03-20,913,2,Good experience
2,Marriott,27,Marriott Hotel 27,Street 27,City_27,Country_27,457,557,Double,57.00,true,914,User_914,user914@gmail.com,914,914,Double,57.00,2025-03-19,2025-03-21,914,2,Good experience
2,Marriott,28,Marriott Hotel 28,Street 28,City_28,Country_28,458,558,Single,58.00,true,915,User_915,user915@gmail.com,915,915,Single,58.00,2025-03-20,2025-03-22,915,3,Good experience
2,Marriott,28,Marriott Hotel 28,Street 28,City_28,Country_28,458,558,Single,58.00,true,916,User_916,user916@gmail.com,916,916,Single,58.00,2025-03-21,2025-03-23,916,4,Great stay!
2,Marriott,28,Marriott Hotel 28,Street 28,City_28,Country_28,459,559,Double,59.00,true,917,User_917,user917@gmail.com,917,917,Double,59.00,2025-03-22,2025-03-24,917,2,Good experience
2,Marriott,28,Marriott Hotel 28,Street 28,City_28,Country_28,459,559,Double,59.00,true,918,User_918,user918@gmail.com,918,918,Double,59.00,2025-03-23,2025-03-25,918,4,Great stay!
2,Marriott,28,Marriott Hotel 28,Street 28,City_28,Country_28,460,560,Single,60.00,true,919,User_919,user919@gmail.com,919,919,Single,60.00,2025-03-24,2025-03-26,919,4,Great stay!
2,Marriott,28,Marriott Hotel 28,Street 28,City_28,Country_28,460,560,Single,60.00,true,920,User_920,user920@gmail.com,920,920,Single,60.00,2025-03-25,2025-03-27,920,2,Good experience
2,Marriott,28,Marriott Hotel 28,Street 28,City_28,Country_28,460,560,Single,60.00,true,921,User_921,user921@gmail.com,921,921,Single,60.00,2025-03-26,2025-03-28,921,5,Great stay!
2,Marriott,28,Marriott Hotel 28,Street 28,City_28,Country_28,461,561,Double,61.00,true,922,User_922,user922@gmail.com,922,922,Double,61.00,2025-03-27,2025-03-29,922,1,Good experience
2,Marriott,28,Marriott Hotel 28,Street 28,City_28,Country_28,461,561,Double,61.00,true,923,User_923,user923@gmail.com,923,923,Double,61.00,2025-03-28,2025-03-30,923,2,Good experience
2,Marriott,28,Marriott Hotel 28,Street 28,City_28,Country_28,461,561,Double,61.00,true,924,User_924,user924@gmail.com,924,924,Double,61.00,2025-03-1,2025-03-3,924,2,Good experience
2,Marriott,28,Marriott Hotel 28,Street 28,City_28,Country_28,462,562,Single,62.00,true,925,User_925,user925@gmail.com,925,925,Single,62.00,2025-03-2,2025-03-4,925,3,Good experience
2,Marriott,28,Marriott Hotel 28,Street 28,City_28,Country_28,462,562,Single,62.00,true,926,User_926,user926@gmail.com,926,926,Single,62.00,2025-03-3,2025-03-5,926,2,Good experience
2,Marriott,28,Marriott Hotel 28,Street 28,City_28,Country_28,463,563,Double,63.00,true,927,User_927,user927@gmail.com,927,927,Double,63.00,2025-03-4,2025-03-6,927,3,Good experience
2,Marriott,28,Marriott Hotel 28,Street 28,City_28,Country_28,464,564,Single,64.00,true,928,User_928,user928@gmail.com,928,928,Single,64.00,2025-03-5,2025-03-7,928,4,Great stay!
2,Marriott,28,Marriott Hotel 28,Street 28,City_28,Country_28,465,565,Double,65.00,false,929,User_929,user929@gmail.com,929,929,Double,65.00,2025-03-6,2025-03-8,929,4,Great stay!
2,Marriott,28,Marriott Hotel 28,Street 28,City_28,Country_28,465,565,Double,65.00,false,930,User_930,user930@gmail.com,930,930,Double,65.00,2025-03-7,2025-03-9,930,4,Great stay!
2,Marriott,28,Marriott Hotel 28,Street 28,City_28,Country_28,466,566,Single,66.00,true,931,User_931,user931@gmail.com,931,931,Single,66.00,2025-03-8,2025-03-10,931,5,Great stay!
2,Marriott,28,Marriott Hotel 28,Street 28,City_28,Country_28,467,567,Double,67.00,true,932,User_932,user932@gmail.com,932,932,Double,67.00,2025-03-9,2025-03-11,932,3,Good experience
2,Marriott,28,Marriott Hotel 28,Street 28,City_28,Country_28,467,567,Double,67.00,true,933,User_933,user933@gmail.com,933,933,Double,67.00,2025-03-10,2025-03-12,933,1,Good experience
2,Marriott,28,Marriott Hotel 28,Street 28,City_28,Country_28,467,567,Double,67.00,true,934,User_934,user934@gmail.com,934,934,Double,67.00,2025-03-11,2025-03-13,934,2,Good experience
2,Marriott,28,Marriott Hotel 28,Street 28,City_28,Country_28,468,568,Single,68.00,true,935,User_935,user935@gmail.com,935,935,Single,68.00,2025-03-12,2025-03-14,935,3,Good experience
2,Marriott,28,Marriott Hotel 28,Street 28,City_28,Country_28,469,569,Double,69.00,true,936,User_936,user936@gmail.com,936,936,Double,69.00,2025-03-13,2025-03-15,936,4,Great stay!
2,Marriott,28,Marriott Hotel 28,Street 28,City_28,Country_28,469,569,Double,69.00,true,937,User_937,user937@gmail.com,937,937,Double,69.00,2025-03-14,2025-03-16,937,2,Good experience
2,Marriott,28,Marriott Hotel 28,Street 28,City_28,Country_28,470,570,Single,70.00,false,938,User_938,user938@gmail.com,938,938,Single,70.00,2025-03-15,2025-03-17,938,2,Good experience
2,Marriott,28,Marriott Hotel 28,Street 28,City_28,Country_28,470,570,Single,70.00,false,939,User_939,user939@gmail.com,939,939,Single,70.00,2025-03-16,2025-03-18,939,1,Good experience
2,Marriott,28,Marriott Hotel 28,Street 28,City_28,Country_28,470,570,Single,70.00,false,940,User_940,user940@gmail.com,940,940,Single,70.00,2025-03-17,2025-03-19,940,1,Good experience
2,Marriott,28,Marriott Hotel 28,Street 28,City_28,Country_28,471,571,Double,71.00,true,941,User_941,user941@gmail.com,941,941,Double,71.00,2025-03-18,2025-03-20,941,3,Good experience
2,Marriott,28,Marriott Hotel 28,Street 28,City_28,Country_28,471,571,Double,71.00,true,942,User_942,user942@gmail.com,942,942,Double,71.00,2025-03-19,2025-03-21,942,2,Good experience
2,Marriott,28,Marriott Hotel 28,Street 28,City_28,Country_28,472,572,Single,72.00,false,943,User_943,user943@gmail.com,943,943,Single,72.00,2025-03-20,2025-03-22,943,2,Good experience
2,Marriott,28,Marriott Hotel 28,Street 28,City_28,Country_28,473,573,Double,73.00,true,944,User_944,user944@gmail.com,944,944,Double,73.00,2025-03-21,2025-03-23,944,4,Great stay!
2,Marriott,28,Marriott Hotel 28,Street 28,City_28,Country_28,473,573,Double,73.00,true,945,User_945,user945@gmail.com,945,945,Double,73.00,2025-03-22,2025-03-24,945,3,Good experience
2,Marriott,28,Marriott Hotel 28,Street 28,City_28,Country_28,474,574,Single,74.00,true,946,User_946,user946@gmail.com,946,946,Single,74.00,2025-03-23,2025-03-25,946,1,Good experience
2,Marriott,28,Marriott Hotel 28,Street 28,City_28,Country_28,474,574,Single,74.00,true,947,User_947,user947@gmail.com,947,947,Single,74.00,2025-03-24,2025-03-26,947,1,Good experience
2,Marriott,28,Marriott Hotel 28,Street 28,City_28,Country_28,475,575,Double,75.00,true,948,User_948,user948@gmail.com,948,948,Double,75.00,2025-03-25,2025-03-27,948,1,Good experience
2,Marriott,29,Marriott Hotel 29,Street 29,City_29,Country_29,476,576,Single,76.00,true,949,User_949,user949@gmail.com,949,949,Single,76.00,2025-03-26,2025-03-28,949,2,Good experience
2,Marriott,29,Marriott Hotel 29,Street 29,City_29,Country_29,476,576,Single,76.00,true,950,User_950,user950@gmail.com,950,950,Single,76.00,2025-03-27,2025-03-29,950,4,Great stay!
2,Marriott,29,Marriott Hotel 29,Street 29,City_29,Country_29,477,577,Double,77.00,true,951,User_951,user951@gmail.com,951,951,Double,77.00,2025-03-28,2025-03-30,951,4,Great stay!
2,Marriott,29,Marriott Hotel 29,Street 29,City_29,Country_29,477,577,Double,77.00,true,952,User_952,user952@gmail.com,952,952,Double,77.00,2025-03-1,2025-03-3,952,3,Good experience
2,Marriott,29,Marriott Hotel 29,Street 29,City_29,Country_29,477,577,Double,77.00,true,953,User_953,user953@gmail.com,953,953,Double,77.00,2025-03-2,2025-03-4,953,3,Good experience
2,Marriott,29,Marriott Hotel 29,Street 29,City_29,Country_29,478,578,Single,78.00,true,954,User_954,user954@gmail.com,954,954,Single,78.00,2025-03-3,2025-03-5,954,4,Great stay!
2,Marriott,29,Marriott Hotel 29,Street 29,City_29,Country_29,478,578,Single,78.00,true,955,User_955,user955@gmail.com,955,955,Single,78.00,2025-03-4,2025-03-6,955,3,Good experience
2,Marriott,29,Marriott Hotel 29,Street 29,City_29,Country_29,478,578,Single,78.00,true,956,User_956,user956@gmail.com,956,956,Single,78.00,2025-03-5,2025-03-7,956,1,Good experience
2,Marriott,29,Marriott Hotel 29,Street 29,City_29,Country_29,479,579,Double,79.00,true,957,User_957,user957@gmail.com,957,957,Double,79.00,2025-03-6,2025-03-8,957,1,Good experience
2,Marriott,29,Marriott Hotel 29,Street 29,City_29,Country_29,479,579,Double,79.00,true,958,User_958,user958@gmail.com,958,958,Double,79.00,2025-03-7,2025-03-9,958,5,Great stay!
2,Marriott,29,Marriott Hotel 29,Street 29,City_29,Country_29,480,580,Single,80.00,true,959,User_959,user959@gmail.com,959,959,Single,80.00,2025-03-8,2025-03-10,959,4,Great stay!
2,Marriott,29,Marriott Hotel 29,Street 29,City_29,Country_29,480,580,Single,80.00,true,960,User_960,user960@gmail.com,960,960,Single,80.00,2025-03-9,2025-03-11,960,2,Good experience
2,Marriott,30,Marriott Hotel 30,Street 30,City_30,Country_30,481,581,Double,81.00,true,961,User_961,user961@gmail.com,961,961,Double,81.00,2025-03-10,2025-03-12,961,5,Great stay!
2,Marriott,30,Marriott Hotel 30,Street 30,City_30,Country_30,482,582,Single,82.00,true,962,User_962,user962@gmail.com,962,962,Single,82.00,2025-03-11,2025-03-13,962,5,Great stay!
2,Marriott,30,Marriott Hotel 30,Street 30,City_30,Country_30,482,582,Single,82.00,true,963,User_963,user963@gmail.com,963,963,Single,82.00,2025-03-12,2025-03-14,963,4,Great stay!
2,Marriott,30,Marriott Hotel 30,Street 30,City_30,Country_30,482,582,Single,82.00,true,964,User_964,user964@gmail.com,964,964,Single,82.00,2025-03-13,2025-03-15,964,5,Great stay!
2,Marriott,30,Marriott Hotel 30,Street 30,City_30,Country_30,483,583,Double,83.00,true,965,User_965,user965@gmail.com,965,965,Double,83.00,2025-03-14,2025-03-16,965,1,Good experience
2,Marriott,30,Marriott Hotel 30,Street 30,City_30,Country_30,483,583,Double,83.00,true,966,User_966,user966@gmail.com,966,966,Double,83.00,2025-03-15,2025-03-17,966,5,Great stay!
2,Marriott,30,Marriott Hotel 30,Street 30,City_30,Country_30,484,584,Single,84.00,true,967,User_967,user967@gmail.com,967,967,Single,84.00,2025-03-16,2025-03-18,967,4,Great stay!
2,Marriott,30,Marriott Hotel 30,Street 30,City_30,Country_30,484,584,Single,84.00,true,968,User_968,user968@gmail.com,968,968,Single,84.00,2025-03-17,2025-03-19,968,4,Great stay!
2,Marriott,30,Marriott Hotel 30,Street 30,City_30,Country_30,485,585,Double,85.00,true,969,User_969,user969@gmail.com,969,969,Double,85.00,2025-03-18,2025-03-20,969,3,Good experience
2,Marriott,30,Marriott Hotel 30,Street 30,City_30,Country_30,485,585,Double,85.00,true,970,User_970,user970@gmail.com,970,970,Double,85.00,2025-03-19,2025-03-21,970,2,Good experience
2,Marriott,30,Marriott Hotel 30,Street 30,City_30,Country_30,485,585,Double,85.00,true,971,User_971,user971@gmail.com,971,971,Double,85.00,2025-03-20,2025-03-22,971,5,Great stay!
2,Marriott,30,Marriott Hotel 30,Street 30,City_30,Country_30,486,586,Single,86.00,true,972,User_972,user972@gmail.com,972,972,Single,86.00,2025-03-21,2025-03-23,972,2,Good experience
2,Marriott,30,Marriott Hotel 30,Street 30,City_30,Country_30,487,587,Double,87.00,true,973,User_973,user973@gmail.com,973,973,Double,87.00,2025-03-22,2025-03-24,973,1,Good experience
2,Marriott,30,Marriott Hotel 30,Street 30,City_30,Country_30,488,588,Single,88.00,true,974,User_974,user974@gmail.com,974,974,Single,88.00,2025-03-23,2025-03-25,974,2,Good experience
2,Marriott,30,Marriott Hotel 30,Street 30,City_30,Country_30,489,589,Double,89.00,true,975,User_975,user975@gmail.com,975,975,Double,89.00,2025-03-24,2025-03-26,975,2,Good experience
2,Marriott,30,Marriott Hotel 30,Street 30,City_30,Country_30,489,589,Double,89.00,true,976,User_976,user976@gmail.com,976,976,Double,89.00,2025-03-25,2025-03-27,976,2,Good experience
2,Marriott,30,Marriott Hotel 30,Street 30,City_30,Country_30,490,590,Single,90.00,true,977,User_977,user977@gmail.com,977,977,Single,90.00,2025-03-26,2025-03-28,977,3,Good experience
2,Marriott,30,Marriott Hotel 30,Street 30,City_30,Country_30,490,590,Single,90.00,true,978,User_978,user978@gmail.com,978,978,Single,90.00,2025-03-27,2025-03-29,978,5,Great stay!
2,Marriott,30,Marriott Hotel 30,Street 30,City_30,Country_30,490,590,Single,90.00,true,979,User_979,user979@gmail.com,979,979,Single,90.00,2025-03-28,2025-03-30,979,1,Good experience
2,Marriott,31,Marriott Hotel 31,Street 31,City_31,Country_31,491,591,Double,91.00,true,980,User_980,user980@gmail.com,980,980,Double,91.00,2025-03-1,2025-03-3,980,1,Good experience
2,Marriott,31,Marriott Hotel 31,Street 31,City_31,Country_31,491,591,Double,91.00,true,981,User_981,user981@gmail.com,981,981,Double,91.00,2025-03-2,2025-03-4,981,1,Good experience
2,Marriott,31,Marriott Hotel 31,Street 31,City_31,Country_31,491,591,Double,91.00,true,982,User_982,user982@gmail.com,982,982,Double,91.00,2025-03-3,2025-03-5,982,4,Great stay!
2,Marriott,31,Marriott Hotel 31,Street 31,City_31,Country_31,492,592,Single,92.00,true,983,User_983,user983@gmail.com,983,983,Single,92.00,2025-03-4,2025-03-6,983,3,Good experience
2,Marriott,31,Marriott Hotel 31,Street 31,City_31,Country_31,492,592,Single,92.00,true,984,User_984,user984@gmail.com,984,984,Single,92.00,2025-03-5,2025-03-7,984,4,Great stay!
2,Marriott,31,Marriott Hotel 31,Street 31,City_31,Country_31,493,593,Double,93.00,true,985,User_985,user985@gmail.com,985,985,Double,93.00,2025-03-6,2025-03-8,985,2,Good experience
2,Marriott,31,Marriott Hotel 31,Street 31,City_31,Country_31,493,593,Double,93.00,true,986,User_986,user986@gmail.com,986,986,Double,93.00,2025-03-7,2025-03-9,986,5,Great stay!
2,Marriott,31,Marriott Hotel 31,Street 31,City_31,Country_31,494,594,Single,94.00,true,987,User_987,user987@gmail.com,987,987,Single,94.00,2025-03-8,2025-03-10,987,4,Great stay!
2,Marriott,31,Marriott Hotel 31,Street 31,City_31,Country_31,494,594,Single,94.00,true,988,User_988,user988@gmail.com,988,988,Single,94.00,2025-03-9,2025-03-11,988,5,Great stay!
2,Marriott,31,Marriott Hotel 31,Street 31,City_31,Country_31,495,595,Double,95.00,false,989,User_989,user989@gmail.com,989,989,Double,95.00,2025-03-10,2025-03-12,989,4,Great stay!
2,Marriott,31,Marriott Hotel 31,Street 31,City_31,Country_31,495,595,Double,95.00,false,990,User_990,user990@gmail.com,990,990,Double,95.00,2025-03-11,2025-03-13,990,4,Great stay!
2,Marriott,31,Marriott Hotel 31,Street 31,City_31,Country_31,495,595,Double,95.00,false,991,User_991,user991@gmail.com,991,991,Double,95.00,2025-03-12,2025-03-14,991,3,Good experience
2,Marriott,31,Marriott Hotel 31,Street 31,City_31,Country_31,496,596,Single,96.00,true,992,User_992,user992@gmail.com,992,992,Single,96.00,2025-03-13,2025-03-15,992,3,Good experience
2,Marriott,31,Marriott Hotel 31,Street 31,City_31,Country_31,497,597,Double,97.00,true,993,User_993,user993@gmail.com,993,993,Double,97.00,2025-03-14,2025-03-16,993,1,Good experience
2,Marriott,31,Marriott Hotel 31,Street 31,City_31,Country_31,497,597,Double,97.00,true,994,User_994,user994@gmail.com,994,994,Double,97.00,2025-03-15,2025-03-17,994,4,Great stay!
2,Marriott,31,Marriott Hotel 31,Street 31,City_31,Country_31,498,598,Single,98.00,false,995,User_995,user995@gmail.com,995,995,Single,98.00,2025-03-16,2025-03-18,995,1,Good experience
2,Marriott,31,Marriott Hotel 31,Street 31,City_31,Country_31,498,598,Single,98.00,false,996,User_996,user996@gmail.com,996,996,Single,98.00,2025-03-17,2025-03-19,996,1,Good experience
2,Marriott,31,Marriott Hotel 31,Street 31,City_31,Country_31,499,599,Double,99.00,true,997,User_997,user997@gmail.com,997,997,Double,99.00,2025-03-18,2025-03-20,997,1,Good experience
2,Marriott,31,Marriott Hotel 31,Street 31,City_31,Country_31,499,599,Double,99.00,true,998,User_998,user998@gmail.com,998,998,Double,99.00,2025-03-19,2025-03-21,998,4,Great stay!
2,Marriott,31,Marriott Hotel 31,Street 31,City_31,Country_31,499,599,Double,99.00,true,999,User_999,user999@gmail.com,999,999,Double,99.00,2025-03-20,2025-03-22,999,5,Great stay!
2,Marriott,32,Marriott Hotel 32,Street 32,City_32,Country_32,500,600,Single,50.00,true,1000,User_1000,user1000@gmail.com,1000,1000,Single,50.00,2025-03-21,2025-03-23,1000,5,Great stay!
2,Marriott,32,Marriott Hotel 32,Street 32,City_32,Country_32,501,601,Double,51.00,true,1001,User_1001,user1001@gmail.com,1001,1001,Double,51.00,2025-03-22,2025-03-24,1001,4,Great stay!
2,Marriott,32,Marriott Hotel 32,Street 32,City_32,Country_32,501,601,Double,51.00,true,1002,User_1002,user1002@gmail.com,1002,1002,Double,51.00,2025-03-23,2025-03-25,1002,2,Good experience
2,Marriott,32,Marriott Hotel 32,Street 32,City_32,Country_32,501,601,Double,51.00,true,1003,User_1003,user1003@gmail.com,1003,1003,Double,51.00,2025-03-24,2025-03-26,1003,2,Good experience
2,Marriott,32,Marriott Hotel 32,Street 32,City_32,Country_32,502,602,Single,52.00,true,1004,User_1004,user1004@gmail.com,1004,1004,Single,52.00,2025-03-25,2025-03-27,1004,5,Great stay!
2,Marriott,32,Marriott Hotel 32,Street 32,City_32,Country_32,502,602,Single,52.00,true,1005,User_1005,user1005@gmail.com,1005,1005,Single,52.00,2025-03-26,2025-03-28,1005,3,Good experience
2,Marriott,32,Marriott Hotel 32,Street 32,City_32,Country_32,502,602,Single,52.00,true,1006,User_1006,user1006@gmail.com,1006,1006,Single,52.00,2025-03-27,2025-03-29,1006,5,Great stay!
2,Marriott,32,Marriott Hotel 32,Street 32,City_32,Country_32,503,603,Double,53.00,true,1007,User_1007,user1007@gmail.com,1007,1007,Double,53.00,2025-03-28,2025-03-30,1007,3,Good experience
2,Marriott,32,Marriott Hotel 32,Street 32,City_32,Country_32,504,604,Single,54.00,true,1008,User_1008,user1008@gmail.com,1008,1008,Single,54.00,2025-03-1,2025-03-3,1008,4,Great stay!
2,Marriott,32,Marriott Hotel 32,Street 32,City_32,Country_32,504,604,Single,54.00,true,1009,User_1009,user1009@gmail.com,1009,1009,Single,54.00,2025-03-2,2025-03-4,1009,1,Good experience
2,Marriott,32,Marriott Hotel 32,Street 32,City_32,Country_32,505,605,Double,55.00,false,1010,User_1010,user1010@gmail.com,1010,1010,Double,55.00,2025-03-3,2025-03-5,1010,1,Good experience
2,Marriott,32,Marriott Hotel 32,Street 32,City_32,Country_32,506,606,Single,56.00,true,1011,User_1011,user1011@gmail.com,1011,1011,Single,56.00,2025-03-4,2025-03-6,1011,4,Great stay!
2,Marriott,32,Marriott Hotel 32,Street 32,City_32,Country_32,507,607,Double,57.00,true,1012,User_1012,user1012@gmail.com,1012,1012,Double,57.00,2025-03-5,2025-03-7,1012,3,Good experience
2,Marriott,32,Marriott Hotel 32,Street 32,City_32,Country_32,507,607,Double,57.00,true,1013,User_1013,user1013@gmail.com,1013,1013,Double,57.00,2025-03-6,2025-03-8,1013,5,Great stay!
2,Marriott,32,Marriott Hotel 32,Street 32,City_32,Country_32,507,607,Double,57.00,true,1014,User_1014,user1014@gmail.com,1014,1014,Double,57.00,2025-03-7,2025-03-9,1014,5,Great stay!
2,Marriott,32,Marriott Hotel 32,Street 32,City_32,Country_32,508,608,Single,58.00,true,1015,User_1015,user1015@gmail.com,1015,1015,Single,58.00,2025-03-8,2025-03-10,1015,4,Great stay!
2,Marriott,32,Marriott Hotel 32,Street 32,City_32,Country_32,508,608,Single,58.00,true,1016,User_1016,user1016@gmail.com,1016,1016,Single,58.00,2025-03-9,2025-03-11,1016,5,Great stay!
2,Marriott,32,Marriott Hotel 32,Street 32,City_32,Country_32,508,608,Single,58.00,true,1017,User_1017,user1017@gmail.com,1017,1017,Single,58.00,2025-03-10,2025-03-12,1017,4,Great stay!
2,Marriott,32,Marriott Hotel 32,Street 32,City_32,Country_32,509,609,Double,59.00,false,1018,User_1018,user1018@gmail.com,1018,1018,Double,59.00,2025-03-11,2025-03-13,1018,1,Good experience
2,Marriott,32,Marriott Hotel 32,Street 32,City_32,Country_32,510,610,Single,60.00,false,1019,User_1019,user1019@gmail.com,1019,1019,Single,60.00,2025-03-12,2025-03-14,1019,1,Good experience
2,Marriott,32,Marriott Hotel 32,Street 32,City_32,Country_32,510,610,Single,60.00,false,1020,User_1020,user1020@gmail.com,1020,1020,Single,60.00,2025-03-13,2025-03-15,1020,1,Good experience
2,Marriott,32,Marriott Hotel 32,Street 32,City_32,Country_32,510,610,Single,60.00,false,1021,User_1021,user1021@gmail.com,1021,1021,Single,60.00,2025-03-14,2025-03-16,1021,5,Great stay!
2,Marriott,32,Marriott Hotel 32,Street 32,City_32,Country_32,511,611,Double,61.00,true,1022,User_1022,user1022@gmail.com,1022,1022,Double,61.00,2025-03-15,2025-03-17,1022,3,Good experience
2,Marriott,32,Marriott Hotel 32,Street 32,City_32,Country_32,512,612,Single,62.00,true,1023,User_1023,user1023@gmail.com,1023,1023,Single,62.00,2025-03-16,2025-03-18,1023,4,Great stay!
2,Marriott,32,Marriott Hotel 32,Street 32,City_32,Country_32,512,612,Single,62.00,true,1024,User_1024,user1024@gmail.com,1024,1024,Single,62.00,2025-03-17,2025-03-19,1024,5,Great stay!
2,Marriott,32,Marriott Hotel 32,Street 32,City_32,Country_32,512,612,Single,62.00,true,1025,User_1025,user1025@gmail.com,1025,1025,Single,62.00,2025-03-18,2025-03-20,1025,4,Great stay!
2,Marriott,32,Marriott Hotel 32,Street 32,City_32,Country_32,513,613,Double,63.00,true,1026,User_1026,user1026@gmail.com,1026,1026,Double,63.00,2025-03-19,2025-03-21,1026,1,Good experience
2,Marriott,32,Marriott Hotel 32,Street 32,City_32,Country_32,514,614,Single,64.00,true,1027,User_1027,user1027@gmail.com,1027,1027,Single,64.00,2025-03-20,2025-03-22,1027,5,Great stay!
2,Marriott,32,Marriott Hotel 32,Street 32,City_32,Country_32,514,614,Single,64.00,true,1028,User_1028,user1028@gmail.com,1028,1028,Single,64.00,2025-03-21,2025-03-23,1028,4,Great stay!
2,Marriott,32,Marriott Hotel 32,Street 32,City_32,Country_32,514,614,Single,64.00,true,1029,User_1029,user1029@gmail.com,1029,1029,Single,64.00,2025-03-22,2025-03-24,1029,2,Good experience
2,Marriott,32,Marriott Hotel 32,Street 32,City_32,Country_32,515,615,Double,65.00,false,1030,User_1030,user1030@gmail.com,1030,1030,Double,65.00,2025-03-23,2025-03-25,1030,3,Good experience
2,Marriott,32,Marriott Hotel 32,Street 32,City_32,Country_32,515,615,Double,65.00,false,1031,User_1031,user1031@gmail.com,1031,1031,Double,65.00,2025-03-24,2025-03-26,1031,2,Good experience
2,Marriott,32,Marriott Hotel 32,Street 32,City_32,Country_32,515,615,Double,65.00,false,1032,User_1032,user1032@gmail.com,1032,1032,Double,65.00,2025-03-25,2025-03-27,1032,1,Good experience
2,Marriott,32,Marriott Hotel 32,Street 32,City_32,Country_32,516,616,Single,66.00,true,1033,User_1033,user1033@gmail.com,1033,1033,Single,66.00,2025-03-26,2025-03-28,1033,3,Good experience
2,Marriott,32,Marriott Hotel 32,Street 32,City_32,Country_32,517,617,Double,67.00,true,1034,User_1034,user1034@gmail.com,1034,1034,Double,67.00,2025-03-27,2025-03-29,1034,1,Good experience
2,Marriott,32,Marriott Hotel 32,Street 32,City_32,Country_32,518,618,Single,68.00,true,1035,User_1035,user1035@gmail.com,1035,1035,Single,68.00,2025-03-28,2025-03-30,1035,5,Great stay!
2,Marriott,33,Marriott Hotel 33,Street 33,City_33,Country_33,519,619,Double,69.00,true,1036,User_1036,user1036@gmail.com,1036,1036,Double,69.00,2025-03-1,2025-03-3,1036,5,Great stay!
2,Marriott,33,Marriott Hotel 33,Street 33,City_33,Country_33,519,619,Double,69.00,true,1037,User_1037,user1037@gmail.com,1037,1037,Double,69.00,2025-03-2,2025-03-4,1037,5,Great stay!
2,Marriott,33,Marriott Hotel 33,Street 33,City_33,Country_33,519,619,Double,69.00,true,1038,User_1038,user1038@gmail.com,1038,1038,Double,69.00,2025-03-3,2025-03-5,1038,2,Good experience
2,Marriott,33,Marriott Hotel 33,Street 33,City_33,Country_33,520,620,Single,70.00,true,1039,User_1039,user1039@gmail.com,1039,1039,Single,70.00,2025-03-4,2025-03-6,1039,3,Good experience
2,Marriott,33,Marriott Hotel 33,Street 33,City_33,Country_33,520,620,Single,70.00,true,1040,User_1040,user1040@gmail.com,1040,1040,Single,70.00,2025-03-5,2025-03-7,1040,5,Great stay!
2,Marriott,33,Marriott Hotel 33,Street 33,City_33,Country_33,520,620,Single,70.00,true,1041,User_1041,user1041@gmail.com,1041,1041,Single,70.00,2025-03-6,2025-03-8,1041,1,Good experience
2,Marriott,33,Marriott Hotel 33,Street 33,City_33,Country_33,521,621,Double,71.00,false,1042,User_1042,user1042@gmail.com,1042,1042,Double,71.00,2025-03-7,2025-03-9,1042,5,Great stay!
2,Marriott,33,Marriott Hotel 33,Street 33,City_33,Country_33,522,622,Single,72.00,true,1043,User_1043,user1043@gmail.com,1043,1043,Single,72.00,2025-03-8,2025-03-10,1043,4,Great stay!
2,Marriott,33,Marriott Hotel 33,Street 33,City_33,Country_33,523,623,Double,73.00,false,1044,User_1044,user1044@gmail.com,1044,1044,Double,73.00,2025-03-9,2025-03-11,1044,3,Good experience
2,Marriott,33,Marriott Hotel 33,Street 33,City_33,Country_33,523,623,Double,73.00,false,1045,User_1045,user1045@gmail.com,1045,1045,Double,73.00,2025-03-10,2025-03-12,1045,2,Good experience
2,Marriott,33,Marriott Hotel 33,Street 33,City_33,Country_33,524,624,Single,74.00,true,1046,User_1046,user1046@gmail.com,1046,1046,Single,74.00,2025-03-11,2025-03-13,1046,4,Great stay!
2,Marriott,33,Marriott Hotel 33,Street 33,City_33,Country_33,525,625,Double,75.00,true,1047,User_1047,user1047@gmail.com,1047,1047,Double,75.00,2025-03-12,2025-03-14,1047,1,Good experience
2,Marriott,33,Marriott Hotel 33,Street 33,City_33,Country_33,525,625,Double,75.00,true,1048,User_1048,user1048@gmail.com,1048,1048,Double,75.00,2025-03-13,2025-03-15,1048,4,Great stay!
2,Marriott,33,Marriott Hotel 33,Street 33,City_33,Country_33,526,626,Single,76.00,true,1049,User_1049,user1049@gmail.com,1049,1049,Single,76.00,2025-03-14,2025-03-16,1049,4,Great stay!
2,Marriott,33,Marriott Hotel 33,Street 33,City_33,Country_33,526,626,Single,76.00,true,1050,User_1050,user1050@gmail.com,1050,1050,Single,76.00,2025-03-15,2025-03-17,1050,2,Good experience
2,Marriott,33,Marriott Hotel 33,Street 33,City_33,Country_33,527,627,Double,77.00,true,1051,User_1051,user1051@gmail.com,1051,1051,Double,77.00,2025-03-16,2025-03-18,1051,1,Good experience
2,Marriott,33,Marriott Hotel 33,Street 33,City_33,Country_33,527,627,Double,77.00,true,1052,User_1052,user1052@gmail.com,1052,1052,Double,77.00,2025-03-17,2025-03-19,1052,3,Good experience
2,Marriott,33,Marriott Hotel 33,Street 33,City_33,Country_33,527,627,Double,77.00,true,1053,User_1053,user1053@gmail.com,1053,1053,Double,77.00,2025-03-18,2025-03-20,1053,2,Good experience
2,Marriott,33,Marriott Hotel 33,Street 33,City_33,Country_33,528,628,Single,78.00,true,1054,User_1054,user1054@gmail.com,1054,1054,Single,78.00,2025-03-19,2025-03-21,1054,3,Good experience
2,Marriott,33,Marriott Hotel 33,Street 33,City_33,Country_33,528,628,Single,78.00,true,1055,User_1055,user1055@gmail.com,1055,1055,Single,78.00,2025-03-20,2025-03-22,1055,3,Good experience
2,Marriott,33,Marriott Hotel 33,Street 33,City_33,Country_33,529,629,Double,79.00,true,1056,User_1056,user1056@gmail.com,1056,1056,Double,79.00,2025-03-21,2025-03-23,1056,5,Great stay!
2,Marriott,33,Marriott Hotel 33,Street 33,City_33,Country_33,529,629,Double,79.00,true,1057,User_1057,user1057@gmail.com,1057,1057,Double,79.00,2025-03-22,2025-03-24,1057,4,Great stay!
2,Marriott,33,Marriott Hotel 33,Street 33,City_33,Country_33,529,629,Double,79.00,true,1058,User_1058,user1058@gmail.com,1058,1058,Double,79.00,2025-03-23,2025-03-25,1058,2,Good experience
2,Marriott,33,Marriott Hotel 33,Street 33,City_33,Country_33,530,630,Single,80.00,false,1059,User_1059,user1059@gmail.com,1059,1059,Single,80.00,2025-03-24,2025-03-26,1059,4,Great stay!
2,Marriott,33,Marriott Hotel 33,Street 33,City_33,Country_33,530,630,Single,80.00,false,1060,User_1060,user1060@gmail.com,1060,1060,Single,80.00,2025-03-25,2025-03-27,1060,1,Good experience
2,Marriott,33,Marriott Hotel 33,Street 33,City_33,Country_33,531,631,Double,81.00,true,1061,User_1061,user1061@gmail.com,1061,1061,Double,81.00,2025-03-26,2025-03-28,1061,4,Great stay!
2,Marriott,33,Marriott Hotel 33,Street 33,City_33,Country_33,532,632,Single,82.00,true,1062,User_1062,user1062@gmail.com,1062,1062,Single,82.00,2025-03-27,2025-03-29,1062,3,Good experience
2,Marriott,33,Marriott Hotel 33,Street 33,City_33,Country_33,532,632,Single,82.00,true,1063,User_1063,user1063@gmail.com,1063,1063,Single,82.00,2025-03-28,2025-03-30,1063,3,Good experience
2,Marriott,33,Marriott Hotel 33,Street 33,City_33,Country_33,533,633,Double,83.00,true,1064,User_1064,user1064@gmail.com,1064,1064,Double,83.00,2025-03-1,2025-03-3,1064,2,Good experience
2,Marriott,33,Marriott Hotel 33,Street 33,City_33,Country_33,533,633,Double,83.00,true,1065,User_1065,user1065@gmail.com,1065,1065,Double,83.00,2025-03-2,2025-03-4,1065,2,Good experience
2,Marriott,33,Marriott Hotel 33,Street 33,City_33,Country_33,533,633,Double,83.00,true,1066,User_1066,user1066@gmail.com,1066,1066,Double,83.00,2025-03-3,2025-03-5,1066,5,Great stay!
2,Marriott,33,Marriott Hotel 33,Street 33,City_33,Country_33,534,634,Single,84.00,true,1067,User_1067,user1067@gmail.com,1067,1067,Single,84.00,2025-03-4,2025-03-6,1067,1,Good experience
2,Marriott,33,Marriott Hotel 33,Street 33,City_33,Country_33,534,634,Single,84.00,true,1068,User_1068,user1068@gmail.com,1068,1068,Single,84.00,2025-03-5,2025-03-7,1068,5,Great stay!
2,Marriott,34,Marriott Hotel 34,Street 34,City_34,Country_34,535,635,Double,85.00,true,1069,User_1069,user1069@gmail.com,1069,1069,Double,85.00,2025-03-6,2025-03-8,1069,2,Good experience
2,Marriott,34,Marriott Hotel 34,Street 34,City_34,Country_34,535,635,Double,85.00,true,1070,User_1070,user1070@gmail.com,1070,1070,Double,85.00,2025-03-7,2025-03-9,1070,3,Good experience
2,Marriott,34,Marriott Hotel 34,Street 34,City_34,Country_34,535,635,Double,85.00,true,1071,User_1071,user1071@gmail.com,1071,1071,Double,85.00,2025-03-8,2025-03-10,1071,2,Good experience
2,Marriott,34,Marriott Hotel 34,Street 34,City_34,Country_34,536,636,Single,86.00,true,1072,User_1072,user1072@gmail.com,1072,1072,Single,86.00,2025-03-9,2025-03-11,1072,4,Great stay!
2,Marriott,34,Marriott Hotel 34,Street 34,City_34,Country_34,536,636,Single,86.00,true,1073,User_1073,user1073@gmail.com,1073,1073,Single,86.00,2025-03-10,2025-03-12,1073,4,Great stay!
2,Marriott,34,Marriott Hotel 34,Street 34,City_34,Country_34,537,637,Double,87.00,false,1074,User_1074,user1074@gmail.com,1074,1074,Double,87.00,2025-03-11,2025-03-13,1074,4,Great stay!
2,Marriott,34,Marriott Hotel 34,Street 34,City_34,Country_34,537,637,Double,87.00,false,1075,User_1075,user1075@gmail.com,1075,1075,Double,87.00,2025-03-12,2025-03-14,1075,5,Great stay!
2,Marriott,34,Marriott Hotel 34,Street 34,City_34,Country_34,537,637,Double,87.00,false,1076,User_1076,user1076@gmail.com,1076,1076,Double,87.00,2025-03-13,2025-03-15,1076,4,Great stay!
2,Marriott,34,Marriott Hotel 34,Street 34,City_34,Country_34,538,638,Single,88.00,true,1077,User_1077,user1077@gmail.com,1077,1077,Single,88.00,2025-03-14,2025-03-16,1077,3,Good experience
2,Marriott,34,Marriott Hotel 34,Street 34,City_34,Country_34,538,638,Single,88.00,true,1078,User_1078,user1078@gmail.com,1078,1078,Single,88.00,2025-03-15,2025-03-17,1078,2,Good experience
2,Marriott,34,Marriott Hotel 34,Street 34,City_34,Country_34,538,638,Single,88.00,true,1079,User_1079,user1079@gmail.com,1079,1079,Single,88.00,2025-03-16,2025-03-18,1079,3,Good experience
2,Marriott,34,Marriott Hotel 34,Street 34,City_34,Country_34,539,639,Double,89.00,true,1080,User_1080,user1080@gmail.com,1080,1080,Double,89.00,2025-03-17,2025-03-19,1080,1,Good experience
2,Marriott,34,Marriott Hotel 34,Street 34,City_34,Country_34,540,640,Single,90.00,false,1081,User_1081,user1081@gmail.com,1081,1081,Single,90.00,2025-03-18,2025-03-20,1081,5,Great stay!
2,Marriott,34,Marriott Hotel 34,Street 34,City_34,Country_34,541,641,Double,91.00,true,1082,User_1082,user1082@gmail.com,1082,1082,Double,91.00,2025-03-19,2025-03-21,1082,3,Good experience
2,Marriott,34,Marriott Hotel 34,Street 34,City_34,Country_34,541,641,Double,91.00,true,1083,User_1083,user1083@gmail.com,1083,1083,Double,91.00,2025-03-20,2025-03-22,1083,2,Good experience
2,Marriott,34,Marriott Hotel 34,Street 34,City_34,Country_34,542,642,Single,92.00,false,1084,User_1084,user1084@gmail.com,1084,1084,Single,92.00,2025-03-21,2025-03-23,1084,3,Good experience
2,Marriott,34,Marriott Hotel 34,Street 34,City_34,Country_34,543,643,Double,93.00,true,1085,User_1085,user1085@gmail.com,1085,1085,Double,93.00,2025-03-22,2025-03-24,1085,3,Good experience
2,Marriott,34,Marriott Hotel 34,Street 34,City_34,Country_34,543,643,Double,93.00,true,1086,User_1086,user1086@gmail.com,1086,1086,Double,93.00,2025-03-23,2025-03-25,1086,2,Good experience
2,Marriott,34,Marriott Hotel 34,Street 34,City_34,Country_34,544,644,Single,94.00,true,1087,User_1087,user1087@gmail.com,1087,1087,Single,94.00,2025-03-24,2025-03-26,1087,1,Good experience
2,Marriott,34,Marriott Hotel 34,Street 34,City_34,Country_34,544,644,Single,94.00,true,1088,User_1088,user1088@gmail.com,1088,1088,Single,94.00,2025-03-25,2025-03-27,1088,1,Good experience
2,Marriott,34,Marriott Hotel 34,Street 34,City_34,Country_34,544,644,Single,94.00,true,1089,User_1089,user1089@gmail.com,1089,1089,Single,94.00,2025-03-26,2025-03-28,1089,1,Good experience
2,Marriott,34,Marriott Hotel 34,Street 34,City_34,Country_34,545,645,Double,95.00,false,1090,User_1090,user1090@gmail.com,1090,1090,Double,95.00,2025-03-27,2025-03-29,1090,2,Good experience
2,Marriott,34,Marriott Hotel 34,Street 34,City_34,Country_34,545,645,Double,95.00,false,1091,User_1091,user1091@gmail.com,1091,1091,Double,95.00,2025-03-28,2025-03-30,1091,5,Great stay!
2,Marriott,34,Marriott Hotel 34,Street 34,City_34,Country_34,546,646,Single,96.00,false,1092,User_1092,user1092@gmail.com,1092,1092,Single,96.00,2025-03-1,2025-03-3,1092,4,Great stay!
2,Marriott,34,Marriott Hotel 34,Street 34,City_34,Country_34,546,646,Single,96.00,false,1093,User_1093,user1093@gmail.com,1093,1093,Single,96.00,2025-03-2,2025-03-4,1093,2,Good experience
2,Marriott,34,Marriott Hotel 34,Street 34,City_34,Country_34,546,646,Single,96.00,false,1094,User_1094,user1094@gmail.com,1094,1094,Single,96.00,2025-03-3,2025-03-5,1094,2,Good experience
2,Marriott,34,Marriott Hotel 34,Street 34,City_34,Country_34,547,647,Double,97.00,false,1095,User_1095,user1095@gmail.com,1095,1095,Double,97.00,2025-03-4,2025-03-6,1095,1,Good experience
2,Marriott,34,Marriott Hotel 34,Street 34,City_34,Country_34,547,647,Double,97.00,false,1096,User_1096,user1096@gmail.com,1096,1096,Double,97.00,2025-03-5,2025-03-7,1096,5,Great stay!
2,Marriott,35,Marriott Hotel 35,Street 35,City_35,Country_35,548,648,Single,98.00,true,1097,User_1097,user1097@gmail.com,1097,1097,Single,98.00,2025-03-6,2025-03-8,1097,5,Great stay!
2,Marriott,35,Marriott Hotel 35,Street 35,City_35,Country_35,549,649,Double,99.00,true,1098,User_1098,user1098@gmail.com,1098,1098,Double,99.00,2025-03-7,2025-03-9,1098,3,Good experience
2,Marriott,35,Marriott Hotel 35,Street 35,City_35,Country_35,549,649,Double,99.00,true,1099,User_1099,user1099@gmail.com,1099,1099,Double,99.00,2025-03-8,2025-03-10,1099,4,Great stay!
2,Marriott,35,Marriott Hotel 35,Street 35,City_35,Country_35,549,649,Double,99.00,true,1100,User_1100,user1100@gmail.com,1100,1100,Double,99.00,2025-03-9,2025-03-11,1100,5,Great stay!
2,Marriott,35,Marriott Hotel 35,Street 35,City_35,Country_35,550,650,Single,50.00,false,1101,User_1101,user1101@gmail.com,1101,1101,Single,50.00,2025-03-10,2025-03-12,1101,3,Good experience
2,Marriott,35,Marriott Hotel 35,Street 35,City_35,Country_35,551,651,Double,51.00,true,1102,User_1102,user1102@gmail.com,1102,1102,Double,51.00,2025-03-11,2025-03-13,1102,1,Good experience
2,Marriott,35,Marriott Hotel 35,Street 35,City_35,Country_35,552,652,Single,52.00,true,1103,User_1103,user1103@gmail.com,1103,1103,Single,52.00,2025-03-12,2025-03-14,1103,5,Great stay!
2,Marriott,35,Marriott Hotel 35,Street 35,City_35,Country_35,553,653,Double,53.00,true,1104,User_1104,user1104@gmail.com,1104,1104,Double,53.00,2025-03-13,2025-03-15,1104,2,Good experience
2,Marriott,35,Marriott Hotel 35,Street 35,City_35,Country_35,553,653,Double,53.00,true,1105,User_1105,user1105@gmail.com,1105,1105,Double,53.00,2025-03-14,2025-03-16,1105,4,Great stay!
2,Marriott,35,Marriott Hotel 35,Street 35,City_35,Country_35,554,654,Single,54.00,true,1106,User_1106,user1106@gmail.com,1106,1106,Single,54.00,2025-03-15,2025-03-17,1106,2,Good experience
2,Marriott,35,Marriott Hotel 35,Street 35,City_35,Country_35,554,654,Single,54.00,true,1107,User_1107,user1107@gmail.com,1107,1107,Single,54.00,2025-03-16,2025-03-18,1107,1,Good experience
2,Marriott,35,Marriott Hotel 35,Street 35,City_35,Country_35,555,655,Double,55.00,true,1108,User_1108,user1108@gmail.com,1108,1108,Double,55.00,2025-03-17,2025-03-19,1108,2,Good experience
2,Marriott,35,Marriott Hotel 35,Street 35,City_35,Country_35,556,656,Single,56.00,true,1109,User_1109,user1109@gmail.com,1109,1109,Single,56.00,2025-03-18,2025-03-20,1109,5,Great stay!
2,Marriott,35,Marriott Hotel 35,Street 35,City_35,Country_35,556,656,Single,56.00,true,1110,User_1110,user1110@gmail.com,1110,1110,Single,56.00,2025-03-19,2025-03-21,1110,4,Great stay!
2,Marriott,35,Marriott Hotel 35,Street 35,City_35,Country_35,557,657,Double,57.00,true,1111,User_1111,user1111@gmail.com,1111,1111,Double,57.00,2025-03-20,2025-03-22,1111,2,Good experience
2,Marriott,35,Marriott Hotel 35,Street 35,City_35,Country_35,557,657,Double,57.00,true,1112,User_1112,user1112@gmail.com,1112,1112,Double,57.00,2025-03-21,2025-03-23,1112,2,Good experience
2,Marriott,35,Marriott Hotel 35,Street 35,City_35,Country_35,558,658,Single,58.00,true,1113,User_1113,user1113@gmail.com,1113,1113,Single,58.00,2025-03-22,2025-03-24,1113,5,Great stay!
2,Marriott,35,Marriott Hotel 35,Street 35,City_35,Country_35,558,658,Single,58.00,true,1114,User_1114,user1114@gmail.com,1114,1114,Single,58.00,2025-03-23,2025-03-25,1114,3,Good experience
2,Marriott,35,Marriott Hotel 35,Street 35,City_35,Country_35,558,658,Single,58.00,true,1115,User_1115,user1115@gmail.com,1115,1115,Single,58.00,2025-03-24,2025-03-26,1115,3,Good experience
2,Marriott,35,Marriott Hotel 35,Street 35,City_35,Country_35,559,659,Double,59.00,true,1116,User_1116,user1116@gmail.com,1116,1116,Double,59.00,2025-03-25,2025-03-27,1116,4,Great stay!
2,Marriott,35,Marriott Hotel 35,Street 35,City_35,Country_35,560,660,Single,60.00,true,1117,User_1117,user1117@gmail.com,1117,1117,Single,60.00,2025-03-26,2025-03-28,1117,2,Good experience
2,Marriott,35,Marriott Hotel 35,Street 35,City_35,Country_35,560,660,Single,60.00,true,1118,User_1118,user1118@gmail.com,1118,1118,Single,60.00,2025-03-27,2025-03-29,1118,1,Good experience
2,Marriott,35,Marriott Hotel 35,Street 35,City_35,Country_35,560,660,Single,60.00,true,1119,User_1119,user1119@gmail.com,1119,1119,Single,60.00,2025-03-28,2025-03-30,1119,1,Good experience
2,Marriott,35,Marriott Hotel 35,Street 35,City_35,Country_35,561,661,Double,61.00,true,1120,User_1120,user1120@gmail.com,1120,1120,Double,61.00,2025-03-1,2025-03-3,1120,5,Great stay!
2,Marriott,35,Marriott Hotel 35,Street 35,City_35,Country_35,561,661,Double,61.00,true,1121,User_1121,user1121@gmail.com,1121,1121,Double,61.00,2025-03-2,2025-03-4,1121,3,Good experience
2,Marriott,35,Marriott Hotel 35,Street 35,City_35,Country_35,562,662,Single,62.00,true,1122,User_1122,user1122@gmail.com,1122,1122,Single,62.00,2025-03-3,2025-03-5,1122,5,Great stay!
2,Marriott,35,Marriott Hotel 35,Street 35,City_35,Country_35,562,662,Single,62.00,true,1123,User_1123,user1123@gmail.com,1123,1123,Single,62.00,2025-03-4,2025-03-6,1123,3,Good experience
2,Marriott,35,Marriott Hotel 35,Street 35,City_35,Country_35,562,662,Single,62.00,true,1124,User_1124,user1124@gmail.com,1124,1124,Single,62.00,2025-03-5,2025-03-7,1124,3,Good experience
2,Marriott,35,Marriott Hotel 35,Street 35,City_35,Country_35,563,663,Double,63.00,true,1125,User_1125,user1125@gmail.com,1125,1125,Double,63.00,2025-03-6,2025-03-8,1125,4,Great stay!
2,Marriott,35,Marriott Hotel 35,Street 35,City_35,Country_35,563,663,Double,63.00,true,1126,User_1126,user1126@gmail.com,1126,1126,Double,63.00,2025-03-7,2025-03-9,1126,1,Good experience
2,Marriott,35,Marriott Hotel 35,Street 35,City_35,Country_35,564,664,Single,64.00,true,1127,User_1127,user1127@gmail.com,1127,1127,Single,64.00,2025-03-8,2025-03-10,1127,4,Great stay!
2,Marriott,35,Marriott Hotel 35,Street 35,City_35,Country_35,564,664,Single,64.00,true,1128,User_1128,user1128@gmail.com,1128,1128,Single,64.00,2025-03-9,2025-03-11,1128,2,Good experience
2,Marriott,35,Marriott Hotel 35,Street 35,City_35,Country_35,564,664,Single,64.00,true,1129,User_1129,user1129@gmail.com,1129,1129,Single,64.00,2025-03-10,2025-03-12,1129,4,Great stay!
2,Marriott,36,Marriott Hotel 36,Street 36,City_36,Country_36,565,665,Double,65.00,true,1130,User_1130,user1130@gmail.com,1130,1130,Double,65.00,2025-03-11,2025-03-13,1130,3,Good experience
2,Marriott,36,Marriott Hotel 36,Street 36,City_36,Country_36,565,665,Double,65.00,true,1131,User_1131,user1131@gmail.com,1131,1131,Double,65.00,2025-03-12,2025-03-14,1131,3,Good experience
2,Marriott,36,Marriott Hotel 36,Street 36,City_36,Country_36,565,665,Double,65.00,true,1132,User_1132,user1132@gmail.com,1132,1132,Double,65.00,2025-03-13,2025-03-15,1132,1,Good experience
2,Marriott,36,Marriott Hotel 36,Street 36,City_36,Country_36,566,666,Single,66.00,true,1133,User_1133,user1133@gmail.com,1133,1133,Single,66.00,2025-03-14,2025-03-16,1133,1,Good experience
2,Marriott,36,Marriott Hotel 36,Street 36,City_36,Country_36,566,666,Single,66.00,true,1134,User_1134,user1134@gmail.com,1134,1134,Single,66.00,2025-03-15,2025-03-17,1134,5,Great stay!
2,Marriott,36,Marriott Hotel 36,Street 36,City_36,Country_36,567,667,Double,67.00,true,1135,User_1135,user1135@gmail.com,1135,1135,Double,67.00,2025-03-16,2025-03-18,1135,2,Good experience
2,Marriott,36,Marriott Hotel 36,Street 36,City_36,Country_36,568,668,Single,68.00,true,1136,User_1136,user1136@gmail.com,1136,1136,Single,68.00,2025-03-17,2025-03-19,1136,1,Good experience
2,Marriott,36,Marriott Hotel 36,Street 36,City_36,Country_36,568,668,Single,68.00,true,1137,User_1137,user1137@gmail.com,1137,1137,Single,68.00,2025-03-18,2025-03-20,1137,2,Good experience
2,Marriott,36,Marriott Hotel 36,Street 36,City_36,Country_36,568,668,Single,68.00,true,1138,User_1138,user1138@gmail.com,1138,1138,Single,68.00,2025-03-19,2025-03-21,1138,3,Good experience
2,Marriott,36,Marriott Hotel 36,Street 36,City_36,Country_36,569,669,Double,69.00,false,1139,User_1139,user1139@gmail.com,1139,1139,Double,69.00,2025-03-20,2025-03-22,1139,3,Good experience
2,Marriott,36,Marriott Hotel 36,Street 36,City_36,Country_36,569,669,Double,69.00,false,1140,User_1140,user1140@gmail.com,1140,1140,Double,69.00,2025-03-21,2025-03-23,1140,4,Great stay!
2,Marriott,36,Marriott Hotel 36,Street 36,City_36,Country_36,570,670,Single,70.00,true,1141,User_1141,user1141@gmail.com,1141,1141,Single,70.00,2025-03-22,2025-03-24,1141,5,Great stay!
2,Marriott,36,Marriott Hotel 36,Street 36,City_36,Country_36,570,670,Single,70.00,true,1142,User_1142,user1142@gmail.com,1142,1142,Single,70.00,2025-03-23,2025-03-25,1142,3,Good experience
2,Marriott,36,Marriott Hotel 36,Street 36,City_36,Country_36,571,671,Double,71.00,true,1143,User_1143,user1143@gmail.com,1143,1143,Double,71.00,2025-03-24,2025-03-26,1143,2,Good experience
2,Marriott,36,Marriott Hotel 36,Street 36,City_36,Country_36,571,671,Double,71.00,true,1144,User_1144,user1144@gmail.com,1144,1144,Double,71.00,2025-03-25,2025-03-27,1144,2,Good experience
2,Marriott,36,Marriott Hotel 36,Street 36,City_36,Country_36,572,672,Single,72.00,true,1145,User_1145,user1145@gmail.com,1145,1145,Single,72.00,2025-03-26,2025-03-28,1145,3,Good experience
2,Marriott,36,Marriott Hotel 36,Street 36,City_36,Country_36,572,672,Single,72.00,true,1146,User_1146,user1146@gmail.com,1146,1146,Single,72.00,2025-03-27,2025-03-29,1146,2,Good experience
2,Marriott,36,Marriott Hotel 36,Street 36,City_36,Country_36,573,673,Double,73.00,true,1147,User_1147,user1147@gmail.com,1147,1147,Double,73.00,2025-03-28,2025-03-30,1147,4,Great stay!
2,Marriott,36,Marriott Hotel 36,Street 36,City_36,Country_36,573,673,Double,73.00,true,1148,User_1148,user1148@gmail.com,1148,1148,Double,73.00,2025-03-1,2025-03-3,1148,1,Good experience
2,Marriott,36,Marriott Hotel 36,Street 36,City_36,Country_36,573,673,Double,73.00,true,1149,User_1149,user1149@gmail.com,1149,1149,Double,73.00,2025-03-2,2025-03-4,1149,5,Great stay!
2,Marriott,36,Marriott Hotel 36,Street 36,City_36,Country_36,574,674,Single,74.00,true,1150,User_1150,user1150@gmail.com,1150,1150,Single,74.00,2025-03-3,2025-03-5,1150,5,Great stay!
2,Marriott,36,Marriott Hotel 36,Street 36,City_36,Country_36,574,674,Single,74.00,true,1151,User_1151,user1151@gmail.com,1151,1151,Single,74.00,2025-03-4,2025-03-6,1151,4,Great stay!
2,Marriott,36,Marriott Hotel 36,Street 36,City_36,Country_36,575,675,Double,75.00,true,1152,User_1152,user1152@gmail.com,1152,1152,Double,75.00,2025-03-5,2025-03-7,1152,3,Good experience
2,Marriott,36,Marriott Hotel 36,Street 36,City_36,Country_36,575,675,Double,75.00,true,1153,User_1153,user1153@gmail.com,1153,1153,Double,75.00,2025-03-6,2025-03-8,1153,4,Great stay!
2,Marriott,36,Marriott Hotel 36,Street 36,City_36,Country_36,576,676,Single,76.00,true,1154,User_1154,user1154@gmail.com,1154,1154,Single,76.00,2025-03-7,2025-03-9,1154,5,Great stay!
2,Marriott,36,Marriott Hotel 36,Street 36,City_36,Country_36,576,676,Single,76.00,true,1155,User_1155,user1155@gmail.com,1155,1155,Single,76.00,2025-03-8,2025-03-10,1155,5,Great stay!
2,Marriott,36,Marriott Hotel 36,Street 36,City_36,Country_36,577,677,Double,77.00,true,1156,User_1156,user1156@gmail.com,1156,1156,Double,77.00,2025-03-9,2025-03-11,1156,5,Great stay!
2,Marriott,36,Marriott Hotel 36,Street 36,City_36,Country_36,578,678,Single,78.00,true,1157,User_1157,user1157@gmail.com,1157,1157,Single,78.00,2025-03-10,2025-03-12,1157,5,Great stay!
2,Marriott,36,Marriott Hotel 36,Street 36,City_36,Country_36,579,679,Double,79.00,true,1158,User_1158,user1158@gmail.com,1158,1158,Double,79.00,2025-03-11,2025-03-13,1158,1,Good experience
2,Marriott,36,Marriott Hotel 36,Street 36,City_36,Country_36,579,679,Double,79.00,true,1159,User_1159,user1159@gmail.com,1159,1159,Double,79.00,2025-03-12,2025-03-14,1159,1,Good experience
2,Marriott,36,Marriott Hotel 36,Street 36,City_36,Country_36,579,679,Double,79.00,true,1160,User_1160,user1160@gmail.com,1160,1160,Double,79.00,2025-03-13,2025-03-15,1160,5,Great stay!
2,Marriott,36,Marriott Hotel 36,Street 36,City_36,Country_36,580,680,Single,80.00,true,1161,User_1161,user1161@gmail.com,1161,1161,Single,80.00,2025-03-14,2025-03-16,1161,4,Great stay!
2,Marriott,36,Marriott Hotel 36,Street 36,City_36,Country_36,581,681,Double,81.00,false,1162,User_1162,user1162@gmail.com,1162,1162,Double,81.00,2025-03-15,2025-03-17,1162,5,Great stay!
2,Marriott,36,Marriott Hotel 36,Street 36,City_36,Country_36,581,681,Double,81.00,false,1163,User_1163,user1163@gmail.com,1163,1163,Double,81.00,2025-03-16,2025-03-18,1163,3,Good experience
2,Marriott,36,Marriott Hotel 36,Street 36,City_36,Country_36,581,681,Double,81.00,false,1164,User_1164,user1164@gmail.com,1164,1164,Double,81.00,2025-03-17,2025-03-19,1164,4,Great stay!
2,Marriott,36,Marriott Hotel 36,Street 36,City_36,Country_36,582,682,Single,82.00,true,1165,User_1165,user1165@gmail.com,1165,1165,Single,82.00,2025-03-18,2025-03-20,1165,1,Good experience
2,Marriott,36,Marriott Hotel 36,Street 36,City_36,Country_36,582,682,Single,82.00,true,1166,User_1166,user1166@gmail.com,1166,1166,Single,82.00,2025-03-19,2025-03-21,1166,1,Good experience
2,Marriott,36,Marriott Hotel 36,Street 36,City_36,Country_36,583,683,Double,83.00,true,1167,User_1167,user1167@gmail.com,1167,1167,Double,83.00,2025-03-20,2025-03-22,1167,1,Good experience
2,Marriott,36,Marriott Hotel 36,Street 36,City_36,Country_36,583,683,Double,83.00,true,1168,User_1168,user1168@gmail.com,1168,1168,Double,83.00,2025-03-21,2025-03-23,1168,2,Good experience
2,Marriott,36,Marriott Hotel 36,Street 36,City_36,Country_36,583,683,Double,83.00,true,1169,User_1169,user1169@gmail.com,1169,1169,Double,83.00,2025-03-22,2025-03-24,1169,5,Great stay!
2,Marriott,36,Marriott Hotel 36,Street 36,City_36,Country_36,584,684,Single,84.00,true,1170,User_1170,user1170@gmail.com,1170,1170,Single,84.00,2025-03-23,2025-03-25,1170,2,Good experience
2,Marriott,36,Marriott Hotel 36,Street 36,City_36,Country_36,584,684,Single,84.00,true,1171,User_1171,user1171@gmail.com,1171,1171,Single,84.00,2025-03-24,2025-03-26,1171,4,Great stay!
2,Marriott,36,Marriott Hotel 36,Street 36,City_36,Country_36,584,684,Single,84.00,true,1172,User_1172,user1172@gmail.com,1172,1172,Single,84.00,2025-03-25,2025-03-27,1172,5,Great stay!
2,Marriott,36,Marriott Hotel 36,Street 36,City_36,Country_36,585,685,Double,85.00,true,1173,User_1173,user1173@gmail.com,1173,1173,Double,85.00,2025-03-26,2025-03-28,1173,5,Great stay!
2,Marriott,36,Marriott Hotel 36,Street 36,City_36,Country_36,585,685,Double,85.00,true,1174,User_1174,user1174@gmail.com,1174,1174,Double,85.00,2025-03-27,2025-03-29,1174,5,Great stay!
2,Marriott,36,Marriott Hotel 36,Street 36,City_36,Country_36,586,686,Single,86.00,true,1175,User_1175,user1175@gmail.com,1175,1175,Single,86.00,2025-03-28,2025-03-30,1175,4,Great stay!
2,Marriott,36,Marriott Hotel 36,Street 36,City_36,Country_36,586,686,Single,86.00,true,1176,User_1176,user1176@gmail.com,1176,1176,Single,86.00,2025-03-1,2025-03-3,1176,3,Good experience
2,Marriott,36,Marriott Hotel 36,Street 36,City_36,Country_36,586,686,Single,86.00,true,1177,User_1177,user1177@gmail.com,1177,1177,Single,86.00,2025-03-2,2025-03-4,1177,1,Good experience
2,Marriott,37,Marriott Hotel 37,Street 37,City_37,Country_37,587,687,Double,87.00,true,1178,User_1178,user1178@gmail.com,1178,1178,Double,87.00,2025-03-3,2025-03-5,1178,3,Good experience
2,Marriott,37,Marriott Hotel 37,Street 37,City_37,Country_37,587,687,Double,87.00,true,1179,User_1179,user1179@gmail.com,1179,1179,Double,87.00,2025-03-4,2025-03-6,1179,4,Great stay!
2,Marriott,37,Marriott Hotel 37,Street 37,City_37,Country_37,588,688,Single,88.00,false,1180,User_1180,user1180@gmail.com,1180,1180,Single,88.00,2025-03-5,2025-03-7,1180,5,Great stay!
2,Marriott,37,Marriott Hotel 37,Street 37,City_37,Country_37,588,688,Single,88.00,false,1181,User_1181,user1181@gmail.com,1181,1181,Single,88.00,2025-03-6,2025-03-8,1181,5,Great stay!
2,Marriott,37,Marriott Hotel 37,Street 37,City_37,Country_37,588,688,Single,88.00,false,1182,User_1182,user1182@gmail.com,1182,1182,Single,88.00,2025-03-7,2025-03-9,1182,2,Good experience
2,Marriott,37,Marriott Hotel 37,Street 37,City_37,Country_37,589,689,Double,89.00,true,1183,User_1183,user1183@gmail.com,1183,1183,Double,89.00,2025-03-8,2025-03-10,1183,1,Good experience
2,Marriott,37,Marriott Hotel 37,Street 37,City_37,Country_37,589,689,Double,89.00,true,1184,User_1184,user1184@gmail.com,1184,1184,Double,89.00,2025-03-9,2025-03-11,1184,4,Great stay!
2,Marriott,37,Marriott Hotel 37,Street 37,City_37,Country_37,590,690,Single,90.00,true,1185,User_1185,user1185@gmail.com,1185,1185,Single,90.00,2025-03-10,2025-03-12,1185,4,Great stay!
2,Marriott,37,Marriott Hotel 37,Street 37,City_37,Country_37,590,690,Single,90.00,true,1186,User_1186,user1186@gmail.com,1186,1186,Single,90.00,2025-03-11,2025-03-13,1186,3,Good experience
2,Marriott,37,Marriott Hotel 37,Street 37,City_37,Country_37,591,691,Double,91.00,true,1187,User_1187,user1187@gmail.com,1187,1187,Double,91.00,2025-03-12,2025-03-14,1187,4,Great stay!
2,Marriott,37,Marriott Hotel 37,Street 37,City_37,Country_37,592,692,Single,92.00,true,1188,User_1188,user1188@gmail.com,1188,1188,Single,92.00,2025-03-13,2025-03-15,1188,5,Great stay!
2,Marriott,37,Marriott Hotel 37,Street 37,City_37,Country_37,593,693,Double,93.00,true,1189,User_1189,user1189@gmail.com,1189,1189,Double,93.00,2025-03-14,2025-03-16,1189,1,Good experience
2,Marriott,37,Marriott Hotel 37,Street 37,City_37,Country_37,594,694,Single,94.00,true,1190,User_1190,user1190@gmail.com,1190,1190,Single,94.00,2025-03-15,2025-03-17,1190,2,Good experience
2,Marriott,37,Marriott Hotel 37,Street 37,City_37,Country_37,595,695,Double,95.00,true,1191,User_1191,user1191@gmail.com,1191,1191,Double,95.00,2025-03-16,2025-03-18,1191,1,Good experience
2,Marriott,37,Marriott Hotel 37,Street 37,City_37,Country_37,596,696,Single,96.00,false,1192,User_1192,user1192@gmail.com,1192,1192,Single,96.00,2025-03-17,2025-03-19,1192,1,Good experience
2,Marriott,37,Marriott Hotel 37,Street 37,City_37,Country_37,596,696,Single,96.00,false,1193,User_1193,user1193@gmail.com,1193,1193,Single,96.00,2025-03-18,2025-03-20,1193,1,Good experience
2,Marriott,37,Marriott Hotel 37,Street 37,City_37,Country_37,597,697,Double,97.00,true,1194,User_1194,user1194@gmail.com,1194,1194,Double,97.00,2025-03-19,2025-03-21,1194,1,Good experience
2,Marriott,37,Marriott Hotel 37,Street 37,City_37,Country_37,597,697,Double,97.00,true,1195,User_1195,user1195@gmail.com,1195,1195,Double,97.00,2025-03-20,2025-03-22,1195,2,Good experience
2,Marriott,37,Marriott Hotel 37,Street 37,City_37,Country_37,597,697,Double,97.00,true,1196,User_1196,user1196@gmail.com,1196,1196,Double,97.00,2025-03-21,2025-03-23,1196,2,Good experience
2,Marriott,37,Marriott Hotel 37,Street 37,City_37,Country_37,598,698,Single,98.00,true,1197,User_1197,user1197@gmail.com,1197,1197,Single,98.00,2025-03-22,2025-03-24,1197,2,Good experience
2,Marriott,38,Marriott Hotel 38,Street 38,City_38,Country_38,599,699,Double,99.00,false,1198,User_1198,user1198@gmail.com,1198,1198,Double,99.00,2025-03-23,2025-03-25,1198,4,Great stay!
2,Marriott,38,Marriott Hotel 38,Street 38,City_38,Country_38,599,699,Double,99.00,false,1199,User_1199,user1199@gmail.com,1199,1199,Double,99.00,2025-03-24,2025-03-26,1199,4,Great stay!
2,Marriott,38,Marriott Hotel 38,Street 38,City_38,Country_38,599,699,Double,99.00,false,1200,User_1200,user1200@gmail.com,1200,1200,Double,99.00,2025-03-25,2025-03-27,1200,1,Good experience
2,Marriott,38,Marriott Hotel 38,Street 38,City_38,Country_38,600,700,Single,50.00,true,1201,User_1201,user1201@gmail.com,1201,1201,Single,50.00,2025-03-26,2025-03-28,1201,1,Good experience
2,Marriott,38,Marriott Hotel 38,Street 38,City_38,Country_38,601,701,Double,51.00,true,1202,User_1202,user1202@gmail.com,1202,1202,Double,51.00,2025-03-27,2025-03-29,1202,4,Great stay!
2,Marriott,38,Marriott Hotel 38,Street 38,City_38,Country_38,601,701,Double,51.00,true,1203,User_1203,user1203@gmail.com,1203,1203,Double,51.00,2025-03-28,2025-03-30,1203,3,Good experience
2,Marriott,38,Marriott Hotel 38,Street 38,City_38,Country_38,602,702,Single,52.00,true,1204,User_1204,user1204@gmail.com,1204,1204,Single,52.00,2025-03-1,2025-03-3,1204,2,Good experience
2,Marriott,38,Marriott Hotel 38,Street 38,City_38,Country_38,602,702,Single,52.00,true,1205,User_1205,user1205@gmail.com,1205,1205,Single,52.00,2025-03-2,2025-03-4,1205,2,Good experience
2,Marriott,38,Marriott Hotel 38,Street 38,City_38,Country_38,602,702,Single,52.00,true,1206,User_1206,user1206@gmail.com,1206,1206,Single,52.00,2025-03-3,2025-03-5,1206,2,Good experience
2,Marriott,38,Marriott Hotel 38,Street 38,City_38,Country_38,603,703,Double,53.00,false,1207,User_1207,user1207@gmail.com,1207,1207,Double,53.00,2025-03-4,2025-03-6,1207,4,Great stay!
2,Marriott,38,Marriott Hotel 38,Street 38,City_38,Country_38,603,703,Double,53.00,false,1208,User_1208,user1208@gmail.com,1208,1208,Double,53.00,2025-03-5,2025-03-7,1208,5,Great stay!
2,Marriott,38,Marriott Hotel 38,Street 38,City_38,Country_38,603,703,Double,53.00,false,1209,User_1209,user1209@gmail.com,1209,1209,Double,53.00,2025-03-6,2025-03-8,1209,1,Good experience
2,Marriott,38,Marriott Hotel 38,Street 38,City_38,Country_38,604,704,Single,54.00,false,1210,User_1210,user1210@gmail.com,1210,1210,Single,54.00,2025-03-7,2025-03-9,1210,4,Great stay!
2,Marriott,38,Marriott Hotel 38,Street 38,City_38,Country_38,604,704,Single,54.00,false,1211,User_1211,user1211@gmail.com,1211,1211,Single,54.00,2025-03-8,2025-03-10,1211,1,Good experience
2,Marriott,38,Marriott Hotel 38,Street 38,City_38,Country_38,604,704,Single,54.00,false,1212,User_1212,user1212@gmail.com,1212,1212,Single,54.00,2025-03-9,2025-03-11,1212,4,Great stay!
2,Marriott,39,Marriott Hotel 39,Street 39,City_39,Country_39,605,705,Double,55.00,true,1213,User_1213,user1213@gmail.com,1213,1213,Double,55.00,2025-03-10,2025-03-12,1213,2,Good experience
2,Marriott,39,Marriott Hotel 39,Street 39,City_39,Country_39,605,705,Double,55.00,true,1214,User_1214,user1214@gmail.com,1214,1214,Double,55.00,2025-03-11,2025-03-13,1214,2,Good experience
2,Marriott,39,Marriott Hotel 39,Street 39,City_39,Country_39,606,706,Single,56.00,true,1215,User_1215,user1215@gmail.com,1215,1215,Single,56.00,2025-03-12,2025-03-14,1215,4,Great stay!
2,Marriott,39,Marriott Hotel 39,Street 39,City_39,Country_39,606,706,Single,56.00,true,1216,User_1216,user1216@gmail.com,1216,1216,Single,56.00,2025-03-13,2025-03-15,1216,2,Good experience
2,Marriott,39,Marriott Hotel 39,Street 39,City_39,Country_39,606,706,Single,56.00,true,1217,User_1217,user1217@gmail.com,1217,1217,Single,56.00,2025-03-14,2025-03-16,1217,1,Good experience
2,Marriott,39,Marriott Hotel 39,Street 39,City_39,Country_39,607,707,Double,57.00,false,1218,User_1218,user1218@gmail.com,1218,1218,Double,57.00,2025-03-15,2025-03-17,1218,5,Great stay!
2,Marriott,39,Marriott Hotel 39,Street 39,City_39,Country_39,608,708,Single,58.00,true,1219,User_1219,user1219@gmail.com,1219,1219,Single,58.00,2025-03-16,2025-03-18,1219,2,Good experience
2,Marriott,39,Marriott Hotel 39,Street 39,City_39,Country_39,609,709,Double,59.00,true,1220,User_1220,user1220@gmail.com,1220,1220,Double,59.00,2025-03-17,2025-03-19,1220,4,Great stay!
2,Marriott,39,Marriott Hotel 39,Street 39,City_39,Country_39,610,710,Single,60.00,true,1221,User_1221,user1221@gmail.com,1221,1221,Single,60.00,2025-03-18,2025-03-20,1221,5,Great stay!
2,Marriott,39,Marriott Hotel 39,Street 39,City_39,Country_39,610,710,Single,60.00,true,1222,User_1222,user1222@gmail.com,1222,1222,Single,60.00,2025-03-19,2025-03-21,1222,3,Good experience
2,Marriott,39,Marriott Hotel 39,Street 39,City_39,Country_39,610,710,Single,60.00,true,1223,User_1223,user1223@gmail.com,1223,1223,Single,60.00,2025-03-20,2025-03-22,1223,3,Good experience
2,Marriott,39,Marriott Hotel 39,Street 39,City_39,Country_39,611,711,Double,61.00,true,1224,User_1224,user1224@gmail.com,1224,1224,Double,61.00,2025-03-21,2025-03-23,1224,1,Good experience
2,Marriott,39,Marriott Hotel 39,Street 39,City_39,Country_39,612,712,Single,62.00,true,1225,User_1225,user1225@gmail.com,1225,1225,Single,62.00,2025-03-22,2025-03-24,1225,1,Good experience
2,Marriott,39,Marriott Hotel 39,Street 39,City_39,Country_39,612,712,Single,62.00,true,1226,User_1226,user1226@gmail.com,1226,1226,Single,62.00,2025-03-23,2025-03-25,1226,3,Good experience
2,Marriott,39,Marriott Hotel 39,Street 39,City_39,Country_39,613,713,Double,63.00,true,1227,User_1227,user1227@gmail.com,1227,1227,Double,63.00,2025-03-24,2025-03-26,1227,5,Great stay!
2,Marriott,39,Marriott Hotel 39,Street 39,City_39,Country_39,614,714,Single,64.00,true,1228,User_1228,user1228@gmail.com,1228,1228,Single,64.00,2025-03-25,2025-03-27,1228,3,Good experience
2,Marriott,40,Marriott Hotel 40,Street 40,City_40,Country_40,615,715,Double,65.00,true,1229,User_1229,user1229@gmail.com,1229,1229,Double,65.00,2025-03-26,2025-03-28,1229,3,Good experience
2,Marriott,40,Marriott Hotel 40,Street 40,City_40,Country_40,615,715,Double,65.00,true,1230,User_1230,user1230@gmail.com,1230,1230,Double,65.00,2025-03-27,2025-03-29,1230,3,Good experience
2,Marriott,40,Marriott Hotel 40,Street 40,City_40,Country_40,616,716,Single,66.00,true,1231,User_1231,user1231@gmail.com,1231,1231,Single,66.00,2025-03-28,2025-03-30,1231,2,Good experience
2,Marriott,40,Marriott Hotel 40,Street 40,City_40,Country_40,616,716,Single,66.00,true,1232,User_1232,user1232@gmail.com,1232,1232,Single,66.00,2025-03-1,2025-03-3,1232,3,Good experience
2,Marriott,40,Marriott Hotel 40,Street 40,City_40,Country_40,617,717,Double,67.00,true,1233,User_1233,user1233@gmail.com,1233,1233,Double,67.00,2025-03-2,2025-03-4,1233,5,Great stay!
2,Marriott,40,Marriott Hotel 40,Street 40,City_40,Country_40,617,717,Double,67.00,true,1234,User_1234,user1234@gmail.com,1234,1234,Double,67.00,2025-03-3,2025-03-5,1234,3,Good experience
2,Marriott,40,Marriott Hotel 40,Street 40,City_40,Country_40,617,717,Double,67.00,true,1235,User_1235,user1235@gmail.com,1235,1235,Double,67.00,2025-03-4,2025-03-6,1235,1,Good experience
2,Marriott,40,Marriott Hotel 40,Street 40,City_40,Country_40,618,718,Single,68.00,true,1236,User_1236,user1236@gmail.com,1236,1236,Single,68.00,2025-03-5,2025-03-7,1236,1,Good experience
2,Marriott,40,Marriott Hotel 40,Street 40,City_40,Country_40,618,718,Single,68.00,true,1237,User_1237,user1237@gmail.com,1237,1237,Single,68.00,2025-03-6,2025-03-8,1237,2,Good experience
2,Marriott,40,Marriott Hotel 40,Street 40,City_40,Country_40,619,719,Double,69.00,true,1238,User_1238,user1238@gmail.com,1238,1238,Double,69.00,2025-03-7,2025-03-9,1238,4,Great stay!
2,Marriott,40,Marriott Hotel 40,Street 40,City_40,Country_40,619,719,Double,69.00,true,1239,User_1239,user1239@gmail.com,1239,1239,Double,69.00,2025-03-8,2025-03-10,1239,1,Good experience
2,Marriott,40,Marriott Hotel 40,Street 40,City_40,Country_40,620,720,Single,70.00,true,1240,User_1240,user1240@gmail.com,1240,1240,Single,70.00,2025-03-9,2025-03-11,1240,3,Good experience
2,Marriott,40,Marriott Hotel 40,Street 40,City_40,Country_40,620,720,Single,70.00,true,1241,User_1241,user1241@gmail.com,1241,1241,Single,70.00,2025-03-10,2025-03-12,1241,3,Good experience
2,Marriott,41,Marriott Hotel 41,Street 41,City_41,Country_41,621,721,Double,71.00,true,1242,User_1242,user1242@gmail.com,1242,1242,Double,71.00,2025-03-11,2025-03-13,1242,1,Good experience
2,Marriott,41,Marriott Hotel 41,Street 41,City_41,Country_41,622,722,Single,72.00,false,1243,User_1243,user1243@gmail.com,1243,1243,Single,72.00,2025-03-12,2025-03-14,1243,1,Good experience
2,Marriott,41,Marriott Hotel 41,Street 41,City_41,Country_41,623,723,Double,73.00,false,1244,User_1244,user1244@gmail.com,1244,1244,Double,73.00,2025-03-13,2025-03-15,1244,2,Good experience
2,Marriott,41,Marriott Hotel 41,Street 41,City_41,Country_41,624,724,Single,74.00,true,1245,User_1245,user1245@gmail.com,1245,1245,Single,74.00,2025-03-14,2025-03-16,1245,2,Good experience
2,Marriott,41,Marriott Hotel 41,Street 41,City_41,Country_41,624,724,Single,74.00,true,1246,User_1246,user1246@gmail.com,1246,1246,Single,74.00,2025-03-15,2025-03-17,1246,2,Good experience
2,Marriott,41,Marriott Hotel 41,Street 41,City_41,Country_41,625,725,Double,75.00,true,1247,User_1247,user1247@gmail.com,1247,1247,Double,75.00,2025-03-16,2025-03-18,1247,3,Good experience
2,Marriott,41,Marriott Hotel 41,Street 41,City_41,Country_41,625,725,Double,75.00,true,1248,User_1248,user1248@gmail.com,1248,1248,Double,75.00,2025-03-17,2025-03-19,1248,3,Good experience
2,Marriott,41,Marriott Hotel 41,Street 41,City_41,Country_41,625,725,Double,75.00,true,1249,User_1249,user1249@gmail.com,1249,1249,Double,75.00,2025-03-18,2025-03-20,1249,3,Good experience
2,Marriott,41,Marriott Hotel 41,Street 41,City_41,Country_41,626,726,Single,76.00,false,1250,User_1250,user1250@gmail.com,1250,1250,Single,76.00,2025-03-19,2025-03-21,1250,4,Great stay!
2,Marriott,41,Marriott Hotel 41,Street 41,City_41,Country_41,626,726,Single,76.00,false,1251,User_1251,user1251@gmail.com,1251,1251,Single,76.00,2025-03-20,2025-03-22,1251,3,Good experience
2,Marriott,41,Marriott Hotel 41,Street 41,City_41,Country_41,627,727,Double,77.00,true,1252,User_1252,user1252@gmail.com,1252,1252,Double,77.00,2025-03-21,2025-03-23,1252,2,Good experience
2,Marriott,41,Marriott Hotel 41,Street 41,City_41,Country_41,627,727,Double,77.00,true,1253,User_1253,user1253@gmail.com,1253,1253,Double,77.00,2025-03-22,2025-03-24,1253,4,Great stay!
2,Marriott,41,Marriott Hotel 41,Street 41,City_41,Country_41,628,728,Single,78.00,true,1254,User_1254,user1254@gmail.com,1254,1254,Single,78.00,2025-03-23,2025-03-25,1254,3,Good experience
2,Marriott,42,Marriott Hotel 42,Street 42,City_42,Country_42,629,729,Double,79.00,true,1255,User_1255,user1255@gmail.com,1255,1255,Double,79.00,2025-03-24,2025-03-26,1255,2,Good experience
2,Marriott,42,Marriott Hotel 42,Street 42,City_42,Country_42,629,729,Double,79.00,true,1256,User_1256,user1256@gmail.com,1256,1256,Double,79.00,2025-03-25,2025-03-27,1256,3,Good experience
2,Marriott,42,Marriott Hotel 42,Street 42,City_42,Country_42,630,730,Single,80.00,true,1257,User_1257,user1257@gmail.com,1257,1257,Single,80.00,2025-03-26,2025-03-28,1257,4,Great stay!
2,Marriott,42,Marriott Hotel 42,Street 42,City_42,Country_42,630,730,Single,80.00,true,1258,User_1258,user1258@gmail.com,1258,1258,Single,80.00,2025-03-27,2025-03-29,1258,1,Good experience
2,Marriott,42,Marriott Hotel 42,Street 42,City_42,Country_42,630,730,Single,80.00,true,1259,User_1259,user1259@gmail.com,1259,1259,Single,80.00,2025-03-28,2025-03-30,1259,3,Good experience
2,Marriott,42,Marriott Hotel 42,Street 42,City_42,Country_42,631,731,Double,81.00,false,1260,User_1260,user1260@gmail.com,1260,1260,Double,81.00,2025-03-1,2025-03-3,1260,3,Good experience
2,Marriott,42,Marriott Hotel 42,Street 42,City_42,Country_42,631,731,Double,81.00,false,1261,User_1261,user1261@gmail.com,1261,1261,Double,81.00,2025-03-2,2025-03-4,1261,4,Great stay!
2,Marriott,42,Marriott Hotel 42,Street 42,City_42,Country_42,631,731,Double,81.00,false,1262,User_1262,user1262@gmail.com,1262,1262,Double,81.00,2025-03-3,2025-03-5,1262,4,Great stay!
2,Marriott,42,Marriott Hotel 42,Street 42,City_42,Country_42,632,732,Single,82.00,true,1263,User_1263,user1263@gmail.com,1263,1263,Single,82.00,2025-03-4,2025-03-6,1263,4,Great stay!
2,Marriott,42,Marriott Hotel 42,Street 42,City_42,Country_42,632,732,Single,82.00,true,1264,User_1264,user1264@gmail.com,1264,1264,Single,82.00,2025-03-5,2025-03-7,1264,3,Good experience
2,Marriott,42,Marriott Hotel 42,Street 42,City_42,Country_42,632,732,Single,82.00,true,1265,User_1265,user1265@gmail.com,1265,1265,Single,82.00,2025-03-6,2025-03-8,1265,3,Good experience
2,Marriott,42,Marriott Hotel 42,Street 42,City_42,Country_42,633,733,Double,83.00,false,1266,User_1266,user1266@gmail.com,1266,1266,Double,83.00,2025-03-7,2025-03-9,1266,3,Good experience
2,Marriott,42,Marriott Hotel 42,Street 42,City_42,Country_42,633,733,Double,83.00,false,1267,User_1267,user1267@gmail.com,1267,1267,Double,83.00,2025-03-8,2025-03-10,1267,4,Great stay!
2,Marriott,42,Marriott Hotel 42,Street 42,City_42,Country_42,633,733,Double,83.00,false,1268,User_1268,user1268@gmail.com,1268,1268,Double,83.00,2025-03-9,2025-03-11,1268,3,Good experience
2,Marriott,42,Marriott Hotel 42,Street 42,City_42,Country_42,634,734,Single,84.00,true,1269,User_1269,user1269@gmail.com,1269,1269,Single,84.00,2025-03-10,2025-03-12,1269,3,Good experience
2,Marriott,42,Marriott Hotel 42,Street 42,City_42,Country_42,634,734,Single,84.00,true,1270,User_1270,user1270@gmail.com,1270,1270,Single,84.00,2025-03-11,2025-03-13,1270,5,Great stay!
2,Marriott,42,Marriott Hotel 42,Street 42,City_42,Country_42,634,734,Single,84.00,true,1271,User_1271,user1271@gmail.com,1271,1271,Single,84.00,2025-03-12,2025-03-14,1271,1,Good experience
2,Marriott,42,Marriott Hotel 42,Street 42,City_42,Country_42,635,735,Double,85.00,true,1272,User_1272,user1272@gmail.com,1272,1272,Double,85.00,2025-03-13,2025-03-15,1272,4,Great stay!
2,Marriott,42,Marriott Hotel 42,Street 42,City_42,Country_42,635,735,Double,85.00,true,1273,User_1273,user1273@gmail.com,1273,1273,Double,85.00,2025-03-14,2025-03-16,1273,1,Good experience
2,Marriott,42,Marriott Hotel 42,Street 42,City_42,Country_42,636,736,Single,86.00,true,1274,User_1274,user1274@gmail.com,1274,1274,Single,86.00,2025-03-15,2025-03-17,1274,2,Good experience
2,Marriott,42,Marriott Hotel 42,Street 42,City_42,Country_42,637,737,Double,87.00,false,1275,User_1275,user1275@gmail.com,1275,1275,Double,87.00,2025-03-16,2025-03-18,1275,1,Good experience
2,Marriott,42,Marriott Hotel 42,Street 42,City_42,Country_42,637,737,Double,87.00,false,1276,User_1276,user1276@gmail.com,1276,1276,Double,87.00,2025-03-17,2025-03-19,1276,4,Great stay!
2,Marriott,42,Marriott Hotel 42,Street 42,City_42,Country_42,638,738,Single,88.00,true,1277,User_1277,user1277@gmail.com,1277,1277,Single,88.00,2025-03-18,2025-03-20,1277,3,Good experience
2,Marriott,42,Marriott Hotel 42,Street 42,City_42,Country_42,638,738,Single,88.00,true,1278,User_1278,user1278@gmail.com,1278,1278,Single,88.00,2025-03-19,2025-03-21,1278,2,Good experience
2,Marriott,42,Marriott Hotel 42,Street 42,City_42,Country_42,638,738,Single,88.00,true,1279,User_1279,user1279@gmail.com,1279,1279,Single,88.00,2025-03-20,2025-03-22,1279,4,Great stay!
2,Marriott,42,Marriott Hotel 42,Street 42,City_42,Country_42,639,739,Double,89.00,true,1280,User_1280,user1280@gmail.com,1280,1280,Double,89.00,2025-03-21,2025-03-23,1280,1,Good experience
2,Marriott,42,Marriott Hotel 42,Street 42,City_42,Country_42,639,739,Double,89.00,true,1281,User_1281,user1281@gmail.com,1281,1281,Double,89.00,2025-03-22,2025-03-24,1281,4,Great stay!
2,Marriott,42,Marriott Hotel 42,Street 42,City_42,Country_42,639,739,Double,89.00,true,1282,User_1282,user1282@gmail.com,1282,1282,Double,89.00,2025-03-23,2025-03-25,1282,2,Good experience
2,Marriott,42,Marriott Hotel 42,Street 42,City_42,Country_42,640,740,Single,90.00,false,1283,User_1283,user1283@gmail.com,1283,1283,Single,90.00,2025-03-24,2025-03-26,1283,5,Great stay!
2,Marriott,42,Marriott Hotel 42,Street 42,City_42,Country_42,640,740,Single,90.00,false,1284,User_1284,user1284@gmail.com,1284,1284,Single,90.00,2025-03-25,2025-03-27,1284,5,Great stay!
2,Marriott,42,Marriott Hotel 42,Street 42,City_42,Country_42,640,740,Single,90.00,false,1285,User_1285,user1285@gmail.com,1285,1285,Single,90.00,2025-03-26,2025-03-28,1285,2,Good experience
2,Marriott,42,Marriott Hotel 42,Street 42,City_42,Country_42,641,741,Double,91.00,true,1286,User_1286,user1286@gmail.com,1286,1286,Double,91.00,2025-03-27,2025-03-29,1286,1,Good experience
2,Marriott,42,Marriott Hotel 42,Street 42,City_42,Country_42,641,741,Double,91.00,true,1287,User_1287,user1287@gmail.com,1287,1287,Double,91.00,2025-03-28,2025-03-30,1287,4,Great stay!
2,Marriott,42,Marriott Hotel 42,Street 42,City_42,Country_42,642,742,Single,92.00,true,1288,User_1288,user1288@gmail.com,1288,1288,Single,92.00,2025-03-1,2025-03-3,1288,2,Good experience
2,Marriott,42,Marriott Hotel 42,Street 42,City_42,Country_42,642,742,Single,92.00,true,1289,User_1289,user1289@gmail.com,1289,1289,Single,92.00,2025-03-2,2025-03-4,1289,5,Great stay!
2,Marriott,42,Marriott Hotel 42,Street 42,City_42,Country_42,642,742,Single,92.00,true,1290,User_1290,user1290@gmail.com,1290,1290,Single,92.00,2025-03-3,2025-03-5,1290,4,Great stay!
2,Marriott,42,Marriott Hotel 42,Street 42,City_42,Country_42,643,743,Double,93.00,true,1291,User_1291,user1291@gmail.com,1291,1291,Double,93.00,2025-03-4,2025-03-6,1291,5,Great stay!
2,Marriott,42,Marriott Hotel 42,Street 42,City_42,Country_42,643,743,Double,93.00,true,1292,User_1292,user1292@gmail.com,1292,1292,Double,93.00,2025-03-5,2025-03-7,1292,1,Good experience
2,Marriott,42,Marriott Hotel 42,Street 42,City_42,Country_42,643,743,Double,93.00,true,1293,User_1293,user1293@gmail.com,1293,1293,Double,93.00,2025-03-6,2025-03-8,1293,1,Good experience
2,Marriott,42,Marriott Hotel 42,Street 42,City_42,Country_42,644,744,Single,94.00,false,1294,User_1294,user1294@gmail.com,1294,1294,Single,94.00,2025-03-7,2025-03-9,1294,4,Great stay!
2,Marriott,42,Marriott Hotel 42,Street 42,City_42,Country_42,644,744,Single,94.00,false,1295,User_1295,user1295@gmail.com,1295,1295,Single,94.00,2025-03-8,2025-03-10,1295,3,Good experience
2,Marriott,42,Marriott Hotel 42,Street 42,City_42,Country_42,645,745,Double,95.00,true,1296,User_1296,user1296@gmail.com,1296,1296,Double,95.00,2025-03-9,2025-03-11,1296,4,Great stay!
2,Marriott,42,Marriott Hotel 42,Street 42,City_42,Country_42,645,745,Double,95.00,true,1297,User_1297,user1297@gmail.com,1297,1297,Double,95.00,2025-03-10,2025-03-12,1297,2,Good experience
2,Marriott,42,Marriott Hotel 42,Street 42,City_42,Country_42,645,745,Double,95.00,true,1298,User_1298,user1298@gmail.com,1298,1298,Double,95.00,2025-03-11,2025-03-13,1298,5,Great stay!
2,Marriott,42,Marriott Hotel 42,Street 42,City_42,Country_42,646,746,Single,96.00,true,1299,User_1299,user1299@gmail.com,1299,1299,Single,96.00,2025-03-12,2025-03-14,1299,3,Good experience
2,Marriott,42,Marriott Hotel 42,Street 42,City_42,Country_42,646,746,Single,96.00,true,1300,User_1300,user1300@gmail.com,1300,1300,Single,96.00,2025-03-13,2025-03-15,1300,5,Great stay!
2,Marriott,42,Marriott Hotel 42,Street 42,City_42,Country_42,647,747,Double,97.00,true,1301,User_1301,user1301@gmail.com,1301,1301,Double,97.00,2025-03-14,2025-03-16,1301,2,Good experience
2,Marriott,42,Marriott Hotel 42,Street 42,City_42,Country_42,648,748,Single,98.00,true,1302,User_1302,user1302@gmail.com,1302,1302,Single,98.00,2025-03-15,2025-03-17,1302,3,Good experience
2,Marriott,42,Marriott Hotel 42,Street 42,City_42,Country_42,648,748,Single,98.00,true,1303,User_1303,user1303@gmail.com,1303,1303,Single,98.00,2025-03-16,2025-03-18,1303,1,Good experience
2,Marriott,42,Marriott Hotel 42,Street 42,City_42,Country_42,648,748,Single,98.00,true,1304,User_1304,user1304@gmail.com,1304,1304,Single,98.00,2025-03-17,2025-03-19,1304,2,Good experience
2,Marriott,42,Marriott Hotel 42,Street 42,City_42,Country_42,649,749,Double,99.00,true,1305,User_1305,user1305@gmail.com,1305,1305,Double,99.00,2025-03-18,2025-03-20,1305,5,Great stay!
2,Marriott,42,Marriott Hotel 42,Street 42,City_42,Country_42,649,749,Double,99.00,true,1306,User_1306,user1306@gmail.com,1306,1306,Double,99.00,2025-03-19,2025-03-21,1306,5,Great stay!
2,Marriott,42,Marriott Hotel 42,Street 42,City_42,Country_42,650,750,Single,50.00,true,1307,User_1307,user1307@gmail.com,1307,1307,Single,50.00,2025-03-20,2025-03-22,1307,1,Good experience
2,Marriott,42,Marriott Hotel 42,Street 42,City_42,Country_42,651,751,Double,51.00,false,1308,User_1308,user1308@gmail.com,1308,1308,Double,51.00,2025-03-21,2025-03-23,1308,3,Good experience
2,Marriott,43,Marriott Hotel 43,Street 43,City_43,Country_43,652,752,Single,52.00,true,1309,User_1309,user1309@gmail.com,1309,1309,Single,52.00,2025-03-22,2025-03-24,1309,4,Great stay!
2,Marriott,43,Marriott Hotel 43,Street 43,City_43,Country_43,653,753,Double,53.00,false,1310,User_1310,user1310@gmail.com,1310,1310,Double,53.00,2025-03-23,2025-03-25,1310,2,Good experience
2,Marriott,43,Marriott Hotel 43,Street 43,City_43,Country_43,653,753,Double,53.00,false,1311,User_1311,user1311@gmail.com,1311,1311,Double,53.00,2025-03-24,2025-03-26,1311,3,Good experience
2,Marriott,43,Marriott Hotel 43,Street 43,City_43,Country_43,654,754,Single,54.00,true,1312,User_1312,user1312@gmail.com,1312,1312,Single,54.00,2025-03-25,2025-03-27,1312,2,Good experience
2,Marriott,43,Marriott Hotel 43,Street 43,City_43,Country_43,654,754,Single,54.00,true,1313,User_1313,user1313@gmail.com,1313,1313,Single,54.00,2025-03-26,2025-03-28,1313,2,Good experience
2,Marriott,43,Marriott Hotel 43,Street 43,City_43,Country_43,655,755,Double,55.00,true,1314,User_1314,user1314@gmail.com,1314,1314,Double,55.00,2025-03-27,2025-03-29,1314,2,Good experience
2,Marriott,43,Marriott Hotel 43,Street 43,City_43,Country_43,656,756,Single,56.00,true,1315,User_1315,user1315@gmail.com,1315,1315,Single,56.00,2025-03-28,2025-03-30,1315,5,Great stay!
2,Marriott,43,Marriott Hotel 43,Street 43,City_43,Country_43,656,756,Single,56.00,true,1316,User_1316,user1316@gmail.com,1316,1316,Single,56.00,2025-03-1,2025-03-3,1316,5,Great stay!
2,Marriott,43,Marriott Hotel 43,Street 43,City_43,Country_43,656,756,Single,56.00,true,1317,User_1317,user1317@gmail.com,1317,1317,Single,56.00,2025-03-2,2025-03-4,1317,5,Great stay!
2,Marriott,43,Marriott Hotel 43,Street 43,City_43,Country_43,657,757,Double,57.00,false,1318,User_1318,user1318@gmail.com,1318,1318,Double,57.00,2025-03-3,2025-03-5,1318,1,Good experience
2,Marriott,43,Marriott Hotel 43,Street 43,City_43,Country_43,657,757,Double,57.00,false,1319,User_1319,user1319@gmail.com,1319,1319,Double,57.00,2025-03-4,2025-03-6,1319,1,Good experience
2,Marriott,43,Marriott Hotel 43,Street 43,City_43,Country_43,658,758,Single,58.00,true,1320,User_1320,user1320@gmail.com,1320,1320,Single,58.00,2025-03-5,2025-03-7,1320,2,Good experience
2,Marriott,43,Marriott Hotel 43,Street 43,City_43,Country_43,659,759,Double,59.00,true,1321,User_1321,user1321@gmail.com,1321,1321,Double,59.00,2025-03-6,2025-03-8,1321,2,Good experience
2,Marriott,43,Marriott Hotel 43,Street 43,City_43,Country_43,660,760,Single,60.00,true,1322,User_1322,user1322@gmail.com,1322,1322,Single,60.00,2025-03-7,2025-03-9,1322,1,Good experience
2,Marriott,43,Marriott Hotel 43,Street 43,City_43,Country_43,660,760,Single,60.00,true,1323,User_1323,user1323@gmail.com,1323,1323,Single,60.00,2025-03-8,2025-03-10,1323,2,Good experience
2,Marriott,43,Marriott Hotel 43,Street 43,City_43,Country_43,661,761,Double,61.00,true,1324,User_1324,user1324@gmail.com,1324,1324,Double,61.00,2025-03-9,2025-03-11,1324,1,Good experience
2,Marriott,43,Marriott Hotel 43,Street 43,City_43,Country_43,661,761,Double,61.00,true,1325,User_1325,user1325@gmail.com,1325,1325,Double,61.00,2025-03-10,2025-03-12,1325,2,Good experience
2,Marriott,43,Marriott Hotel 43,Street 43,City_43,Country_43,661,761,Double,61.00,true,1326,User_1326,user1326@gmail.com,1326,1326,Double,61.00,2025-03-11,2025-03-13,1326,1,Good experience
2,Marriott,44,Marriott Hotel 44,Street 44,City_44,Country_44,662,762,Single,62.00,true,1327,User_1327,user1327@gmail.com,1327,1327,Single,62.00,2025-03-12,2025-03-14,1327,1,Good experience
2,Marriott,44,Marriott Hotel 44,Street 44,City_44,Country_44,662,762,Single,62.00,true,1328,User_1328,user1328@gmail.com,1328,1328,Single,62.00,2025-03-13,2025-03-15,1328,4,Great stay!
2,Marriott,44,Marriott Hotel 44,Street 44,City_44,Country_44,662,762,Single,62.00,true,1329,User_1329,user1329@gmail.com,1329,1329,Single,62.00,2025-03-14,2025-03-16,1329,3,Good experience
2,Marriott,44,Marriott Hotel 44,Street 44,City_44,Country_44,663,763,Double,63.00,true,1330,User_1330,user1330@gmail.com,1330,1330,Double,63.00,2025-03-15,2025-03-17,1330,4,Great stay!
2,Marriott,44,Marriott Hotel 44,Street 44,City_44,Country_44,663,763,Double,63.00,true,1331,User_1331,user1331@gmail.com,1331,1331,Double,63.00,2025-03-16,2025-03-18,1331,5,Great stay!
2,Marriott,44,Marriott Hotel 44,Street 44,City_44,Country_44,663,763,Double,63.00,true,1332,User_1332,user1332@gmail.com,1332,1332,Double,63.00,2025-03-17,2025-03-19,1332,5,Great stay!
2,Marriott,44,Marriott Hotel 44,Street 44,City_44,Country_44,664,764,Single,64.00,true,1333,User_1333,user1333@gmail.com,1333,1333,Single,64.00,2025-03-18,2025-03-20,1333,2,Good experience
2,Marriott,44,Marriott Hotel 44,Street 44,City_44,Country_44,664,764,Single,64.00,true,1334,User_1334,user1334@gmail.com,1334,1334,Single,64.00,2025-03-19,2025-03-21,1334,3,Good experience
2,Marriott,44,Marriott Hotel 44,Street 44,City_44,Country_44,665,765,Double,65.00,true,1335,User_1335,user1335@gmail.com,1335,1335,Double,65.00,2025-03-20,2025-03-22,1335,5,Great stay!
2,Marriott,44,Marriott Hotel 44,Street 44,City_44,Country_44,666,766,Single,66.00,true,1336,User_1336,user1336@gmail.com,1336,1336,Single,66.00,2025-03-21,2025-03-23,1336,5,Great stay!
2,Marriott,44,Marriott Hotel 44,Street 44,City_44,Country_44,666,766,Single,66.00,true,1337,User_1337,user1337@gmail.com,1337,1337,Single,66.00,2025-03-22,2025-03-24,1337,5,Great stay!
2,Marriott,44,Marriott Hotel 44,Street 44,City_44,Country_44,667,767,Double,67.00,true,1338,User_1338,user1338@gmail.com,1338,1338,Double,67.00,2025-03-23,2025-03-25,1338,3,Good experience
2,Marriott,44,Marriott Hotel 44,Street 44,City_44,Country_44,668,768,Single,68.00,false,1339,User_1339,user1339@gmail.com,1339,1339,Single,68.00,2025-03-24,2025-03-26,1339,1,Good experience
2,Marriott,44,Marriott Hotel 44,Street 44,City_44,Country_44,668,768,Single,68.00,false,1340,User_1340,user1340@gmail.com,1340,1340,Single,68.00,2025-03-25,2025-03-27,1340,4,Great stay!
2,Marriott,44,Marriott Hotel 44,Street 44,City_44,Country_44,669,769,Double,69.00,false,1341,User_1341,user1341@gmail.com,1341,1341,Double,69.00,2025-03-26,2025-03-28,1341,5,Great stay!
2,Marriott,44,Marriott Hotel 44,Street 44,City_44,Country_44,669,769,Double,69.00,false,1342,User_1342,user1342@gmail.com,1342,1342,Double,69.00,2025-03-27,2025-03-29,1342,4,Great stay!
3,Hyatt,45,Hyatt Hotel 45,Street 45,City_45,Country_45,670,770,Single,70.00,false,1343,User_1343,user1343@gmail.com,1343,1343,Single,70.00,2025-03-28,2025-03-30,1343,4,Great stay!
3,Hyatt,45,Hyatt Hotel 45,Street 45,City_45,Country_45,671,771,Double,71.00,false,1344,User_1344,user1344@gmail.com,1344,1344,Double,71.00,2025-03-1,2025-03-3,1344,3,Good experience
3,Hyatt,45,Hyatt Hotel 45,Street 45,City_45,Country_45,671,771,Double,71.00,false,1345,User_1345,user1345@gmail.com,1345,1345,Double,71.00,2025-03-2,2025-03-4,1345,2,Good experience
3,Hyatt,45,Hyatt Hotel 45,Street 45,City_45,Country_45,671,771,Double,71.00,false,1346,User_1346,user1346@gmail.com,1346,1346,Double,71.00,2025-03-3,2025-03-5,1346,1,Good experience
3,Hyatt,45,Hyatt Hotel 45,Street 45,City_45,Country_45,672,772,Single,72.00,true,1347,User_1347,user1347@gmail.com,1347,1347,Single,72.00,2025-03-4,2025-03-6,1347,3,Good experience
3,Hyatt,45,Hyatt Hotel 45,Street 45,City_45,Country_45,672,772,Single,72.00,true,1348,User_1348,user1348@gmail.com,1348,1348,Single,72.00,2025-03-5,2025-03-7,1348,1,Good experience
3,Hyatt,45,Hyatt Hotel 45,Street 45,City_45,Country_45,672,772,Single,72.00,true,1349,User_1349,user1349@gmail.com,1349,1349,Single,72.00,2025-03-6,2025-03-8,1349,5,Great stay!
3,Hyatt,45,Hyatt Hotel 45,Street 45,City_45,Country_45,673,773,Double,73.00,false,1350,User_1350,user1350@gmail.com,1350,1350,Double,73.00,2025-03-7,2025-03-9,1350,3,Good experience
3,Hyatt,45,Hyatt Hotel 45,Street 45,City_45,Country_45,674,774,Single,74.00,false,1351,User_1351,user1351@gmail.com,1351,1351,Single,74.00,2025-03-8,2025-03-10,1351,1,Good experience
3,Hyatt,45,Hyatt Hotel 45,Street 45,City_45,Country_45,674,774,Single,74.00,false,1352,User_1352,user1352@gmail.com,1352,1352,Single,74.00,2025-03-9,2025-03-11,1352,3,Good experience
3,Hyatt,45,Hyatt Hotel 45,Street 45,City_45,Country_45,675,775,Double,75.00,true,1353,User_1353,user1353@gmail.com,1353,1353,Double,75.00,2025-03-10,2025-03-12,1353,3,Good experience
3,Hyatt,45,Hyatt Hotel 45,Street 45,City_45,Country_45,675,775,Double,75.00,true,1354,User_1354,user1354@gmail.com,1354,1354,Double,75.00,2025-03-11,2025-03-13,1354,1,Good experience
3,Hyatt,45,Hyatt Hotel 45,Street 45,City_45,Country_45,676,776,Single,76.00,true,1355,User_1355,user1355@gmail.com,1355,1355,Single,76.00,2025-03-12,2025-03-14,1355,4,Great stay!
3,Hyatt,45,Hyatt Hotel 45,Street 45,City_45,Country_45,676,776,Single,76.00,true,1356,User_1356,user1356@gmail.com,1356,1356,Single,76.00,2025-03-13,2025-03-15,1356,5,Great stay!
3,Hyatt,45,Hyatt Hotel 45,Street 45,City_45,Country_45,676,776,Single,76.00,true,1357,User_1357,user1357@gmail.com,1357,1357,Single,76.00,2025-03-14,2025-03-16,1357,5,Great stay!
3,Hyatt,45,Hyatt Hotel 45,Street 45,City_45,Country_45,677,777,Double,77.00,false,1358,User_1358,user1358@gmail.com,1358,1358,Double,77.00,2025-03-15,2025-03-17,1358,4,Great stay!
3,Hyatt,45,Hyatt Hotel 45,Street 45,City_45,Country_45,677,777,Double,77.00,false,1359,User_1359,user1359@gmail.com,1359,1359,Double,77.00,2025-03-16,2025-03-18,1359,1,Good experience
3,Hyatt,45,Hyatt Hotel 45,Street 45,City_45,Country_45,678,778,Single,78.00,false,1360,User_1360,user1360@gmail.com,1360,1360,Single,78.00,2025-03-17,2025-03-19,1360,5,Great stay!
3,Hyatt,45,Hyatt Hotel 45,Street 45,City_45,Country_45,678,778,Single,78.00,false,1361,User_1361,user1361@gmail.com,1361,1361,Single,78.00,2025-03-18,2025-03-20,1361,1,Good experience
3,Hyatt,45,Hyatt Hotel 45,Street 45,City_45,Country_45,678,778,Single,78.00,false,1362,User_1362,user1362@gmail.com,1362,1362,Single,78.00,2025-03-19,2025-03-21,1362,4,Great stay!
3,Hyatt,45,Hyatt Hotel 45,Street 45,City_45,Country_45,679,779,Double,79.00,false,1363,User_1363,user1363@gmail.com,1363,1363,Double,79.00,2025-03-20,2025-03-22,1363,3,Good experience
3,Hyatt,46,Hyatt Hotel 46,Street 46,City_46,Country_46,680,780,Single,80.00,true,1364,User_1364,user1364@gmail.com,1364,1364,Single,80.00,2025-03-21,2025-03-23,1364,1,Good experience
3,Hyatt,46,Hyatt Hotel 46,Street 46,City_46,Country_46,680,780,Single,80.00,true,1365,User_1365,user1365@gmail.com,1365,1365,Single,80.00,2025-03-22,2025-03-24,1365,4,Great stay!
3,Hyatt,46,Hyatt Hotel 46,Street 46,City_46,Country_46,680,780,Single,80.00,true,1366,User_1366,user1366@gmail.com,1366,1366,Single,80.00,2025-03-23,2025-03-25,1366,1,Good experience
3,Hyatt,46,Hyatt Hotel 46,Street 46,City_46,Country_46,681,781,Double,81.00,false,1367,User_1367,user1367@gmail.com,1367,1367,Double,81.00,2025-03-24,2025-03-26,1367,3,Good experience
3,Hyatt,46,Hyatt Hotel 46,Street 46,City_46,Country_46,682,782,Single,82.00,true,1368,User_1368,user1368@gmail.com,1368,1368,Single,82.00,2025-03-25,2025-03-27,1368,4,Great stay!
3,Hyatt,46,Hyatt Hotel 46,Street 46,City_46,Country_46,682,782,Single,82.00,true,1369,User_1369,user1369@gmail.com,1369,1369,Single,82.00,2025-03-26,2025-03-28,1369,3,Good experience
3,Hyatt,46,Hyatt Hotel 46,Street 46,City_46,Country_46,682,782,Single,82.00,true,1370,User_1370,user1370@gmail.com,1370,1370,Single,82.00,2025-03-27,2025-03-29,1370,1,Good experience
3,Hyatt,46,Hyatt Hotel 46,Street 46,City_46,Country_46,683,783,Double,83.00,true,1371,User_1371,user1371@gmail.com,1371,1371,Double,83.00,2025-03-28,2025-03-30,1371,1,Good experience
3,Hyatt,46,Hyatt Hotel 46,Street 46,City_46,Country_46,683,783,Double,83.00,true,1372,User_1372,user1372@gmail.com,1372,1372,Double,83.00,2025-03-1,2025-03-3,1372,1,Good experience
3,Hyatt,46,Hyatt Hotel 46,Street 46,City_46,Country_46,683,783,Double,83.00,true,1373,User_1373,user1373@gmail.com,1373,1373,Double,83.00,2025-03-2,2025-03-4,1373,4,Great stay!
3,Hyatt,46,Hyatt Hotel 46,Street 46,City_46,Country_46,684,784,Single,84.00,true,1374,User_1374,user1374@gmail.com,1374,1374,Single,84.00,2025-03-3,2025-03-5,1374,1,Good experience
3,Hyatt,46,Hyatt Hotel 46,Street 46,City_46,Country_46,685,785,Double,85.00,true,1375,User_1375,user1375@gmail.com,1375,1375,Double,85.00,2025-03-4,2025-03-6,1375,2,Good experience
3,Hyatt,46,Hyatt Hotel 46,Street 46,City_46,Country_46,686,786,Single,86.00,true,1376,User_1376,user1376@gmail.com,1376,1376,Single,86.00,2025-03-5,2025-03-7,1376,3,Good experience
3,Hyatt,46,Hyatt Hotel 46,Street 46,City_46,Country_46,686,786,Single,86.00,true,1377,User_1377,user1377@gmail.com,1377,1377,Single,86.00,2025-03-6,2025-03-8,1377,1,Good experience
3,Hyatt,47,Hyatt Hotel 47,Street 47,City_47,Country_47,687,787,Double,87.00,false,1378,User_1378,user1378@gmail.com,1378,1378,Double,87.00,2025-03-7,2025-03-9,1378,2,Good experience
3,Hyatt,47,Hyatt Hotel 47,Street 47,City_47,Country_47,688,788,Single,88.00,false,1379,User_1379,user1379@gmail.com,1379,1379,Single,88.00,2025-03-8,2025-03-10,1379,3,Good experience
3,Hyatt,47,Hyatt Hotel 47,Street 47,City_47,Country_47,689,789,Double,89.00,false,1380,User_1380,user1380@gmail.com,1380,1380,Double,89.00,2025-03-9,2025-03-11,1380,3,Good experience
3,Hyatt,47,Hyatt Hotel 47,Street 47,City_47,Country_47,690,790,Single,90.00,true,1381,User_1381,user1381@gmail.com,1381,1381,Single,90.00,2025-03-10,2025-03-12,1381,4,Great stay!
3,Hyatt,47,Hyatt Hotel 47,Street 47,City_47,Country_47,690,790,Single,90.00,true,1382,User_1382,user1382@gmail.com,1382,1382,Single,90.00,2025-03-11,2025-03-13,1382,3,Good experience
3,Hyatt,47,Hyatt Hotel 47,Street 47,City_47,Country_47,691,791,Double,91.00,true,1383,User_1383,user1383@gmail.com,1383,1383,Double,91.00,2025-03-12,2025-03-14,1383,5,Great stay!
3,Hyatt,47,Hyatt Hotel 47,Street 47,City_47,Country_47,691,791,Double,91.00,true,1384,User_1384,user1384@gmail.com,1384,1384,Double,91.00,2025-03-13,2025-03-15,1384,4,Great stay!
3,Hyatt,47,Hyatt Hotel 47,Street 47,City_47,Country_47,691,791,Double,91.00,true,1385,User_1385,user1385@gmail.com,1385,1385,Double,91.00,2025-03-14,2025-03-16,1385,2,Good experience
3,Hyatt,47,Hyatt Hotel 47,Street 47,City_47,Country_47,692,792,Single,92.00,true,1386,User_1386,user1386@gmail.com,1386,1386,Single,92.00,2025-03-15,2025-03-17,1386,4,Great stay!
3,Hyatt,47,Hyatt Hotel 47,Street 47,City_47,Country_47,693,793,Double,93.00,true,1387,User_1387,user1387@gmail.com,1387,1387,Double,93.00,2025-03-16,2025-03-18,1387,4,Great stay!
3,Hyatt,47,Hyatt Hotel 47,Street 47,City_47,Country_47,693,793,Double,93.00,true,1388,User_1388,user1388@gmail.com,1388,1388,Double,93.00,2025-03-17,2025-03-19,1388,2,Good experience
3,Hyatt,47,Hyatt Hotel 47,Street 47,City_47,Country_47,693,793,Double,93.00,true,1389,User_1389,user1389@gmail.com,1389,1389,Double,93.00,2025-03-18,2025-03-20,1389,2,Good experience
3,Hyatt,47,Hyatt Hotel 47,Street 47,City_47,Country_47,694,794,Single,94.00,true,1390,User_1390,user1390@gmail.com,1390,1390,Single,94.00,2025-03-19,2025-03-21,1390,1,Good experience
3,Hyatt,47,Hyatt Hotel 47,Street 47,City_47,Country_47,694,794,Single,94.00,true,1391,User_1391,user1391@gmail.com,1391,1391,Single,94.00,2025-03-20,2025-03-22,1391,3,Good experience
3,Hyatt,47,Hyatt Hotel 47,Street 47,City_47,Country_47,694,794,Single,94.00,true,1392,User_1392,user1392@gmail.com,1392,1392,Single,94.00,2025-03-21,2025-03-23,1392,4,Great stay!
3,Hyatt,47,Hyatt Hotel 47,Street 47,City_47,Country_47,695,795,Double,95.00,true,1393,User_1393,user1393@gmail.com,1393,1393,Double,95.00,2025-03-22,2025-03-24,1393,5,Great stay!
3,Hyatt,47,Hyatt Hotel 47,Street 47,City_47,Country_47,695,795,Double,95.00,true,1394,User_1394,user1394@gmail.com,1394,1394,Double,95.00,2025-03-23,2025-03-25,1394,1,Good experience
3,Hyatt,47,Hyatt Hotel 47,Street 47,City_47,Country_47,696,796,Single,96.00,true,1395,User_1395,user1395@gmail.com,1395,1395,Single,96.00,2025-03-24,2025-03-26,1395,2,Good experience
3,Hyatt,47,Hyatt Hotel 47,Street 47,City_47,Country_47,696,796,Single,96.00,true,1396,User_1396,user1396@gmail.com,1396,1396,Single,96.00,2025-03-25,2025-03-27,1396,3,Good experience
3,Hyatt,48,Hyatt Hotel 48,Street 48,City_48,Country_48,697,797,Double,97.00,true,1397,User_1397,user1397@gmail.com,1397,1397,Double,97.00,2025-03-26,2025-03-28,1397,5,Great stay!
3,Hyatt,48,Hyatt Hotel 48,Street 48,City_48,Country_48,698,798,Single,98.00,true,1398,User_1398,user1398@gmail.com,1398,1398,Single,98.00,2025-03-27,2025-03-29,1398,4,Great stay!
3,Hyatt,48,Hyatt Hotel 48,Street 48,City_48,Country_48,698,798,Single,98.00,true,1399,User_1399,user1399@gmail.com,1399,1399,Single,98.00,2025-03-28,2025-03-30,1399,2,Good experience
3,Hyatt,48,Hyatt Hotel 48,Street 48,City_48,Country_48,699,799,Double,99.00,true,1400,User_1400,user1400@gmail.com,1400,1400,Double,99.00,2025-03-1,2025-03-3,1400,3,Good experience
3,Hyatt,48,Hyatt Hotel 48,Street 48,City_48,Country_48,699,799,Double,99.00,true,1401,User_1401,user1401@gmail.com,1401,1401,Double,99.00,2025-03-2,2025-03-4,1401,5,Great stay!
3,Hyatt,48,Hyatt Hotel 48,Street 48,City_48,Country_48,699,799,Double,99.00,true,1402,User_1402,user1402@gmail.com,1402,1402,Double,99.00,2025-03-3,2025-03-5,1402,2,Good experience
3,Hyatt,48,Hyatt Hotel 48,Street 48,City_48,Country_48,700,800,Single,50.00,true,1403,User_1403,user1403@gmail.com,1403,1403,Single,50.00,2025-03-4,2025-03-6,1403,1,Good experience
3,Hyatt,48,Hyatt Hotel 48,Street 48,City_48,Country_48,700,800,Single,50.00,true,1404,User_1404,user1404@gmail.com,1404,1404,Single,50.00,2025-03-5,2025-03-7,1404,5,Great stay!
3,Hyatt,48,Hyatt Hotel 48,Street 48,City_48,Country_48,700,800,Single,50.00,true,1405,User_1405,user1405@gmail.com,1405,1405,Single,50.00,2025-03-6,2025-03-8,1405,5,Great stay!
3,Hyatt,48,Hyatt Hotel 48,Street 48,City_48,Country_48,701,801,Double,51.00,true,1406,User_1406,user1406@gmail.com,1406,1406,Double,51.00,2025-03-7,2025-03-9,1406,5,Great stay!
3,Hyatt,48,Hyatt Hotel 48,Street 48,City_48,Country_48,702,802,Single,52.00,true,1407,User_1407,user1407@gmail.com,1407,1407,Single,52.00,2025-03-8,2025-03-10,1407,2,Good experience
3,Hyatt,48,Hyatt Hotel 48,Street 48,City_48,Country_48,702,802,Single,52.00,true,1408,User_1408,user1408@gmail.com,1408,1408,Single,52.00,2025-03-9,2025-03-11,1408,4,Great stay!
3,Hyatt,48,Hyatt Hotel 48,Street 48,City_48,Country_48,702,802,Single,52.00,true,1409,User_1409,user1409@gmail.com,1409,1409,Single,52.00,2025-03-10,2025-03-12,1409,4,Great stay!
3,Hyatt,48,Hyatt Hotel 48,Street 48,City_48,Country_48,703,803,Double,53.00,true,1410,User_1410,user1410@gmail.com,1410,1410,Double,53.00,2025-03-11,2025-03-13,1410,1,Good experience
3,Hyatt,48,Hyatt Hotel 48,Street 48,City_48,Country_48,704,804,Single,54.00,true,1411,User_1411,user1411@gmail.com,1411,1411,Single,54.00,2025-03-12,2025-03-14,1411,5,Great stay!
3,Hyatt,48,Hyatt Hotel 48,Street 48,City_48,Country_48,704,804,Single,54.00,true,1412,User_1412,user1412@gmail.com,1412,1412,Single,54.00,2025-03-13,2025-03-15,1412,3,Good experience
3,Hyatt,48,Hyatt Hotel 48,Street 48,City_48,Country_48,704,804,Single,54.00,true,1413,User_1413,user1413@gmail.com,1413,1413,Single,54.00,2025-03-14,2025-03-16,1413,1,Good experience
3,Hyatt,48,Hyatt Hotel 48,Street 48,City_48,Country_48,705,805,Double,55.00,true,1414,User_1414,user1414@gmail.com,1414,1414,Double,55.00,2025-03-15,2025-03-17,1414,2,Good experience
3,Hyatt,48,Hyatt Hotel 48,Street 48,City_48,Country_48,705,805,Double,55.00,true,1415,User_1415,user1415@gmail.com,1415,1415,Double,55.00,2025-03-16,2025-03-18,1415,1,Good experience
3,Hyatt,48,Hyatt Hotel 48,Street 48,City_48,Country_48,706,806,Single,56.00,true,1416,User_1416,user1416@gmail.com,1416,1416,Single,56.00,2025-03-17,2025-03-19,1416,4,Great stay!
3,Hyatt,48,Hyatt Hotel 48,Street 48,City_48,Country_48,707,807,Double,57.00,true,1417,User_1417,user1417@gmail.com,1417,1417,Double,57.00,2025-03-18,2025-03-20,1417,3,Good experience
3,Hyatt,48,Hyatt Hotel 48,Street 48,City_48,Country_48,707,807,Double,57.00,true,1418,User_1418,user1418@gmail.com,1418,1418,Double,57.00,2025-03-19,2025-03-21,1418,1,Good experience
3,Hyatt,48,Hyatt Hotel 48,Street 48,City_48,Country_48,708,808,Single,58.00,true,1419,User_1419,user1419@gmail.com,1419,1419,Single,58.00,2025-03-20,2025-03-22,1419,2,Good experience
3,Hyatt,48,Hyatt Hotel 48,Street 48,City_48,Country_48,709,809,Double,59.00,true,1420,User_1420,user1420@gmail.com,1420,1420,Double,59.00,2025-03-21,2025-03-23,1420,1,Good experience
3,Hyatt,48,Hyatt Hotel 48,Street 48,City_48,Country_48,710,810,Single,60.00,true,1421,User_1421,user1421@gmail.com,1421,1421,Single,60.00,2025-03-22,2025-03-24,1421,4,Great stay!
3,Hyatt,49,Hyatt Hotel 49,Street 49,City_49,Country_49,711,811,Double,61.00,false,1422,User_1422,user1422@gmail.com,1422,1422,Double,61.00,2025-03-23,2025-03-25,1422,4,Great stay!
3,Hyatt,49,Hyatt Hotel 49,Street 49,City_49,Country_49,711,811,Double,61.00,false,1423,User_1423,user1423@gmail.com,1423,1423,Double,61.00,2025-03-24,2025-03-26,1423,2,Good experience
3,Hyatt,49,Hyatt Hotel 49,Street 49,City_49,Country_49,711,811,Double,61.00,false,1424,User_1424,user1424@gmail.com,1424,1424,Double,61.00,2025-03-25,2025-03-27,1424,1,Good experience
3,Hyatt,49,Hyatt Hotel 49,Street 49,City_49,Country_49,712,812,Single,62.00,true,1425,User_1425,user1425@gmail.com,1425,1425,Single,62.00,2025-03-26,2025-03-28,1425,1,Good experience
3,Hyatt,49,Hyatt Hotel 49,Street 49,City_49,Country_49,713,813,Double,63.00,true,1426,User_1426,user1426@gmail.com,1426,1426,Double,63.00,2025-03-27,2025-03-29,1426,3,Good experience
3,Hyatt,49,Hyatt Hotel 49,Street 49,City_49,Country_49,713,813,Double,63.00,true,1427,User_1427,user1427@gmail.com,1427,1427,Double,63.00,2025-03-28,2025-03-30,1427,4,Great stay!
3,Hyatt,49,Hyatt Hotel 49,Street 49,City_49,Country_49,713,813,Double,63.00,true,1428,User_1428,user1428@gmail.com,1428,1428,Double,63.00,2025-03-1,2025-03-3,1428,3,Good experience
3,Hyatt,49,Hyatt Hotel 49,Street 49,City_49,Country_49,714,814,Single,64.00,false,1429,User_1429,user1429@gmail.com,1429,1429,Single,64.00,2025-03-2,2025-03-4,1429,5,Great stay!
3,Hyatt,49,Hyatt Hotel 49,Street 49,City_49,Country_49,714,814,Single,64.00,false,1430,User_1430,user1430@gmail.com,1430,1430,Single,64.00,2025-03-3,2025-03-5,1430,1,Good experience
3,Hyatt,49,Hyatt Hotel 49,Street 49,City_49,Country_49,715,815,Double,65.00,true,1431,User_1431,user1431@gmail.com,1431,1431,Double,65.00,2025-03-4,2025-03-6,1431,4,Great stay!
3,Hyatt,49,Hyatt Hotel 49,Street 49,City_49,Country_49,715,815,Double,65.00,true,1432,User_1432,user1432@gmail.com,1432,1432,Double,65.00,2025-03-5,2025-03-7,1432,3,Good experience
3,Hyatt,49,Hyatt Hotel 49,Street 49,City_49,Country_49,716,816,Single,66.00,true,1433,User_1433,user1433@gmail.com,1433,1433,Single,66.00,2025-03-6,2025-03-8,1433,2,Good experience
3,Hyatt,49,Hyatt Hotel 49,Street 49,City_49,Country_49,716,816,Single,66.00,true,1434,User_1434,user1434@gmail.com,1434,1434,Single,66.00,2025-03-7,2025-03-9,1434,4,Great stay!
3,Hyatt,49,Hyatt Hotel 49,Street 49,City_49,Country_49,716,816,Single,66.00,true,1435,User_1435,user1435@gmail.com,1435,1435,Single,66.00,2025-03-8,2025-03-10,1435,5,Great stay!
3,Hyatt,49,Hyatt Hotel 49,Street 49,City_49,Country_49,717,817,Double,67.00,true,1436,User_1436,user1436@gmail.com,1436,1436,Double,67.00,2025-03-9,2025-03-11,1436,1,Good experience
3,Hyatt,49,Hyatt Hotel 49,Street 49,City_49,Country_49,717,817,Double,67.00,true,1437,User_1437,user1437@gmail.com,1437,1437,Double,67.00,2025-03-10,2025-03-12,1437,1,Good experience
3,Hyatt,49,Hyatt Hotel 49,Street 49,City_49,Country_49,718,818,Single,68.00,true,1438,User_1438,user1438@gmail.com,1438,1438,Single,68.00,2025-03-11,2025-03-13,1438,3,Good experience
3,Hyatt,49,Hyatt Hotel 49,Street 49,City_49,Country_49,718,818,Single,68.00,true,1439,User_1439,user1439@gmail.com,1439,1439,Single,68.00,2025-03-12,2025-03-14,1439,5,Great stay!
3,Hyatt,49,Hyatt Hotel 49,Street 49,City_49,Country_49,719,819,Double,69.00,true,1440,User_1440,user1440@gmail.com,1440,1440,Double,69.00,2025-03-13,2025-03-15,1440,2,Good experience
3,Hyatt,49,Hyatt Hotel 49,Street 49,City_49,Country_49,720,820,Single,70.00,true,1441,User_1441,user1441@gmail.com,1441,1441,Single,70.00,2025-03-14,2025-03-16,1441,4,Great stay!
3,Hyatt,49,Hyatt Hotel 49,Street 49,City_49,Country_49,721,821,Double,71.00,false,1442,User_1442,user1442@gmail.com,1442,1442,Double,71.00,2025-03-15,2025-03-17,1442,2,Good experience
3,Hyatt,49,Hyatt Hotel 49,Street 49,City_49,Country_49,721,821,Double,71.00,false,1443,User_1443,user1443@gmail.com,1443,1443,Double,71.00,2025-03-16,2025-03-18,1443,5,Great stay!
3,Hyatt,49,Hyatt Hotel 49,Street 49,City_49,Country_49,721,821,Double,71.00,false,1444,User_1444,user1444@gmail.com,1444,1444,Double,71.00,2025-03-17,2025-03-19,1444,3,Good experience
3,Hyatt,49,Hyatt Hotel 49,Street 49,City_49,Country_49,722,822,Single,72.00,true,1445,User_1445,user1445@gmail.com,1445,1445,Single,72.00,2025-03-18,2025-03-20,1445,4,Great stay!
3,Hyatt,49,Hyatt Hotel 49,Street 49,City_49,Country_49,722,822,Single,72.00,true,1446,User_1446,user1446@gmail.com,1446,1446,Single,72.00,2025-03-19,2025-03-21,1446,4,Great stay!
3,Hyatt,49,Hyatt Hotel 49,Street 49,City_49,Country_49,722,822,Single,72.00,true,1447,User_1447,user1447@gmail.com,1447,1447,Single,72.00,2025-03-20,2025-03-22,1447,3,Good experience
3,Hyatt,49,Hyatt Hotel 49,Street 49,City_49,Country_49,723,823,Double,73.00,true,1448,User_1448,user1448@gmail.com,1448,1448,Double,73.00,2025-03-21,2025-03-23,1448,5,Great stay!
3,Hyatt,49,Hyatt Hotel 49,Street 49,City_49,Country_49,723,823,Double,73.00,true,1449,User_1449,user1449@gmail.com,1449,1449,Double,73.00,2025-03-22,2025-03-24,1449,4,Great stay!
3,Hyatt,49,Hyatt Hotel 49,Street 49,City_49,Country_49,724,824,Single,74.00,true,1450,User_1450,user1450@gmail.com,1450,1450,Single,74.00,2025-03-23,2025-03-25,1450,2,Good experience
3,Hyatt,49,Hyatt Hotel 49,Street 49,City_49,Country_49,724,824,Single,74.00,true,1451,User_1451,user1451@gmail.com,1451,1451,Single,74.00,2025-03-24,2025-03-26,1451,1,Good experience
3,Hyatt,49,Hyatt Hotel 49,Street 49,City_49,Country_49,725,825,Double,75.00,true,1452,User_1452,user1452@gmail.com,1452,1452,Double,75.00,2025-03-25,2025-03-27,1452,4,Great stay!
3,Hyatt,49,Hyatt Hotel 49,Street 49,City_49,Country_49,726,826,Single,76.00,true,1453,User_1453,user1453@gmail.com,1453,1453,Single,76.00,2025-03-26,2025-03-28,1453,1,Good experience
3,Hyatt,49,Hyatt Hotel 49,Street 49,City_49,Country_49,726,826,Single,76.00,true,1454,User_1454,user1454@gmail.com,1454,1454,Single,76.00,2025-03-27,2025-03-29,1454,3,Good experience
3,Hyatt,49,Hyatt Hotel 49,Street 49,City_49,Country_49,726,826,Single,76.00,true,1455,User_1455,user1455@gmail.com,1455,1455,Single,76.00,2025-03-28,2025-03-30,1455,4,Great stay!
3,Hyatt,49,Hyatt Hotel 49,Street 49,City_49,Country_49,727,827,Double,77.00,false,1456,User_1456,user1456@gmail.com,1456,1456,Double,77.00,2025-03-1,2025-03-3,1456,4,Great stay!
3,Hyatt,49,Hyatt Hotel 49,Street 49,City_49,Country_49,727,827,Double,77.00,false,1457,User_1457,user1457@gmail.com,1457,1457,Double,77.00,2025-03-2,2025-03-4,1457,3,Good experience
3,Hyatt,49,Hyatt Hotel 49,Street 49,City_49,Country_49,727,827,Double,77.00,false,1458,User_1458,user1458@gmail.com,1458,1458,Double,77.00,2025-03-3,2025-03-5,1458,4,Great stay!
3,Hyatt,49,Hyatt Hotel 49,Street 49,City_49,Country_49,728,828,Single,78.00,true,1459,User_1459,user1459@gmail.com,1459,1459,Single,78.00,2025-03-4,2025-03-6,1459,1,Good experience
3,Hyatt,49,Hyatt Hotel 49,Street 49,City_49,Country_49,728,828,Single,78.00,true,1460,User_1460,user1460@gmail.com,1460,1460,Single,78.00,2025-03-5,2025-03-7,1460,1,Good experience
3,Hyatt,49,Hyatt Hotel 49,Street 49,City_49,Country_49,729,829,Double,79.00,true,1461,User_1461,user1461@gmail.com,1461,1461,Double,79.00,2025-03-6,2025-03-8,1461,5,Great stay!
3,Hyatt,49,Hyatt Hotel 49,Street 49,City_49,Country_49,729,829,Double,79.00,true,1462,User_1462,user1462@gmail.com,1462,1462,Double,79.00,2025-03-7,2025-03-9,1462,2,Good experience
3,Hyatt,49,Hyatt Hotel 49,Street 49,City_49,Country_49,730,830,Single,80.00,true,1463,User_1463,user1463@gmail.com,1463,1463,Single,80.00,2025-03-8,2025-03-10,1463,3,Good experience
3,Hyatt,49,Hyatt Hotel 49,Street 49,City_49,Country_49,730,830,Single,80.00,true,1464,User_1464,user1464@gmail.com,1464,1464,Single,80.00,2025-03-9,2025-03-11,1464,2,Good experience
3,Hyatt,49,Hyatt Hotel 49,Street 49,City_49,Country_49,730,830,Single,80.00,true,1465,User_1465,user1465@gmail.com,1465,1465,Single,80.00,2025-03-10,2025-03-12,1465,4,Great stay!
3,Hyatt,49,Hyatt Hotel 49,Street 49,City_49,Country_49,731,831,Double,81.00,true,1466,User_1466,user1466@gmail.com,1466,1466,Double,81.00,2025-03-11,2025-03-13,1466,3,Good experience
3,Hyatt,49,Hyatt Hotel 49,Street 49,City_49,Country_49,731,831,Double,81.00,true,1467,User_1467,user1467@gmail.com,1467,1467,Double,81.00,2025-03-12,2025-03-14,1467,5,Great stay!
3,Hyatt,50,Hyatt Hotel 50,Street 50,City_50,Country_50,732,832,Single,82.00,false,1468,User_1468,user1468@gmail.com,1468,1468,Single,82.00,2025-03-13,2025-03-15,1468,4,Great stay!
3,Hyatt,50,Hyatt Hotel 50,Street 50,City_50,Country_50,732,832,Single,82.00,false,1469,User_1469,user1469@gmail.com,1469,1469,Single,82.00,2025-03-14,2025-03-16,1469,1,Good experience
3,Hyatt,50,Hyatt Hotel 50,Street 50,City_50,Country_50,732,832,Single,82.00,false,1470,User_1470,user1470@gmail.com,1470,1470,Single,82.00,2025-03-15,2025-03-17,1470,1,Good experience
3,Hyatt,50,Hyatt Hotel 50,Street 50,City_50,Country_50,733,833,Double,83.00,true,1471,User_1471,user1471@gmail.com,1471,1471,Double,83.00,2025-03-16,2025-03-18,1471,2,Good experience
3,Hyatt,50,Hyatt Hotel 50,Street 50,City_50,Country_50,734,834,Single,84.00,true,1472,User_1472,user1472@gmail.com,1472,1472,Single,84.00,2025-03-17,2025-03-19,1472,5,Great stay!
3,Hyatt,50,Hyatt Hotel 50,Street 50,City_50,Country_50,735,835,Double,85.00,true,1473,User_1473,user1473@gmail.com,1473,1473,Double,85.00,2025-03-18,2025-03-20,1473,4,Great stay!
3,Hyatt,50,Hyatt Hotel 50,Street 50,City_50,Country_50,735,835,Double,85.00,true,1474,User_1474,user1474@gmail.com,1474,1474,Double,85.00,2025-03-19,2025-03-21,1474,3,Good experience
3,Hyatt,50,Hyatt Hotel 50,Street 50,City_50,Country_50,735,835,Double,85.00,true,1475,User_1475,user1475@gmail.com,1475,1475,Double,85.00,2025-03-20,2025-03-22,1475,3,Good experience
3,Hyatt,50,Hyatt Hotel 50,Street 50,City_50,Country_50,736,836,Single,86.00,true,1476,User_1476,user1476@gmail.com,1476,1476,Single,86.00,2025-03-21,2025-03-23,1476,2,Good experience
3,Hyatt,50,Hyatt Hotel 50,Street 50,City_50,Country_50,736,836,Single,86.00,true,1477,User_1477,user1477@gmail.com,1477,1477,Single,86.00,2025-03-22,2025-03-24,1477,1,Good experience
3,Hyatt,50,Hyatt Hotel 50,Street 50,City_50,Country_50,736,836,Single,86.00,true,1478,User_1478,user1478@gmail.com,1478,1478,Single,86.00,2025-03-23,2025-03-25,1478,3,Good experience
3,Hyatt,50,Hyatt Hotel 50,Street 50,City_50,Country_50,737,837,Double,87.00,true,1479,User_1479,user1479@gmail.com,1479,1479,Double,87.00,2025-03-24,2025-03-26,1479,2,Good experience
3,Hyatt,50,Hyatt Hotel 50,Street 50,City_50,Country_50,738,838,Single,88.00,true,1480,User_1480,user1480@gmail.com,1480,1480,Single,88.00,2025-03-25,2025-03-27,1480,5,Great stay!
3,Hyatt,50,Hyatt Hotel 50,Street 50,City_50,Country_50,738,838,Single,88.00,true,1481,User_1481,user1481@gmail.com,1481,1481,Single,88.00,2025-03-26,2025-03-28,1481,4,Great stay!
3,Hyatt,50,Hyatt Hotel 50,Street 50,City_50,Country_50,739,839,Double,89.00,false,1482,User_1482,user1482@gmail.com,1482,1482,Double,89.00,2025-03-27,2025-03-29,1482,3,Good experience
3,Hyatt,50,Hyatt Hotel 50,Street 50,City_50,Country_50,739,839,Double,89.00,false,1483,User_1483,user1483@gmail.com,1483,1483,Double,89.00,2025-03-28,2025-03-30,1483,5,Great stay!
3,Hyatt,50,Hyatt Hotel 50,Street 50,City_50,Country_50,739,839,Double,89.00,false,1484,User_1484,user1484@gmail.com,1484,1484,Double,89.00,2025-03-1,2025-03-3,1484,3,Good experience
3,Hyatt,50,Hyatt Hotel 50,Street 50,City_50,Country_50,740,840,Single,90.00,false,1485,User_1485,user1485@gmail.com,1485,1485,Single,90.00,2025-03-2,2025-03-4,1485,4,Great stay!
3,Hyatt,50,Hyatt Hotel 50,Street 50,City_50,Country_50,740,840,Single,90.00,false,1486,User_1486,user1486@gmail.com,1486,1486,Single,90.00,2025-03-3,2025-03-5,1486,5,Great stay!
3,Hyatt,51,Hyatt Hotel 51,Street 51,City_51,Country_51,741,841,Double,91.00,true,1487,User_1487,user1487@gmail.com,1487,1487,Double,91.00,2025-03-4,2025-03-6,1487,3,Good experience
3,Hyatt,51,Hyatt Hotel 51,Street 51,City_51,Country_51,742,842,Single,92.00,true,1488,User_1488,user1488@gmail.com,1488,1488,Single,92.00,2025-03-5,2025-03-7,1488,4,Great stay!
3,Hyatt,51,Hyatt Hotel 51,Street 51,City_51,Country_51,742,842,Single,92.00,true,1489,User_1489,user1489@gmail.com,1489,1489,Single,92.00,2025-03-6,2025-03-8,1489,4,Great stay!
3,Hyatt,51,Hyatt Hotel 51,Street 51,City_51,Country_51,743,843,Double,93.00,true,1490,User_1490,user1490@gmail.com,1490,1490,Double,93.00,2025-03-7,2025-03-9,1490,1,Good experience
3,Hyatt,51,Hyatt Hotel 51,Street 51,City_51,Country_51,744,844,Single,94.00,true,1491,User_1491,user1491@gmail.com,1491,1491,Single,94.00,2025-03-8,2025-03-10,1491,1,Good experience
3,Hyatt,51,Hyatt Hotel 51,Street 51,City_51,Country_51,744,844,Single,94.00,true,1492,User_1492,user1492@gmail.com,1492,1492,Single,94.00,2025-03-9,2025-03-11,1492,1,Good experience
3,Hyatt,51,Hyatt Hotel 51,Street 51,City_51,Country_51,745,845,Double,95.00,true,1493,User_1493,user1493@gmail.com,1493,1493,Double,95.00,2025-03-10,2025-03-12,1493,5,Great stay!
3,Hyatt,51,Hyatt Hotel 51,Street 51,City_51,Country_51,745,845,Double,95.00,true,1494,User_1494,user1494@gmail.com,1494,1494,Double,95.00,2025-03-11,2025-03-13,1494,4,Great stay!
3,Hyatt,51,Hyatt Hotel 51,Street 51,City_51,Country_51,746,846,Single,96.00,false,1495,User_1495,user1495@gmail.com,1495,1495,Single,96.00,2025-03-12,2025-03-14,1495,4,Great stay!
3,Hyatt,51,Hyatt Hotel 51,Street 51,City_51,Country_51,747,847,Double,97.00,false,1496,User_1496,user1496@gmail.com,1496,1496,Double,97.00,2025-03-13,2025-03-15,1496,1,Good experience
3,Hyatt,51,Hyatt Hotel 51,Street 51,City_51,Country_51,747,847,Double,97.00,false,1497,User_1497,user1497@gmail.com,1497,1497,Double,97.00,2025-03-14,2025-03-16,1497,1,Good experience
3,Hyatt,51,Hyatt Hotel 51,Street 51,City_51,Country_51,748,848,Single,98.00,true,1498,User_1498,user1498@gmail.com,1498,1498,Single,98.00,2025-03-15,2025-03-17,1498,4,Great stay!
3,Hyatt,51,Hyatt Hotel 51,Street 51,City_51,Country_51,748,848,Single,98.00,true,1499,User_1499,user1499@gmail.com,1499,1499,Single,98.00,2025-03-16,2025-03-18,1499,2,Good experience
3,Hyatt,51,Hyatt Hotel 51,Street 51,City_51,Country_51,748,848,Single,98.00,true,1500,User_1500,user1500@gmail.com,1500,1500,Single,98.00,2025-03-17,2025-03-19,1500,3,Good experience
3,Hyatt,52,Hyatt Hotel 52,Street 52,City_52,Country_52,749,849,Double,99.00,true,1501,User_1501,user1501@gmail.com,1501,1501,Double,99.00,2025-03-18,2025-03-20,1501,5,Great stay!
3,Hyatt,52,Hyatt Hotel 52,Street 52,City_52,Country_52,749,849,Double,99.00,true,1502,User_1502,user1502@gmail.com,1502,1502,Double,99.00,2025-03-19,2025-03-21,1502,4,Great stay!
3,Hyatt,52,Hyatt Hotel 52,Street 52,City_52,Country_52,749,849,Double,99.00,true,1503,User_1503,user1503@gmail.com,1503,1503,Double,99.00,2025-03-20,2025-03-22,1503,2,Good experience
3,Hyatt,52,Hyatt Hotel 52,Street 52,City_52,Country_52,750,850,Single,50.00,false,1504,User_1504,user1504@gmail.com,1504,1504,Single,50.00,2025-03-21,2025-03-23,1504,5,Great stay!
3,Hyatt,52,Hyatt Hotel 52,Street 52,City_52,Country_52,751,851,Double,51.00,false,1505,User_1505,user1505@gmail.com,1505,1505,Double,51.00,2025-03-22,2025-03-24,1505,3,Good experience
3,Hyatt,52,Hyatt Hotel 52,Street 52,City_52,Country_52,752,852,Single,52.00,true,1506,User_1506,user1506@gmail.com,1506,1506,Single,52.00,2025-03-23,2025-03-25,1506,3,Good experience
3,Hyatt,52,Hyatt Hotel 52,Street 52,City_52,Country_52,752,852,Single,52.00,true,1507,User_1507,user1507@gmail.com,1507,1507,Single,52.00,2025-03-24,2025-03-26,1507,3,Good experience
3,Hyatt,52,Hyatt Hotel 52,Street 52,City_52,Country_52,753,853,Double,53.00,true,1508,User_1508,user1508@gmail.com,1508,1508,Double,53.00,2025-03-25,2025-03-27,1508,3,Good experience
3,Hyatt,52,Hyatt Hotel 52,Street 52,City_52,Country_52,754,854,Single,54.00,true,1509,User_1509,user1509@gmail.com,1509,1509,Single,54.00,2025-03-26,2025-03-28,1509,2,Good experience
3,Hyatt,52,Hyatt Hotel 52,Street 52,City_52,Country_52,754,854,Single,54.00,true,1510,User_1510,user1510@gmail.com,1510,1510,Single,54.00,2025-03-27,2025-03-29,1510,3,Good experience
3,Hyatt,52,Hyatt Hotel 52,Street 52,City_52,Country_52,755,855,Double,55.00,false,1511,User_1511,user1511@gmail.com,1511,1511,Double,55.00,2025-03-28,2025-03-30,1511,3,Good experience
3,Hyatt,52,Hyatt Hotel 52,Street 52,City_52,Country_52,756,856,Single,56.00,true,1512,User_1512,user1512@gmail.com,1512,1512,Single,56.00,2025-03-1,2025-03-3,1512,1,Good experience
3,Hyatt,52,Hyatt Hotel 52,Street 52,City_52,Country_52,756,856,Single,56.00,true,1513,User_1513,user1513@gmail.com,1513,1513,Single,56.00,2025-03-2,2025-03-4,1513,1,Good experience
3,Hyatt,52,Hyatt Hotel 52,Street 52,City_52,Country_52,757,857,Double,57.00,true,1514,User_1514,user1514@gmail.com,1514,1514,Double,57.00,2025-03-3,2025-03-5,1514,1,Good experience
3,Hyatt,52,Hyatt Hotel 52,Street 52,City_52,Country_52,757,857,Double,57.00,true,1515,User_1515,user1515@gmail.com,1515,1515,Double,57.00,2025-03-4,2025-03-6,1515,2,Good experience
3,Hyatt,52,Hyatt Hotel 52,Street 52,City_52,Country_52,758,858,Single,58.00,true,1516,User_1516,user1516@gmail.com,1516,1516,Single,58.00,2025-03-5,2025-03-7,1516,2,Good experience
3,Hyatt,53,Hyatt Hotel 53,Street 53,City_53,Country_53,759,859,Double,59.00,true,1517,User_1517,user1517@gmail.com,1517,1517,Double,59.00,2025-03-6,2025-03-8,1517,5,Great stay!
3,Hyatt,53,Hyatt Hotel 53,Street 53,City_53,Country_53,760,860,Single,60.00,true,1518,User_1518,user1518@gmail.com,1518,1518,Single,60.00,2025-03-7,2025-03-9,1518,2,Good experience
3,Hyatt,53,Hyatt Hotel 53,Street 53,City_53,Country_53,761,861,Double,61.00,true,1519,User_1519,user1519@gmail.com,1519,1519,Double,61.00,2025-03-8,2025-03-10,1519,4,Great stay!
3,Hyatt,53,Hyatt Hotel 53,Street 53,City_53,Country_53,761,861,Double,61.00,true,1520,User_1520,user1520@gmail.com,1520,1520,Double,61.00,2025-03-9,2025-03-11,1520,3,Good experience
3,Hyatt,53,Hyatt Hotel 53,Street 53,City_53,Country_53,761,861,Double,61.00,true,1521,User_1521,user1521@gmail.com,1521,1521,Double,61.00,2025-03-10,2025-03-12,1521,1,Good experience
3,Hyatt,53,Hyatt Hotel 53,Street 53,City_53,Country_53,762,862,Single,62.00,false,1522,User_1522,user1522@gmail.com,1522,1522,Single,62.00,2025-03-11,2025-03-13,1522,4,Great stay!
3,Hyatt,53,Hyatt Hotel 53,Street 53,City_53,Country_53,763,863,Double,63.00,true,1523,User_1523,user1523@gmail.com,1523,1523,Double,63.00,2025-03-12,2025-03-14,1523,4,Great stay!
3,Hyatt,53,Hyatt Hotel 53,Street 53,City_53,Country_53,763,863,Double,63.00,true,1524,User_1524,user1524@gmail.com,1524,1524,Double,63.00,2025-03-13,2025-03-15,1524,3,Good experience
3,Hyatt,53,Hyatt Hotel 53,Street 53,City_53,Country_53,763,863,Double,63.00,true,1525,User_1525,user1525@gmail.com,1525,1525,Double,63.00,2025-03-14,2025-03-16,1525,1,Good experience
3,Hyatt,53,Hyatt Hotel 53,Street 53,City_53,Country_53,764,864,Single,64.00,true,1526,User_1526,user1526@gmail.com,1526,1526,Single,64.00,2025-03-15,2025-03-17,1526,3,Good experience
3,Hyatt,53,Hyatt Hotel 53,Street 53,City_53,Country_53,765,865,Double,65.00,true,1527,User_1527,user1527@gmail.com,1527,1527,Double,65.00,2025-03-16,2025-03-18,1527,4,Great stay!
3,Hyatt,53,Hyatt Hotel 53,Street 53,City_53,Country_53,766,866,Single,66.00,true,1528,User_1528,user1528@gmail.com,1528,1528,Single,66.00,2025-03-17,2025-03-19,1528,3,Good experience
3,Hyatt,53,Hyatt Hotel 53,Street 53,City_53,Country_53,767,867,Double,67.00,true,1529,User_1529,user1529@gmail.com,1529,1529,Double,67.00,2025-03-18,2025-03-20,1529,2,Good experience
3,Hyatt,53,Hyatt Hotel 53,Street 53,City_53,Country_53,768,868,Single,68.00,true,1530,User_1530,user1530@gmail.com,1530,1530,Single,68.00,2025-03-19,2025-03-21,1530,5,Great stay!
3,Hyatt,53,Hyatt Hotel 53,Street 53,City_53,Country_53,768,868,Single,68.00,true,1531,User_1531,user1531@gmail.com,1531,1531,Single,68.00,2025-03-20,2025-03-22,1531,4,Great stay!
3,Hyatt,53,Hyatt Hotel 53,Street 53,City_53,Country_53,769,869,Double,69.00,true,1532,User_1532,user1532@gmail.com,1532,1532,Double,69.00,2025-03-21,2025-03-23,1532,5,Great stay!
3,Hyatt,53,Hyatt Hotel 53,Street 53,City_53,Country_53,769,869,Double,69.00,true,1533,User_1533,user1533@gmail.com,1533,1533,Double,69.00,2025-03-22,2025-03-24,1533,3,Good experience
3,Hyatt,53,Hyatt Hotel 53,Street 53,City_53,Country_53,769,869,Double,69.00,true,1534,User_1534,user1534@gmail.com,1534,1534,Double,69.00,2025-03-23,2025-03-25,1534,5,Great stay!
3,Hyatt,53,Hyatt Hotel 53,Street 53,City_53,Country_53,770,870,Single,70.00,true,1535,User_1535,user1535@gmail.com,1535,1535,Single,70.00,2025-03-24,2025-03-26,1535,2,Good experience
3,Hyatt,53,Hyatt Hotel 53,Street 53,City_53,Country_53,771,871,Double,71.00,true,1536,User_1536,user1536@gmail.com,1536,1536,Double,71.00,2025-03-25,2025-03-27,1536,2,Good experience
3,Hyatt,53,Hyatt Hotel 53,Street 53,City_53,Country_53,771,871,Double,71.00,true,1537,User_1537,user1537@gmail.com,1537,1537,Double,71.00,2025-03-26,2025-03-28,1537,1,Good experience
3,Hyatt,53,Hyatt Hotel 53,Street 53,City_53,Country_53,772,872,Single,72.00,true,1538,User_1538,user1538@gmail.com,1538,1538,Single,72.00,2025-03-27,2025-03-29,1538,4,Great stay!
3,Hyatt,54,Hyatt Hotel 54,Street 54,City_54,Country_54,773,873,Double,73.00,true,1539,User_1539,user1539@gmail.com,1539,1539,Double,73.00,2025-03-28,2025-03-30,1539,2,Good experience
3,Hyatt,54,Hyatt Hotel 54,Street 54,City_54,Country_54,773,873,Double,73.00,true,1540,User_1540,user1540@gmail.com,1540,1540,Double,73.00,2025-03-1,2025-03-3,1540,2,Good experience
3,Hyatt,54,Hyatt Hotel 54,Street 54,City_54,Country_54,774,874,Single,74.00,true,1541,User_1541,user1541@gmail.com,1541,1541,Single,74.00,2025-03-2,2025-03-4,1541,1,Good experience
3,Hyatt,54,Hyatt Hotel 54,Street 54,City_54,Country_54,774,874,Single,74.00,true,1542,User_1542,user1542@gmail.com,1542,1542,Single,74.00,2025-03-3,2025-03-5,1542,1,Good experience
3,Hyatt,54,Hyatt Hotel 54,Street 54,City_54,Country_54,775,875,Double,75.00,true,1543,User_1543,user1543@gmail.com,1543,1543,Double,75.00,2025-03-4,2025-03-6,1543,3,Good experience
3,Hyatt,54,Hyatt Hotel 54,Street 54,City_54,Country_54,775,875,Double,75.00,true,1544,User_1544,user1544@gmail.com,1544,1544,Double,75.00,2025-03-5,2025-03-7,1544,3,Good experience
3,Hyatt,54,Hyatt Hotel 54,Street 54,City_54,Country_54,775,875,Double,75.00,true,1545,User_1545,user1545@gmail.com,1545,1545,Double,75.00,2025-03-6,2025-03-8,1545,4,Great stay!
3,Hyatt,54,Hyatt Hotel 54,Street 54,City_54,Country_54,776,876,Single,76.00,true,1546,User_1546,user1546@gmail.com,1546,1546,Single,76.00,2025-03-7,2025-03-9,1546,4,Great stay!
3,Hyatt,54,Hyatt Hotel 54,Street 54,City_54,Country_54,777,877,Double,77.00,true,1547,User_1547,user1547@gmail.com,1547,1547,Double,77.00,2025-03-8,2025-03-10,1547,1,Good experience
3,Hyatt,54,Hyatt Hotel 54,Street 54,City_54,Country_54,778,878,Single,78.00,true,1548,User_1548,user1548@gmail.com,1548,1548,Single,78.00,2025-03-9,2025-03-11,1548,1,Good experience
3,Hyatt,54,Hyatt Hotel 54,Street 54,City_54,Country_54,778,878,Single,78.00,true,1549,User_1549,user1549@gmail.com,1549,1549,Single,78.00,2025-03-10,2025-03-12,1549,1,Good experience
3,Hyatt,54,Hyatt Hotel 54,Street 54,City_54,Country_54,778,878,Single,78.00,true,1550,User_1550,user1550@gmail.com,1550,1550,Single,78.00,2025-03-11,2025-03-13,1550,1,Good experience
3,Hyatt,54,Hyatt Hotel 54,Street 54,City_54,Country_54,779,879,Double,79.00,false,1551,User_1551,user1551@gmail.com,1551,1551,Double,79.00,2025-03-12,2025-03-14,1551,2,Good experience
3,Hyatt,54,Hyatt Hotel 54,Street 54,City_54,Country_54,779,879,Double,79.00,false,1552,User_1552,user1552@gmail.com,1552,1552,Double,79.00,2025-03-13,2025-03-15,1552,3,Good experience
3,Hyatt,54,Hyatt Hotel 54,Street 54,City_54,Country_54,780,880,Single,80.00,false,1553,User_1553,user1553@gmail.com,1553,1553,Single,80.00,2025-03-14,2025-03-16,1553,2,Good experience
3,Hyatt,54,Hyatt Hotel 54,Street 54,City_54,Country_54,781,881,Double,81.00,true,1554,User_1554,user1554@gmail.com,1554,1554,Double,81.00,2025-03-15,2025-03-17,1554,3,Good experience
3,Hyatt,54,Hyatt Hotel 54,Street 54,City_54,Country_54,781,881,Double,81.00,true,1555,User_1555,user1555@gmail.com,1555,1555,Double,81.00,2025-03-16,2025-03-18,1555,2,Good experience
3,Hyatt,54,Hyatt Hotel 54,Street 54,City_54,Country_54,781,881,Double,81.00,true,1556,User_1556,user1556@gmail.com,1556,1556,Double,81.00,2025-03-17,2025-03-19,1556,5,Great stay!
3,Hyatt,54,Hyatt Hotel 54,Street 54,City_54,Country_54,782,882,Single,82.00,true,1557,User_1557,user1557@gmail.com,1557,1557,Single,82.00,2025-03-18,2025-03-20,1557,4,Great stay!
3,Hyatt,54,Hyatt Hotel 54,Street 54,City_54,Country_54,782,882,Single,82.00,true,1558,User_1558,user1558@gmail.com,1558,1558,Single,82.00,2025-03-19,2025-03-21,1558,5,Great stay!
3,Hyatt,54,Hyatt Hotel 54,Street 54,City_54,Country_54,782,882,Single,82.00,true,1559,User_1559,user1559@gmail.com,1559,1559,Single,82.00,2025-03-20,2025-03-22,1559,3,Good experience
3,Hyatt,54,Hyatt Hotel 54,Street 54,City_54,Country_54,783,883,Double,83.00,true,1560,User_1560,user1560@gmail.com,1560,1560,Double,83.00,2025-03-21,2025-03-23,1560,2,Good experience
3,Hyatt,54,Hyatt Hotel 54,Street 54,City_54,Country_54,784,884,Single,84.00,true,1561,User_1561,user1561@gmail.com,1561,1561,Single,84.00,2025-03-22,2025-03-24,1561,4,Great stay!
3,Hyatt,54,Hyatt Hotel 54,Street 54,City_54,Country_54,784,884,Single,84.00,true,1562,User_1562,user1562@gmail.com,1562,1562,Single,84.00,2025-03-23,2025-03-25,1562,2,Good experience
3,Hyatt,55,Hyatt Hotel 55,Street 55,City_55,Country_55,785,885,Double,85.00,true,1563,User_1563,user1563@gmail.com,1563,1563,Double,85.00,2025-03-24,2025-03-26,1563,5,Great stay!
3,Hyatt,55,Hyatt Hotel 55,Street 55,City_55,Country_55,786,886,Single,86.00,true,1564,User_1564,user1564@gmail.com,1564,1564,Single,86.00,2025-03-25,2025-03-27,1564,5,Great stay!
3,Hyatt,55,Hyatt Hotel 55,Street 55,City_55,Country_55,787,887,Double,87.00,true,1565,User_1565,user1565@gmail.com,1565,1565,Double,87.00,2025-03-26,2025-03-28,1565,5,Great stay!
3,Hyatt,55,Hyatt Hotel 55,Street 55,City_55,Country_55,788,888,Single,88.00,true,1566,User_1566,user1566@gmail.com,1566,1566,Single,88.00,2025-03-27,2025-03-29,1566,5,Great stay!
3,Hyatt,55,Hyatt Hotel 55,Street 55,City_55,Country_55,788,888,Single,88.00,true,1567,User_1567,user1567@gmail.com,1567,1567,Single,88.00,2025-03-28,2025-03-30,1567,1,Good experience
3,Hyatt,55,Hyatt Hotel 55,Street 55,City_55,Country_55,788,888,Single,88.00,true,1568,User_1568,user1568@gmail.com,1568,1568,Single,88.00,2025-03-1,2025-03-3,1568,1,Good experience
3,Hyatt,55,Hyatt Hotel 55,Street 55,City_55,Country_55,789,889,Double,89.00,true,1569,User_1569,user1569@gmail.com,1569,1569,Double,89.00,2025-03-2,2025-03-4,1569,2,Good experience
3,Hyatt,55,Hyatt Hotel 55,Street 55,City_55,Country_55,789,889,Double,89.00,true,1570,User_1570,user1570@gmail.com,1570,1570,Double,89.00,2025-03-3,2025-03-5,1570,2,Good experience
3,Hyatt,55,Hyatt Hotel 55,Street 55,City_55,Country_55,789,889,Double,89.00,true,1571,User_1571,user1571@gmail.com,1571,1571,Double,89.00,2025-03-4,2025-03-6,1571,2,Good experience
3,Hyatt,55,Hyatt Hotel 55,Street 55,City_55,Country_55,790,890,Single,90.00,true,1572,User_1572,user1572@gmail.com,1572,1572,Single,90.00,2025-03-5,2025-03-7,1572,4,Great stay!
3,Hyatt,55,Hyatt Hotel 55,Street 55,City_55,Country_55,790,890,Single,90.00,true,1573,User_1573,user1573@gmail.com,1573,1573,Single,90.00,2025-03-6,2025-03-8,1573,2,Good experience
3,Hyatt,55,Hyatt Hotel 55,Street 55,City_55,Country_55,791,891,Double,91.00,true,1574,User_1574,user1574@gmail.com,1574,1574,Double,91.00,2025-03-7,2025-03-9,1574,5,Great stay!
3,Hyatt,55,Hyatt Hotel 55,Street 55,City_55,Country_55,791,891,Double,91.00,true,1575,User_1575,user1575@gmail.com,1575,1575,Double,91.00,2025-03-8,2025-03-10,1575,2,Good experience
3,Hyatt,55,Hyatt Hotel 55,Street 55,City_55,Country_55,791,891,Double,91.00,true,1576,User_1576,user1576@gmail.com,1576,1576,Double,91.00,2025-03-9,2025-03-11,1576,4,Great stay!
3,Hyatt,55,Hyatt Hotel 55,Street 55,City_55,Country_55,792,892,Single,92.00,true,1577,User_1577,user1577@gmail.com,1577,1577,Single,92.00,2025-03-10,2025-03-12,1577,3,Good experience
3,Hyatt,55,Hyatt Hotel 55,Street 55,City_55,Country_55,792,892,Single,92.00,true,1578,User_1578,user1578@gmail.com,1578,1578,Single,92.00,2025-03-11,2025-03-13,1578,2,Good experience
3,Hyatt,55,Hyatt Hotel 55,Street 55,City_55,Country_55,792,892,Single,92.00,true,1579,User_1579,user1579@gmail.com,1579,1579,Single,92.00,2025-03-12,2025-03-14,1579,1,Good experience
3,Hyatt,55,Hyatt Hotel 55,Street 55,City_55,Country_55,793,893,Double,93.00,true,1580,User_1580,user1580@gmail.com,1580,1580,Double,93.00,2025-03-13,2025-03-15,1580,4,Great stay!
3,Hyatt,55,Hyatt Hotel 55,Street 55,City_55,Country_55,794,894,Single,94.00,true,1581,User_1581,user1581@gmail.com,1581,1581,Single,94.00,2025-03-14,2025-03-16,1581,4,Great stay!
3,Hyatt,55,Hyatt Hotel 55,Street 55,City_55,Country_55,794,894,Single,94.00,true,1582,User_1582,user1582@gmail.com,1582,1582,Single,94.00,2025-03-15,2025-03-17,1582,3,Good experience
3,Hyatt,55,Hyatt Hotel 55,Street 55,City_55,Country_55,794,894,Single,94.00,true,1583,User_1583,user1583@gmail.com,1583,1583,Single,94.00,2025-03-16,2025-03-18,1583,1,Good experience
3,Hyatt,55,Hyatt Hotel 55,Street 55,City_55,Country_55,795,895,Double,95.00,false,1584,User_1584,user1584@gmail.com,1584,1584,Double,95.00,2025-03-17,2025-03-19,1584,5,Great stay!
3,Hyatt,56,Hyatt Hotel 56,Street 56,City_56,Country_56,796,896,Single,96.00,false,1585,User_1585,user1585@gmail.com,1585,1585,Single,96.00,2025-03-18,2025-03-20,1585,3,Good experience
3,Hyatt,56,Hyatt Hotel 56,Street 56,City_56,Country_56,796,896,Single,96.00,false,1586,User_1586,user1586@gmail.com,1586,1586,Single,96.00,2025-03-19,2025-03-21,1586,4,Great stay!
3,Hyatt,56,Hyatt Hotel 56,Street 56,City_56,Country_56,797,897,Double,97.00,true,1587,User_1587,user1587@gmail.com,1587,1587,Double,97.00,2025-03-20,2025-03-22,1587,1,Good experience
3,Hyatt,56,Hyatt Hotel 56,Street 56,City_56,Country_56,797,897,Double,97.00,true,1588,User_1588,user1588@gmail.com,1588,1588,Double,97.00,2025-03-21,2025-03-23,1588,2,Good experience
3,Hyatt,56,Hyatt Hotel 56,Street 56,City_56,Country_56,798,898,Single,98.00,true,1589,User_1589,user1589@gmail.com,1589,1589,Single,98.00,2025-03-22,2025-03-24,1589,1,Good experience
3,Hyatt,56,Hyatt Hotel 56,Street 56,City_56,Country_56,798,898,Single,98.00,true,1590,User_1590,user1590@gmail.com,1590,1590,Single,98.00,2025-03-23,2025-03-25,1590,2,Good experience
3,Hyatt,56,Hyatt Hotel 56,Street 56,City_56,Country_56,799,899,Double,99.00,true,1591,User_1591,user1591@gmail.com,1591,1591,Double,99.00,2025-03-24,2025-03-26,1591,5,Great stay!
3,Hyatt,56,Hyatt Hotel 56,Street 56,City_56,Country_56,799,899,Double,99.00,true,1592,User_1592,user1592@gmail.com,1592,1592,Double,99.00,2025-03-25,2025-03-27,1592,1,Good experience
3,Hyatt,56,Hyatt Hotel 56,Street 56,City_56,Country_56,800,900,Single,50.00,true,1593,User_1593,user1593@gmail.com,1593,1593,Single,50.00,2025-03-26,2025-03-28,1593,2,Good experience
3,Hyatt,56,Hyatt Hotel 56,Street 56,City_56,Country_56,800,900,Single,50.00,true,1594,User_1594,user1594@gmail.com,1594,1594,Single,50.00,2025-03-27,2025-03-29,1594,4,Great stay!
3,Hyatt,56,Hyatt Hotel 56,Street 56,City_56,Country_56,800,900,Single,50.00,true,1595,User_1595,user1595@gmail.com,1595,1595,Single,50.00,2025-03-28,2025-03-30,1595,4,Great stay!
3,Hyatt,56,Hyatt Hotel 56,Street 56,City_56,Country_56,801,901,Double,51.00,true,1596,User_1596,user1596@gmail.com,1596,1596,Double,51.00,2025-03-1,2025-03-3,1596,2,Good experience
3,Hyatt,56,Hyatt Hotel 56,Street 56,City_56,Country_56,802,902,Single,52.00,true,1597,User_1597,user1597@gmail.com,1597,1597,Single,52.00,2025-03-2,2025-03-4,1597,2,Good experience
3,Hyatt,56,Hyatt Hotel 56,Street 56,City_56,Country_56,802,902,Single,52.00,true,1598,User_1598,user1598@gmail.com,1598,1598,Single,52.00,2025-03-3,2025-03-5,1598,4,Great stay!
3,Hyatt,56,Hyatt Hotel 56,Street 56,City_56,Country_56,803,903,Double,53.00,false,1599,User_1599,user1599@gmail.com,1599,1599,Double,53.00,2025-03-4,2025-03-6,1599,2,Good experience
3,Hyatt,56,Hyatt Hotel 56,Street 56,City_56,Country_56,803,903,Double,53.00,false,1600,User_1600,user1600@gmail.com,1600,1600,Double,53.00,2025-03-5,2025-03-7,1600,3,Good experience
3,Hyatt,56,Hyatt Hotel 56,Street 56,City_56,Country_56,804,904,Single,54.00,true,1601,User_1601,user1601@gmail.com,1601,1601,Single,54.00,2025-03-6,2025-03-8,1601,1,Good experience
3,Hyatt,56,Hyatt Hotel 56,Street 56,City_56,Country_56,804,904,Single,54.00,true,1602,User_1602,user1602@gmail.com,1602,1602,Single,54.00,2025-03-7,2025-03-9,1602,2,Good experience
3,Hyatt,56,Hyatt Hotel 56,Street 56,City_56,Country_56,805,905,Double,55.00,false,1603,User_1603,user1603@gmail.com,1603,1603,Double,55.00,2025-03-8,2025-03-10,1603,2,Good experience
3,Hyatt,56,Hyatt Hotel 56,Street 56,City_56,Country_56,806,906,Single,56.00,true,1604,User_1604,user1604@gmail.com,1604,1604,Single,56.00,2025-03-9,2025-03-11,1604,2,Good experience
3,Hyatt,56,Hyatt Hotel 56,Street 56,City_56,Country_56,806,906,Single,56.00,true,1605,User_1605,user1605@gmail.com,1605,1605,Single,56.00,2025-03-10,2025-03-12,1605,3,Good experience
3,Hyatt,56,Hyatt Hotel 56,Street 56,City_56,Country_56,806,906,Single,56.00,true,1606,User_1606,user1606@gmail.com,1606,1606,Single,56.00,2025-03-11,2025-03-13,1606,5,Great stay!
3,Hyatt,56,Hyatt Hotel 56,Street 56,City_56,Country_56,807,907,Double,57.00,false,1607,User_1607,user1607@gmail.com,1607,1607,Double,57.00,2025-03-12,2025-03-14,1607,1,Good experience
3,Hyatt,56,Hyatt Hotel 56,Street 56,City_56,Country_56,807,907,Double,57.00,false,1608,User_1608,user1608@gmail.com,1608,1608,Double,57.00,2025-03-13,2025-03-15,1608,4,Great stay!
3,Hyatt,56,Hyatt Hotel 56,Street 56,City_56,Country_56,808,908,Single,58.00,true,1609,User_1609,user1609@gmail.com,1609,1609,Single,58.00,2025-03-14,2025-03-16,1609,2,Good experience
3,Hyatt,56,Hyatt Hotel 56,Street 56,City_56,Country_56,808,908,Single,58.00,true,1610,User_1610,user1610@gmail.com,1610,1610,Single,58.00,2025-03-15,2025-03-17,1610,3,Good experience
3,Hyatt,56,Hyatt Hotel 56,Street 56,City_56,Country_56,808,908,Single,58.00,true,1611,User_1611,user1611@gmail.com,1611,1611,Single,58.00,2025-03-16,2025-03-18,1611,5,Great stay!
3,Hyatt,56,Hyatt Hotel 56,Street 56,City_56,Country_56,809,909,Double,59.00,false,1612,User_1612,user1612@gmail.com,1612,1612,Double,59.00,2025-03-17,2025-03-19,1612,3,Good experience
3,Hyatt,56,Hyatt Hotel 56,Street 56,City_56,Country_56,809,909,Double,59.00,false,1613,User_1613,user1613@gmail.com,1613,1613,Double,59.00,2025-03-18,2025-03-20,1613,1,Good experience
3,Hyatt,56,Hyatt Hotel 56,Street 56,City_56,Country_56,810,910,Single,60.00,true,1614,User_1614,user1614@gmail.com,1614,1614,Single,60.00,2025-03-19,2025-03-21,1614,1,Good experience
3,Hyatt,56,Hyatt Hotel 56,Street 56,City_56,Country_56,810,910,Single,60.00,true,1615,User_1615,user1615@gmail.com,1615,1615,Single,60.00,2025-03-20,2025-03-22,1615,3,Good experience
3,Hyatt,56,Hyatt Hotel 56,Street 56,City_56,Country_56,811,911,Double,61.00,false,1616,User_1616,user1616@gmail.com,1616,1616,Double,61.00,2025-03-21,2025-03-23,1616,5,Great stay!
3,Hyatt,56,Hyatt Hotel 56,Street 56,City_56,Country_56,812,912,Single,62.00,true,1617,User_1617,user1617@gmail.com,1617,1617,Single,62.00,2025-03-22,2025-03-24,1617,1,Good experience
3,Hyatt,56,Hyatt Hotel 56,Street 56,City_56,Country_56,812,912,Single,62.00,true,1618,User_1618,user1618@gmail.com,1618,1618,Single,62.00,2025-03-23,2025-03-25,1618,3,Good experience
3,Hyatt,56,Hyatt Hotel 56,Street 56,City_56,Country_56,813,913,Double,63.00,true,1619,User_1619,user1619@gmail.com,1619,1619,Double,63.00,2025-03-24,2025-03-26,1619,4,Great stay!
3,Hyatt,56,Hyatt Hotel 56,Street 56,City_56,Country_56,813,913,Double,63.00,true,1620,User_1620,user1620@gmail.com,1620,1620,Double,63.00,2025-03-25,2025-03-27,1620,5,Great stay!
3,Hyatt,56,Hyatt Hotel 56,Street 56,City_56,Country_56,813,913,Double,63.00,true,1621,User_1621,user1621@gmail.com,1621,1621,Double,63.00,2025-03-26,2025-03-28,1621,4,Great stay!
3,Hyatt,56,Hyatt Hotel 56,Street 56,City_56,Country_56,814,914,Single,64.00,true,1622,User_1622,user1622@gmail.com,1622,1622,Single,64.00,2025-03-27,2025-03-29,1622,4,Great stay!
3,Hyatt,56,Hyatt Hotel 56,Street 56,City_56,Country_56,814,914,Single,64.00,true,1623,User_1623,user1623@gmail.com,1623,1623,Single,64.00,2025-03-28,2025-03-30,1623,5,Great stay!
3,Hyatt,56,Hyatt Hotel 56,Street 56,City_56,Country_56,814,914,Single,64.00,true,1624,User_1624,user1624@gmail.com,1624,1624,Single,64.00,2025-03-1,2025-03-3,1624,3,Good experience
4,Sheraton,57,Sheraton Hotel 57,Street 57,City_57,Country_57,815,915,Double,65.00,true,1625,User_1625,user1625@gmail.com,1625,1625,Double,65.00,2025-03-2,2025-03-4,1625,4,Great stay!
4,Sheraton,57,Sheraton Hotel 57,Street 57,City_57,Country_57,815,915,Double,65.00,true,1626,User_1626,user1626@gmail.com,1626,1626,Double,65.00,2025-03-3,2025-03-5,1626,3,Good experience
4,Sheraton,57,Sheraton Hotel 57,Street 57,City_57,Country_57,815,915,Double,65.00,true,1627,User_1627,user1627@gmail.com,1627,1627,Double,65.00,2025-03-4,2025-03-6,1627,4,Great stay!
4,Sheraton,57,Sheraton Hotel 57,Street 57,City_57,Country_57,816,916,Single,66.00,true,1628,User_1628,user1628@gmail.com,1628,1628,Single,66.00,2025-03-5,2025-03-7,1628,2,Good experience
4,Sheraton,57,Sheraton Hotel 57,Street 57,City_57,Country_57,816,916,Single,66.00,true,1629,User_1629,user1629@gmail.com,1629,1629,Single,66.00,2025-03-6,2025-03-8,1629,2,Good experience
4,Sheraton,57,Sheraton Hotel 57,Street 57,City_57,Country_57,817,917,Double,67.00,false,1630,User_1630,user1630@gmail.com,1630,1630,Double,67.00,2025-03-7,2025-03-9,1630,3,Good experience
4,Sheraton,57,Sheraton Hotel 57,Street 57,City_57,Country_57,817,917,Double,67.00,false,1631,User_1631,user1631@gmail.com,1631,1631,Double,67.00,2025-03-8,2025-03-10,1631,3,Good experience
4,Sheraton,57,Sheraton Hotel 57,Street 57,City_57,Country_57,818,918,Single,68.00,true,1632,User_1632,user1632@gmail.com,1632,1632,Single,68.00,2025-03-9,2025-03-11,1632,4,Great stay!
4,Sheraton,57,Sheraton Hotel 57,Street 57,City_57,Country_57,818,918,Single,68.00,true,1633,User_1633,user1633@gmail.com,1633,1633,Single,68.00,2025-03-10,2025-03-12,1633,3,Good experience
4,Sheraton,57,Sheraton Hotel 57,Street 57,City_57,Country_57,818,918,Single,68.00,true,1634,User_1634,user1634@gmail.com,1634,1634,Single,68.00,2025-03-11,2025-03-13,1634,2,Good experience
4,Sheraton,57,Sheraton Hotel 57,Street 57,City_57,Country_57,819,919,Double,69.00,true,1635,User_1635,user1635@gmail.com,1635,1635,Double,69.00,2025-03-12,2025-03-14,1635,1,Good experience
4,Sheraton,57,Sheraton Hotel 57,Street 57,City_57,Country_57,820,920,Single,70.00,true,1636,User_1636,user1636@gmail.com,1636,1636,Single,70.00,2025-03-13,2025-03-15,1636,2,Good experience
4,Sheraton,57,Sheraton Hotel 57,Street 57,City_57,Country_57,820,920,Single,70.00,true,1637,User_1637,user1637@gmail.com,1637,1637,Single,70.00,2025-03-14,2025-03-16,1637,4,Great stay!
4,Sheraton,57,Sheraton Hotel 57,Street 57,City_57,Country_57,821,921,Double,71.00,true,1638,User_1638,user1638@gmail.com,1638,1638,Double,71.00,2025-03-15,2025-03-17,1638,5,Great stay!
4,Sheraton,57,Sheraton Hotel 57,Street 57,City_57,Country_57,822,922,Single,72.00,true,1639,User_1639,user1639@gmail.com,1639,1639,Single,72.00,2025-03-16,2025-03-18,1639,4,Great stay!
4,Sheraton,57,Sheraton Hotel 57,Street 57,City_57,Country_57,822,922,Single,72.00,true,1640,User_1640,user1640@gmail.com,1640,1640,Single,72.00,2025-03-17,2025-03-19,1640,3,Good experience
4,Sheraton,57,Sheraton Hotel 57,Street 57,City_57,Country_57,822,922,Single,72.00,true,1641,User_1641,user1641@gmail.com,1641,1641,Single,72.00,2025-03-18,2025-03-20,1641,2,Good experience
4,Sheraton,57,Sheraton Hotel 57,Street 57,City_57,Country_57,823,923,Double,73.00,false,1642,User_1642,user1642@gmail.com,1642,1642,Double,73.00,2025-03-19,2025-03-21,1642,3,Good experience
4,Sheraton,57,Sheraton Hotel 57,Street 57,City_57,Country_57,823,923,Double,73.00,false,1643,User_1643,user1643@gmail.com,1643,1643,Double,73.00,2025-03-20,2025-03-22,1643,4,Great stay!
4,Sheraton,57,Sheraton Hotel 57,Street 57,City_57,Country_57,823,923,Double,73.00,false,1644,User_1644,user1644@gmail.com,1644,1644,Double,73.00,2025-03-21,2025-03-23,1644,5,Great stay!
4,Sheraton,57,Sheraton Hotel 57,Street 57,City_57,Country_57,824,924,Single,74.00,true,1645,User_1645,user1645@gmail.com,1645,1645,Single,74.00,2025-03-22,2025-03-24,1645,3,Good experience
4,Sheraton,57,Sheraton Hotel 57,Street 57,City_57,Country_57,825,925,Double,75.00,true,1646,User_1646,user1646@gmail.com,1646,1646,Double,75.00,2025-03-23,2025-03-25,1646,1,Good experience
4,Sheraton,57,Sheraton Hotel 57,Street 57,City_57,Country_57,825,925,Double,75.00,true,1647,User_1647,user1647@gmail.com,1647,1647,Double,75.00,2025-03-24,2025-03-26,1647,3,Good experience
4,Sheraton,57,Sheraton Hotel 57,Street 57,City_57,Country_57,825,925,Double,75.00,true,1648,User_1648,user1648@gmail.com,1648,1648,Double,75.00,2025-03-25,2025-03-27,1648,2,Good experience
4,Sheraton,57,Sheraton Hotel 57,Street 57,City_57,Country_57,826,926,Single,76.00,false,1649,User_1649,user1649@gmail.com,1649,1649,Single,76.00,2025-03-26,2025-03-28,1649,1,Good experience
4,Sheraton,57,Sheraton Hotel 57,Street 57,City_57,Country_57,826,926,Single,76.00,false,1650,User_1650,user1650@gmail.com,1650,1650,Single,76.00,2025-03-27,2025-03-29,1650,1,Good experience
4,Sheraton,58,Sheraton Hotel 58,Street 58,City_58,Country_58,827,927,Double,77.00,true,1651,User_1651,user1651@gmail.com,1651,1651,Double,77.00,2025-03-28,2025-03-30,1651,4,Great stay!
4,Sheraton,58,Sheraton Hotel 58,Street 58,City_58,Country_58,827,927,Double,77.00,true,1652,User_1652,user1652@gmail.com,1652,1652,Double,77.00,2025-03-1,2025-03-3,1652,4,Great stay!
4,Sheraton,58,Sheraton Hotel 58,Street 58,City_58,Country_58,827,927,Double,77.00,true,1653,User_1653,user1653@gmail.com,1653,1653,Double,77.00,2025-03-2,2025-03-4,1653,4,Great stay!
4,Sheraton,58,Sheraton Hotel 58,Street 58,City_58,Country_58,828,928,Single,78.00,false,1654,User_1654,user1654@gmail.com,1654,1654,Single,78.00,2025-03-3,2025-03-5,1654,4,Great stay!
4,Sheraton,58,Sheraton Hotel 58,Street 58,City_58,Country_58,828,928,Single,78.00,false,1655,User_1655,user1655@gmail.com,1655,1655,Single,78.00,2025-03-4,2025-03-6,1655,4,Great stay!
4,Sheraton,58,Sheraton Hotel 58,Street 58,City_58,Country_58,828,928,Single,78.00,false,1656,User_1656,user1656@gmail.com,1656,1656,Single,78.00,2025-03-5,2025-03-7,1656,1,Good experience
4,Sheraton,58,Sheraton Hotel 58,Street 58,City_58,Country_58,829,929,Double,79.00,true,1657,User_1657,user1657@gmail.com,1657,1657,Double,79.00,2025-03-6,2025-03-8,1657,1,Good experience
4,Sheraton,58,Sheraton Hotel 58,Street 58,City_58,Country_58,829,929,Double,79.00,true,1658,User_1658,user1658@gmail.com,1658,1658,Double,79.00,2025-03-7,2025-03-9,1658,2,Good experience
4,Sheraton,58,Sheraton Hotel 58,Street 58,City_58,Country_58,829,929,Double,79.00,true,1659,User_1659,user1659@gmail.com,1659,1659,Double,79.00,2025-03-8,2025-03-10,1659,1,Good experience
4,Sheraton,58,Sheraton Hotel 58,Street 58,City_58,Country_58,830,930,Single,80.00,true,1660,User_1660,user1660@gmail.com,1660,1660,Single,80.00,2025-03-9,2025-03-11,1660,1,Good experience
4,Sheraton,58,Sheraton Hotel 58,Street 58,City_58,Country_58,830,930,Single,80.00,true,1661,User_1661,user1661@gmail.com,1661,1661,Single,80.00,2025-03-10,2025-03-12,1661,2,Good experience
4,Sheraton,58,Sheraton Hotel 58,Street 58,City_58,Country_58,831,931,Double,81.00,false,1662,User_1662,user1662@gmail.com,1662,1662,Double,81.00,2025-03-11,2025-03-13,1662,5,Great stay!
4,Sheraton,58,Sheraton Hotel 58,Street 58,City_58,Country_58,831,931,Double,81.00,false,1663,User_1663,user1663@gmail.com,1663,1663,Double,81.00,2025-03-12,2025-03-14,1663,5,Great stay!
4,Sheraton,58,Sheraton Hotel 58,Street 58,City_58,Country_58,831,931,Double,81.00,false,1664,User_1664,user1664@gmail.com,1664,1664,Double,81.00,2025-03-13,2025-03-15,1664,5,Great stay!
4,Sheraton,58,Sheraton Hotel 58,Street 58,City_58,Country_58,832,932,Single,82.00,true,1665,User_1665,user1665@gmail.com,1665,1665,Single,82.00,2025-03-14,2025-03-16,1665,4,Great stay!
4,Sheraton,59,Sheraton Hotel 59,Street 59,City_59,Country_59,833,933,Double,83.00,false,1666,User_1666,user1666@gmail.com,1666,1666,Double,83.00,2025-03-15,2025-03-17,1666,2,Good experience
4,Sheraton,59,Sheraton Hotel 59,Street 59,City_59,Country_59,833,933,Double,83.00,false,1667,User_1667,user1667@gmail.com,1667,1667,Double,83.00,2025-03-16,2025-03-18,1667,1,Good experience
4,Sheraton,59,Sheraton Hotel 59,Street 59,City_59,Country_59,834,934,Single,84.00,true,1668,User_1668,user1668@gmail.com,1668,1668,Single,84.00,2025-03-17,2025-03-19,1668,3,Good experience
4,Sheraton,59,Sheraton Hotel 59,Street 59,City_59,Country_59,834,934,Single,84.00,true,1669,User_1669,user1669@gmail.com,1669,1669,Single,84.00,2025-03-18,2025-03-20,1669,3,Good experience
4,Sheraton,59,Sheraton Hotel 59,Street 59,City_59,Country_59,835,935,Double,85.00,true,1670,User_1670,user1670@gmail.com,1670,1670,Double,85.00,2025-03-19,2025-03-21,1670,1,Good experience
4,Sheraton,59,Sheraton Hotel 59,Street 59,City_59,Country_59,835,935,Double,85.00,true,1671,User_1671,user1671@gmail.com,1671,1671,Double,85.00,2025-03-20,2025-03-22,1671,5,Great stay!
4,Sheraton,59,Sheraton Hotel 59,Street 59,City_59,Country_59,836,936,Single,86.00,false,1672,User_1672,user1672@gmail.com,1672,1672,Single,86.00,2025-03-21,2025-03-23,1672,5,Great stay!
4,Sheraton,59,Sheraton Hotel 59,Street 59,City_59,Country_59,836,936,Single,86.00,false,1673,User_1673,user1673@gmail.com,1673,1673,Single,86.00,2025-03-22,2025-03-24,1673,2,Good experience
4,Sheraton,59,Sheraton Hotel 59,Street 59,City_59,Country_59,836,936,Single,86.00,false,1674,User_1674,user1674@gmail.com,1674,1674,Single,86.00,2025-03-23,2025-03-25,1674,4,Great stay!
4,Sheraton,59,Sheraton Hotel 59,Street 59,City_59,Country_59,837,937,Double,87.00,true,1675,User_1675,user1675@gmail.com,1675,1675,Double,87.00,2025-03-24,2025-03-26,1675,3,Good experience
4,Sheraton,59,Sheraton Hotel 59,Street 59,City_59,Country_59,837,937,Double,87.00,true,1676,User_1676,user1676@gmail.com,1676,1676,Double,87.00,2025-03-25,2025-03-27,1676,4,Great stay!
4,Sheraton,59,Sheraton Hotel 59,Street 59,City_59,Country_59,838,938,Single,88.00,true,1677,User_1677,user1677@gmail.com,1677,1677,Single,88.00,2025-03-26,2025-03-28,1677,1,Good experience
4,Sheraton,60,Sheraton Hotel 60,Street 60,City_60,Country_60,839,939,Double,89.00,true,1678,User_1678,user1678@gmail.com,1678,1678,Double,89.00,2025-03-27,2025-03-29,1678,5,Great stay!
4,Sheraton,60,Sheraton Hotel 60,Street 60,City_60,Country_60,839,939,Double,89.00,true,1679,User_1679,user1679@gmail.com,1679,1679,Double,89.00,2025-03-28,2025-03-30,1679,4,Great stay!
4,Sheraton,60,Sheraton Hotel 60,Street 60,City_60,Country_60,840,940,Single,90.00,true,1680,User_1680,user1680@gmail.com,1680,1680,Single,90.00,2025-03-1,2025-03-3,1680,3,Good experience
4,Sheraton,60,Sheraton Hotel 60,Street 60,City_60,Country_60,840,940,Single,90.00,true,1681,User_1681,user1681@gmail.com,1681,1681,Single,90.00,2025-03-2,2025-03-4,1681,2,Good experience
4,Sheraton,60,Sheraton Hotel 60,Street 60,City_60,Country_60,841,941,Double,91.00,false,1682,User_1682,user1682@gmail.com,1682,1682,Double,91.00,2025-03-3,2025-03-5,1682,5,Great stay!
4,Sheraton,60,Sheraton Hotel 60,Street 60,City_60,Country_60,842,942,Single,92.00,true,1683,User_1683,user1683@gmail.com,1683,1683,Single,92.00,2025-03-4,2025-03-6,1683,2,Good experience
4,Sheraton,60,Sheraton Hotel 60,Street 60,City_60,Country_60,842,942,Single,92.00,true,1684,User_1684,user1684@gmail.com,1684,1684,Single,92.00,2025-03-5,2025-03-7,1684,1,Good experience
4,Sheraton,60,Sheraton Hotel 60,Street 60,City_60,Country_60,842,942,Single,92.00,true,1685,User_1685,user1685@gmail.com,1685,1685,Single,92.00,2025-03-6,2025-03-8,1685,5,Great stay!
4,Sheraton,60,Sheraton Hotel 60,Street 60,City_60,Country_60,843,943,Double,93.00,true,1686,User_1686,user1686@gmail.com,1686,1686,Double,93.00,2025-03-7,2025-03-9,1686,4,Great stay!
4,Sheraton,60,Sheraton Hotel 60,Street 60,City_60,Country_60,843,943,Double,93.00,true,1687,User_1687,user1687@gmail.com,1687,1687,Double,93.00,2025-03-8,2025-03-10,1687,5,Great stay!
4,Sheraton,60,Sheraton Hotel 60,Street 60,City_60,Country_60,844,944,Single,94.00,true,1688,User_1688,user1688@gmail.com,1688,1688,Single,94.00,2025-03-9,2025-03-11,1688,5,Great stay!
4,Sheraton,60,Sheraton Hotel 60,Street 60,City_60,Country_60,844,944,Single,94.00,true,1689,User_1689,user1689@gmail.com,1689,1689,Single,94.00,2025-03-10,2025-03-12,1689,1,Good experience
4,Sheraton,60,Sheraton Hotel 60,Street 60,City_60,Country_60,844,944,Single,94.00,true,1690,User_1690,user1690@gmail.com,1690,1690,Single,94.00,2025-03-11,2025-03-13,1690,2,Good experience
4,Sheraton,60,Sheraton Hotel 60,Street 60,City_60,Country_60,845,945,Double,95.00,false,1691,User_1691,user1691@gmail.com,1691,1691,Double,95.00,2025-03-12,2025-03-14,1691,5,Great stay!
4,Sheraton,60,Sheraton Hotel 60,Street 60,City_60,Country_60,845,945,Double,95.00,false,1692,User_1692,user1692@gmail.com,1692,1692,Double,95.00,2025-03-13,2025-03-15,1692,4,Great stay!
4,Sheraton,60,Sheraton Hotel 60,Street 60,City_60,Country_60,846,946,Single,96.00,true,1693,User_1693,user1693@gmail.com,1693,1693,Single,96.00,2025-03-14,2025-03-16,1693,5,Great stay!
4,Sheraton,60,Sheraton Hotel 60,Street 60,City_60,Country_60,847,947,Double,97.00,true,1694,User_1694,user1694@gmail.com,1694,1694,Double,97.00,2025-03-15,2025-03-17,1694,2,Good experience
4,Sheraton,60,Sheraton Hotel 60,Street 60,City_60,Country_60,847,947,Double,97.00,true,1695,User_1695,user1695@gmail.com,1695,1695,Double,97.00,2025-03-16,2025-03-18,1695,5,Great stay!
4,Sheraton,60,Sheraton Hotel 60,Street 60,City_60,Country_60,847,947,Double,97.00,true,1696,User_1696,user1696@gmail.com,1696,1696,Double,97.00,2025-03-17,2025-03-19,1696,4,Great stay!
4,Sheraton,60,Sheraton Hotel 60,Street 60,City_60,Country_60,848,948,Single,98.00,true,1697,User_1697,user1697@gmail.com,1697,1697,Single,98.00,2025-03-18,2025-03-20,1697,3,Good experience
4,Sheraton,60,Sheraton Hotel 60,Street 60,City_60,Country_60,848,948,Single,98.00,true,1698,User_1698,user1698@gmail.com,1698,1698,Single,98.00,2025-03-19,2025-03-21,1698,1,Good experience
4,Sheraton,60,Sheraton Hotel 60,Street 60,City_60,Country_60,849,949,Double,99.00,false,1699,User_1699,user1699@gmail.com,1699,1699,Double,99.00,2025-03-20,2025-03-22,1699,5,Great stay!
4,Sheraton,60,Sheraton Hotel 60,Street 60,City_60,Country_60,849,949,Double,99.00,false,1700,User_1700,user1700@gmail.com,1700,1700,Double,99.00,2025-03-21,2025-03-23,1700,5,Great stay!
4,Sheraton,60,Sheraton Hotel 60,Street 60,City_60,Country_60,849,949,Double,99.00,false,1701,User_1701,user1701@gmail.com,1701,1701,Double,99.00,2025-03-22,2025-03-24,1701,2,Good experience
4,Sheraton,60,Sheraton Hotel 60,Street 60,City_60,Country_60,850,950,Single,50.00,true,1702,User_1702,user1702@gmail.com,1702,1702,Single,50.00,2025-03-23,2025-03-25,1702,5,Great stay!
4,Sheraton,60,Sheraton Hotel 60,Street 60,City_60,Country_60,851,951,Double,51.00,true,1703,User_1703,user1703@gmail.com,1703,1703,Double,51.00,2025-03-24,2025-03-26,1703,1,Good experience
4,Sheraton,60,Sheraton Hotel 60,Street 60,City_60,Country_60,851,951,Double,51.00,true,1704,User_1704,user1704@gmail.com,1704,1704,Double,51.00,2025-03-25,2025-03-27,1704,4,Great stay!
4,Sheraton,60,Sheraton Hotel 60,Street 60,City_60,Country_60,852,952,Single,52.00,true,1705,User_1705,user1705@gmail.com,1705,1705,Single,52.00,2025-03-26,2025-03-28,1705,5,Great stay!
4,Sheraton,60,Sheraton Hotel 60,Street 60,City_60,Country_60,853,953,Double,53.00,true,1706,User_1706,user1706@gmail.com,1706,1706,Double,53.00,2025-03-27,2025-03-29,1706,3,Good experience
4,Sheraton,60,Sheraton Hotel 60,Street 60,City_60,Country_60,853,953,Double,53.00,true,1707,User_1707,user1707@gmail.com,1707,1707,Double,53.00,2025-03-28,2025-03-30,1707,2,Good experience
4,Sheraton,60,Sheraton Hotel 60,Street 60,City_60,Country_60,853,953,Double,53.00,true,1708,User_1708,user1708@gmail.com,1708,1708,Double,53.00,2025-03-1,2025-03-3,1708,2,Good experience
4,Sheraton,60,Sheraton Hotel 60,Street 60,City_60,Country_60,854,954,Single,54.00,true,1709,User_1709,user1709@gmail.com,1709,1709,Single,54.00,2025-03-2,2025-03-4,1709,4,Great stay!
4,Sheraton,60,Sheraton Hotel 60,Street 60,City_60,Country_60,854,954,Single,54.00,true,1710,User_1710,user1710@gmail.com,1710,1710,Single,54.00,2025-03-3,2025-03-5,1710,4,Great stay!
4,Sheraton,60,Sheraton Hotel 60,Street 60,City_60,Country_60,855,955,Double,55.00,false,1711,User_1711,user1711@gmail.com,1711,1711,Double,55.00,2025-03-4,2025-03-6,1711,4,Great stay!
4,Sheraton,60,Sheraton Hotel 60,Street 60,City_60,Country_60,855,955,Double,55.00,false,1712,User_1712,user1712@gmail.com,1712,1712,Double,55.00,2025-03-5,2025-03-7,1712,4,Great stay!
4,Sheraton,61,Sheraton Hotel 61,Street 61,City_61,Country_61,856,956,Single,56.00,false,1713,User_1713,user1713@gmail.com,1713,1713,Single,56.00,2025-03-6,2025-03-8,1713,5,Great stay!
4,Sheraton,61,Sheraton Hotel 61,Street 61,City_61,Country_61,856,956,Single,56.00,false,1714,User_1714,user1714@gmail.com,1714,1714,Single,56.00,2025-03-7,2025-03-9,1714,5,Great stay!
4,Sheraton,61,Sheraton Hotel 61,Street 61,City_61,Country_61,856,956,Single,56.00,false,1715,User_1715,user1715@gmail.com,1715,1715,Single,56.00,2025-03-8,2025-03-10,1715,5,Great stay!
4,Sheraton,61,Sheraton Hotel 61,Street 61,City_61,Country_61,857,957,Double,57.00,true,1716,User_1716,user1716@gmail.com,1716,1716,Double,57.00,2025-03-9,2025-03-11,1716,2,Good experience
4,Sheraton,61,Sheraton Hotel 61,Street 61,City_61,Country_61,858,958,Single,58.00,true,1717,User_1717,user1717@gmail.com,1717,1717,Single,58.00,2025-03-10,2025-03-12,1717,4,Great stay!
4,Sheraton,61,Sheraton Hotel 61,Street 61,City_61,Country_61,858,958,Single,58.00,true,1718,User_1718,user1718@gmail.com,1718,1718,Single,58.00,2025-03-11,2025-03-13,1718,2,Good experience
4,Sheraton,61,Sheraton Hotel 61,Street 61,City_61,Country_61,859,959,Double,59.00,true,1719,User_1719,user1719@gmail.com,1719,1719,Double,59.00,2025-03-12,2025-03-14,1719,1,Good experience
4,Sheraton,61,Sheraton Hotel 61,Street 61,City_61,Country_61,860,960,Single,60.00,true,1720,User_1720,user1720@gmail.com,1720,1720,Single,60.00,2025-03-13,2025-03-15,1720,3,Good experience
4,Sheraton,61,Sheraton Hotel 61,Street 61,City_61,Country_61,860,960,Single,60.00,true,1721,User_1721,user1721@gmail.com,1721,1721,Single,60.00,2025-03-14,2025-03-16,1721,5,Great stay!
4,Sheraton,61,Sheraton Hotel 61,Street 61,City_61,Country_61,861,961,Double,61.00,false,1722,User_1722,user1722@gmail.com,1722,1722,Double,61.00,2025-03-15,2025-03-17,1722,2,Good experience
4,Sheraton,61,Sheraton Hotel 61,Street 61,City_61,Country_61,861,961,Double,61.00,false,1723,User_1723,user1723@gmail.com,1723,1723,Double,61.00,2025-03-16,2025-03-18,1723,4,Great stay!
4,Sheraton,61,Sheraton Hotel 61,Street 61,City_61,Country_61,862,962,Single,62.00,true,1724,User_1724,user1724@gmail.com,1724,1724,Single,62.00,2025-03-17,2025-03-19,1724,2,Good experience
4,Sheraton,61,Sheraton Hotel 61,Street 61,City_61,Country_61,862,962,Single,62.00,true,1725,User_1725,user1725@gmail.com,1725,1725,Single,62.00,2025-03-18,2025-03-20,1725,3,Good experience
4,Sheraton,61,Sheraton Hotel 61,Street 61,City_61,Country_61,863,963,Double,63.00,true,1726,User_1726,user1726@gmail.com,1726,1726,Double,63.00,2025-03-19,2025-03-21,1726,1,Good experience
4,Sheraton,61,Sheraton Hotel 61,Street 61,City_61,Country_61,863,963,Double,63.00,true,1727,User_1727,user1727@gmail.com,1727,1727,Double,63.00,2025-03-20,2025-03-22,1727,3,Good experience
4,Sheraton,61,Sheraton Hotel 61,Street 61,City_61,Country_61,864,964,Single,64.00,true,1728,User_1728,user1728@gmail.com,1728,1728,Single,64.00,2025-03-21,2025-03-23,1728,3,Good experience
4,Sheraton,61,Sheraton Hotel 61,Street 61,City_61,Country_61,865,965,Double,65.00,false,1729,User_1729,user1729@gmail.com,1729,1729,Double,65.00,2025-03-22,2025-03-24,1729,1,Good experience
4,Sheraton,61,Sheraton Hotel 61,Street 61,City_61,Country_61,865,965,Double,65.00,false,1730,User_1730,user1730@gmail.com,1730,1730,Double,65.00,2025-03-23,2025-03-25,1730,1,Good experience
4,Sheraton,61,Sheraton Hotel 61,Street 61,City_61,Country_61,866,966,Single,66.00,true,1731,User_1731,user1731@gmail.com,1731,1731,Single,66.00,2025-03-24,2025-03-26,1731,5,Great stay!
4,Sheraton,61,Sheraton Hotel 61,Street 61,City_61,Country_61,866,966,Single,66.00,true,1732,User_1732,user1732@gmail.com,1732,1732,Single,66.00,2025-03-25,2025-03-27,1732,4,Great stay!
4,Sheraton,61,Sheraton Hotel 61,Street 61,City_61,Country_61,867,967,Double,67.00,true,1733,User_1733,user1733@gmail.com,1733,1733,Double,67.00,2025-03-26,2025-03-28,1733,2,Good experience
4,Sheraton,61,Sheraton Hotel 61,Street 61,City_61,Country_61,867,967,Double,67.00,true,1734,User_1734,user1734@gmail.com,1734,1734,Double,67.00,2025-03-27,2025-03-29,1734,5,Great stay!
4,Sheraton,61,Sheraton Hotel 61,Street 61,City_61,Country_61,867,967,Double,67.00,true,1735,User_1735,user1735@gmail.com,1735,1735,Double,67.00,2025-03-28,2025-03-30,1735,5,Great stay!
4,Sheraton,61,Sheraton Hotel 61,Street 61,City_61,Country_61,868,968,Single,68.00,true,1736,User_1736,user1736@gmail.com,1736,1736,Single,68.00,2025-03-1,2025-03-3,1736,1,Good experience
4,Sheraton,61,Sheraton Hotel 61,Street 61,City_61,Country_61,868,968,Single,68.00,true,1737,User_1737,user1737@gmail.com,1737,1737,Single,68.00,2025-03-2,2025-03-4,1737,3,Good experience
4,Sheraton,61,Sheraton Hotel 61,Street 61,City_61,Country_61,869,969,Double,69.00,true,1738,User_1738,user1738@gmail.com,1738,1738,Double,69.00,2025-03-3,2025-03-5,1738,5,Great stay!
4,Sheraton,61,Sheraton Hotel 61,Street 61,City_61,Country_61,869,969,Double,69.00,true,1739,User_1739,user1739@gmail.com,1739,1739,Double,69.00,2025-03-4,2025-03-6,1739,4,Great stay!
4,Sheraton,61,Sheraton Hotel 61,Street 61,City_61,Country_61,869,969,Double,69.00,true,1740,User_1740,user1740@gmail.com,1740,1740,Double,69.00,2025-03-5,2025-03-7,1740,3,Good experience
4,Sheraton,61,Sheraton Hotel 61,Street 61,City_61,Country_61,870,970,Single,70.00,true,1741,User_1741,user1741@gmail.com,1741,1741,Single,70.00,2025-03-6,2025-03-8,1741,1,Good experience
4,Sheraton,61,Sheraton Hotel 61,Street 61,City_61,Country_61,870,970,Single,70.00,true,1742,User_1742,user1742@gmail.com,1742,1742,Single,70.00,2025-03-7,2025-03-9,1742,3,Good experience
4,Sheraton,61,Sheraton Hotel 61,Street 61,City_61,Country_61,871,971,Double,71.00,true,1743,User_1743,user1743@gmail.com,1743,1743,Double,71.00,2025-03-8,2025-03-10,1743,5,Great stay!
4,Sheraton,61,Sheraton Hotel 61,Street 61,City_61,Country_61,872,972,Single,72.00,true,1744,User_1744,user1744@gmail.com,1744,1744,Single,72.00,2025-03-9,2025-03-11,1744,3,Good experience
4,Sheraton,61,Sheraton Hotel 61,Street 61,City_61,Country_61,872,972,Single,72.00,true,1745,User_1745,user1745@gmail.com,1745,1745,Single,72.00,2025-03-10,2025-03-12,1745,5,Great stay!
4,Sheraton,61,Sheraton Hotel 61,Street 61,City_61,Country_61,872,972,Single,72.00,true,1746,User_1746,user1746@gmail.com,1746,1746,Single,72.00,2025-03-11,2025-03-13,1746,5,Great stay!
4,Sheraton,61,Sheraton Hotel 61,Street 61,City_61,Country_61,873,973,Double,73.00,true,1747,User_1747,user1747@gmail.com,1747,1747,Double,73.00,2025-03-12,2025-03-14,1747,1,Good experience
4,Sheraton,62,Sheraton Hotel 62,Street 62,City_62,Country_62,874,974,Single,74.00,true,1748,User_1748,user1748@gmail.com,1748,1748,Single,74.00,2025-03-13,2025-03-15,1748,3,Good experience
4,Sheraton,62,Sheraton Hotel 62,Street 62,City_62,Country_62,874,974,Single,74.00,true,1749,User_1749,user1749@gmail.com,1749,1749,Single,74.00,2025-03-14,2025-03-16,1749,5,Great stay!
4,Sheraton,62,Sheraton Hotel 62,Street 62,City_62,Country_62,874,974,Single,74.00,true,1750,User_1750,user1750@gmail.com,1750,1750,Single,74.00,2025-03-15,2025-03-17,1750,5,Great stay!
4,Sheraton,62,Sheraton Hotel 62,Street 62,City_62,Country_62,875,975,Double,75.00,true,1751,User_1751,user1751@gmail.com,1751,1751,Double,75.00,2025-03-16,2025-03-18,1751,2,Good experience
4,Sheraton,62,Sheraton Hotel 62,Street 62,City_62,Country_62,875,975,Double,75.00,true,1752,User_1752,user1752@gmail.com,1752,1752,Double,75.00,2025-03-17,2025-03-19,1752,3,Good experience
4,Sheraton,62,Sheraton Hotel 62,Street 62,City_62,Country_62,875,975,Double,75.00,true,1753,User_1753,user1753@gmail.com,1753,1753,Double,75.00,2025-03-18,2025-03-20,1753,1,Good experience
4,Sheraton,62,Sheraton Hotel 62,Street 62,City_62,Country_62,876,976,Single,76.00,true,1754,User_1754,user1754@gmail.com,1754,1754,Single,76.00,2025-03-19,2025-03-21,1754,5,Great stay!
4,Sheraton,62,Sheraton Hotel 62,Street 62,City_62,Country_62,876,976,Single,76.00,true,1755,User_1755,user1755@gmail.com,1755,1755,Single,76.00,2025-03-20,2025-03-22,1755,4,Great stay!
4,Sheraton,62,Sheraton Hotel 62,Street 62,City_62,Country_62,876,976,Single,76.00,true,1756,User_1756,user1756@gmail.com,1756,1756,Single,76.00,2025-03-21,2025-03-23,1756,3,Good experience
4,Sheraton,62,Sheraton Hotel 62,Street 62,City_62,Country_62,877,977,Double,77.00,true,1757,User_1757,user1757@gmail.com,1757,1757,Double,77.00,2025-03-22,2025-03-24,1757,2,Good experience
4,Sheraton,62,Sheraton Hotel 62,Street 62,City_62,Country_62,878,978,Single,78.00,true,1758,User_1758,user1758@gmail.com,1758,1758,Single,78.00,2025-03-23,2025-03-25,1758,3,Good experience
4,Sheraton,62,Sheraton Hotel 62,Street 62,City_62,Country_62,879,979,Double,79.00,true,1759,User_1759,user1759@gmail.com,1759,1759,Double,79.00,2025-03-24,2025-03-26,1759,2,Good experience
4,Sheraton,62,Sheraton Hotel 62,Street 62,City_62,Country_62,879,979,Double,79.00,true,1760,User_1760,user1760@gmail.com,1760,1760,Double,79.00,2025-03-25,2025-03-27,1760,2,Good experience
4,Sheraton,62,Sheraton Hotel 62,Street 62,City_62,Country_62,879,979,Double,79.00,true,1761,User_1761,user1761@gmail.com,1761,1761,Double,79.00,2025-03-26,2025-03-28,1761,1,Good experience
4,Sheraton,62,Sheraton Hotel 62,Street 62,City_62,Country_62,880,980,Single,80.00,true,1762,User_1762,user1762@gmail.com,1762,1762,Single,80.00,2025-03-27,2025-03-29,1762,3,Good experience
4,Sheraton,62,Sheraton Hotel 62,Street 62,City_62,Country_62,880,980,Single,80.00,true,1763,User_1763,user1763@gmail.com,1763,1763,Single,80.00,2025-03-28,2025-03-30,1763,3,Good experience
4,Sheraton,62,Sheraton Hotel 62,Street 62,City_62,Country_62,881,981,Double,81.00,true,1764,User_1764,user1764@gmail.com,1764,1764,Double,81.00,2025-03-1,2025-03-3,1764,1,Good experience
4,Sheraton,62,Sheraton Hotel 62,Street 62,City_62,Country_62,881,981,Double,81.00,true,1765,User_1765,user1765@gmail.com,1765,1765,Double,81.00,2025-03-2,2025-03-4,1765,2,Good experience
4,Sheraton,62,Sheraton Hotel 62,Street 62,City_62,Country_62,882,982,Single,82.00,true,1766,User_1766,user1766@gmail.com,1766,1766,Single,82.00,2025-03-3,2025-03-5,1766,3,Good experience
4,Sheraton,62,Sheraton Hotel 62,Street 62,City_62,Country_62,882,982,Single,82.00,true,1767,User_1767,user1767@gmail.com,1767,1767,Single,82.00,2025-03-4,2025-03-6,1767,2,Good experience
4,Sheraton,62,Sheraton Hotel 62,Street 62,City_62,Country_62,883,983,Double,83.00,true,1768,User_1768,user1768@gmail.com,1768,1768,Double,83.00,2025-03-5,2025-03-7,1768,5,Great stay!
4,Sheraton,62,Sheraton Hotel 62,Street 62,City_62,Country_62,883,983,Double,83.00,true,1769,User_1769,user1769@gmail.com,1769,1769,Double,83.00,2025-03-6,2025-03-8,1769,2,Good experience
4,Sheraton,62,Sheraton Hotel 62,Street 62,City_62,Country_62,884,984,Single,84.00,true,1770,User_1770,user1770@gmail.com,1770,1770,Single,84.00,2025-03-7,2025-03-9,1770,5,Great stay!
4,Sheraton,62,Sheraton Hotel 62,Street 62,City_62,Country_62,884,984,Single,84.00,true,1771,User_1771,user1771@gmail.com,1771,1771,Single,84.00,2025-03-8,2025-03-10,1771,1,Good experience
4,Sheraton,62,Sheraton Hotel 62,Street 62,City_62,Country_62,884,984,Single,84.00,true,1772,User_1772,user1772@gmail.com,1772,1772,Single,84.00,2025-03-9,2025-03-11,1772,2,Good experience
4,Sheraton,62,Sheraton Hotel 62,Street 62,City_62,Country_62,885,985,Double,85.00,true,1773,User_1773,user1773@gmail.com,1773,1773,Double,85.00,2025-03-10,2025-03-12,1773,2,Good experience
4,Sheraton,62,Sheraton Hotel 62,Street 62,City_62,Country_62,886,986,Single,86.00,false,1774,User_1774,user1774@gmail.com,1774,1774,Single,86.00,2025-03-11,2025-03-13,1774,2,Good experience
4,Sheraton,62,Sheraton Hotel 62,Street 62,City_62,Country_62,887,987,Double,87.00,true,1775,User_1775,user1775@gmail.com,1775,1775,Double,87.00,2025-03-12,2025-03-14,1775,4,Great stay!
4,Sheraton,62,Sheraton Hotel 62,Street 62,City_62,Country_62,887,987,Double,87.00,true,1776,User_1776,user1776@gmail.com,1776,1776,Double,87.00,2025-03-13,2025-03-15,1776,1,Good experience
4,Sheraton,62,Sheraton Hotel 62,Street 62,City_62,Country_62,888,988,Single,88.00,true,1777,User_1777,user1777@gmail.com,1777,1777,Single,88.00,2025-03-14,2025-03-16,1777,3,Good experience
4,Sheraton,62,Sheraton Hotel 62,Street 62,City_62,Country_62,888,988,Single,88.00,true,1778,User_1778,user1778@gmail.com,1778,1778,Single,88.00,2025-03-15,2025-03-17,1778,4,Great stay!
4,Sheraton,62,Sheraton Hotel 62,Street 62,City_62,Country_62,888,988,Single,88.00,true,1779,User_1779,user1779@gmail.com,1779,1779,Single,88.00,2025-03-16,2025-03-18,1779,5,Great stay!
4,Sheraton,62,Sheraton Hotel 62,Street 62,City_62,Country_62,889,989,Double,89.00,false,1780,User_1780,user1780@gmail.com,1780,1780,Double,89.00,2025-03-17,2025-03-19,1780,4,Great stay!
4,Sheraton,62,Sheraton Hotel 62,Street 62,City_62,Country_62,890,990,Single,90.00,false,1781,User_1781,user1781@gmail.com,1781,1781,Single,90.00,2025-03-18,2025-03-20,1781,3,Good experience
4,Sheraton,62,Sheraton Hotel 62,Street 62,City_62,Country_62,890,990,Single,90.00,false,1782,User_1782,user1782@gmail.com,1782,1782,Single,90.00,2025-03-19,2025-03-21,1782,4,Great stay!
4,Sheraton,62,Sheraton Hotel 62,Street 62,City_62,Country_62,891,991,Double,91.00,true,1783,User_1783,user1783@gmail.com,1783,1783,Double,91.00,2025-03-20,2025-03-22,1783,4,Great stay!
4,Sheraton,62,Sheraton Hotel 62,Street 62,City_62,Country_62,891,991,Double,91.00,true,1784,User_1784,user1784@gmail.com,1784,1784,Double,91.00,2025-03-21,2025-03-23,1784,3,Good experience
4,Sheraton,62,Sheraton Hotel 62,Street 62,City_62,Country_62,891,991,Double,91.00,true,1785,User_1785,user1785@gmail.com,1785,1785,Double,91.00,2025-03-22,2025-03-24,1785,3,Good experience
4,Sheraton,62,Sheraton Hotel 62,Street 62,City_62,Country_62,892,992,Single,92.00,true,1786,User_1786,user1786@gmail.com,1786,1786,Single,92.00,2025-03-23,2025-03-25,1786,2,Good experience
4,Sheraton,62,Sheraton Hotel 62,Street 62,City_62,Country_62,893,993,Double,93.00,true,1787,User_1787,user1787@gmail.com,1787,1787,Double,93.00,2025-03-24,2025-03-26,1787,1,Good experience
4,Sheraton,62,Sheraton Hotel 62,Street 62,City_62,Country_62,894,994,Single,94.00,true,1788,User_1788,user1788@gmail.com,1788,1788,Single,94.00,2025-03-25,2025-03-27,1788,2,Good experience
4,Sheraton,62,Sheraton Hotel 62,Street 62,City_62,Country_62,894,994,Single,94.00,true,1789,User_1789,user1789@gmail.com,1789,1789,Single,94.00,2025-03-26,2025-03-28,1789,5,Great stay!
4,Sheraton,62,Sheraton Hotel 62,Street 62,City_62,Country_62,895,995,Double,95.00,true,1790,User_1790,user1790@gmail.com,1790,1790,Double,95.00,2025-03-27,2025-03-29,1790,1,Good experience
4,Sheraton,62,Sheraton Hotel 62,Street 62,City_62,Country_62,896,996,Single,96.00,false,1791,User_1791,user1791@gmail.com,1791,1791,Single,96.00,2025-03-28,2025-03-30,1791,4,Great stay!
4,Sheraton,62,Sheraton Hotel 62,Street 62,City_62,Country_62,896,996,Single,96.00,false,1792,User_1792,user1792@gmail.com,1792,1792,Single,96.00,2025-03-1,2025-03-3,1792,4,Great stay!
4,Sheraton,62,Sheraton Hotel 62,Street 62,City_62,Country_62,896,996,Single,96.00,false,1793,User_1793,user1793@gmail.com,1793,1793,Single,96.00,2025-03-2,2025-03-4,1793,3,Good experience
4,Sheraton,63,Sheraton Hotel 63,Street 63,City_63,Country_63,897,997,Double,97.00,true,1794,User_1794,user1794@gmail.com,1794,1794,Double,97.00,2025-03-3,2025-03-5,1794,4,Great stay!
4,Sheraton,63,Sheraton Hotel 63,Street 63,City_63,Country_63,897,997,Double,97.00,true,1795,User_1795,user1795@gmail.com,1795,1795,Double,97.00,2025-03-4,2025-03-6,1795,5,Great stay!
4,Sheraton,63,Sheraton Hotel 63,Street 63,City_63,Country_63,897,997,Double,97.00,true,1796,User_1796,user1796@gmail.com,1796,1796,Double,97.00,2025-03-5,2025-03-7,1796,3,Good experience
4,Sheraton,63,Sheraton Hotel 63,Street 63,City_63,Country_63,898,998,Single,98.00,true,1797,User_1797,user1797@gmail.com,1797,1797,Single,98.00,2025-03-6,2025-03-8,1797,2,Good experience
4,Sheraton,63,Sheraton Hotel 63,Street 63,City_63,Country_63,898,998,Single,98.00,true,1798,User_1798,user1798@gmail.com,1798,1798,Single,98.00,2025-03-7,2025-03-9,1798,2,Good experience
4,Sheraton,63,Sheraton Hotel 63,Street 63,City_63,Country_63,899,999,Double,99.00,true,1799,User_1799,user1799@gmail.com,1799,1799,Double,99.00,2025-03-8,2025-03-10,1799,5,Great stay!
4,Sheraton,63,Sheraton Hotel 63,Street 63,City_63,Country_63,899,999,Double,99.00,true,1800,User_1800,user1800@gmail.com,1800,1800,Double,99.00,2025-03-9,2025-03-11,1800,5,Great stay!
4,Sheraton,63,Sheraton Hotel 63,Street 63,City_63,Country_63,899,999,Double,99.00,true,1801,User_1801,user1801@gmail.com,1801,1801,Double,99.00,2025-03-10,2025-03-12,1801,5,Great stay!
4,Sheraton,63,Sheraton Hotel 63,Street 63,City_63,Country_63,900,1000,Single,50.00,true,1802,User_1802,user1802@gmail.com,1802,1802,Single,50.00,2025-03-11,2025-03-13,1802,3,Good experience
4,Sheraton,63,Sheraton Hotel 63,Street 63,City_63,Country_63,900,1000,Single,50.00,true,1803,User_1803,user1803@gmail.com,1803,1803,Single,50.00,2025-03-12,2025-03-14,1803,1,Good experience
4,Sheraton,63,Sheraton Hotel 63,Street 63,City_63,Country_63,901,1001,Double,51.00,true,1804,User_1804,user1804@gmail.com,1804,1804,Double,51.00,2025-03-13,2025-03-15,1804,2,Good experience
4,Sheraton,63,Sheraton Hotel 63,Street 63,City_63,Country_63,901,1001,Double,51.00,true,1805,User_1805,user1805@gmail.com,1805,1805,Double,51.00,2025-03-14,2025-03-16,1805,1,Good experience
4,Sheraton,63,Sheraton Hotel 63,Street 63,City_63,Country_63,902,1002,Single,52.00,true,1806,User_1806,user1806@gmail.com,1806,1806,Single,52.00,2025-03-15,2025-03-17,1806,2,Good experience
4,Sheraton,63,Sheraton Hotel 63,Street 63,City_63,Country_63,903,1003,Double,53.00,false,1807,User_1807,user1807@gmail.com,1807,1807,Double,53.00,2025-03-16,2025-03-18,1807,4,Great stay!
4,Sheraton,63,Sheraton Hotel 63,Street 63,City_63,Country_63,904,1004,Single,54.00,true,1808,User_1808,user1808@gmail.com,1808,1808,Single,54.00,2025-03-17,2025-03-19,1808,4,Great stay!
4,Sheraton,63,Sheraton Hotel 63,Street 63,City_63,Country_63,904,1004,Single,54.00,true,1809,User_1809,user1809@gmail.com,1809,1809,Single,54.00,2025-03-18,2025-03-20,1809,5,Great stay!
4,Sheraton,63,Sheraton Hotel 63,Street 63,City_63,Country_63,904,1004,Single,54.00,true,1810,User_1810,user1810@gmail.com,1810,1810,Single,54.00,2025-03-19,2025-03-21,1810,4,Great stay!
4,Sheraton,63,Sheraton Hotel 63,Street 63,City_63,Country_63,905,1005,Double,55.00,true,1811,User_1811,user1811@gmail.com,1811,1811,Double,55.00,2025-03-20,2025-03-22,1811,2,Good experience
4,Sheraton,64,Sheraton Hotel 64,Street 64,City_64,Country_64,906,1006,Single,56.00,true,1812,User_1812,user1812@gmail.com,1812,1812,Single,56.00,2025-03-21,2025-03-23,1812,3,Good experience
4,Sheraton,64,Sheraton Hotel 64,Street 64,City_64,Country_64,907,1007,Double,57.00,true,1813,User_1813,user1813@gmail.com,1813,1813,Double,57.00,2025-03-22,2025-03-24,1813,3,Good experience
4,Sheraton,64,Sheraton Hotel 64,Street 64,City_64,Country_64,907,1007,Double,57.00,true,1814,User_1814,user1814@gmail.com,1814,1814,Double,57.00,2025-03-23,2025-03-25,1814,4,Great stay!
4,Sheraton,64,Sheraton Hotel 64,Street 64,City_64,Country_64,908,1008,Single,58.00,false,1815,User_1815,user1815@gmail.com,1815,1815,Single,58.00,2025-03-24,2025-03-26,1815,3,Good experience
4,Sheraton,64,Sheraton Hotel 64,Street 64,City_64,Country_64,908,1008,Single,58.00,false,1816,User_1816,user1816@gmail.com,1816,1816,Single,58.00,2025-03-25,2025-03-27,1816,5,Great stay!
4,Sheraton,64,Sheraton Hotel 64,Street 64,City_64,Country_64,909,1009,Double,59.00,true,1817,User_1817,user1817@gmail.com,1817,1817,Double,59.00,2025-03-26,2025-03-28,1817,2,Good experience
4,Sheraton,64,Sheraton Hotel 64,Street 64,City_64,Country_64,910,1010,Single,60.00,false,1818,User_1818,user1818@gmail.com,1818,1818,Single,60.00,2025-03-27,2025-03-29,1818,3,Good experience
4,Sheraton,64,Sheraton Hotel 64,Street 64,City_64,Country_64,910,1010,Single,60.00,false,1819,User_1819,user1819@gmail.com,1819,1819,Single,60.00,2025-03-28,2025-03-30,1819,2,Good experience
4,Sheraton,64,Sheraton Hotel 64,Street 64,City_64,Country_64,911,1011,Double,61.00,true,1820,User_1820,user1820@gmail.com,1820,1820,Double,61.00,2025-03-1,2025-03-3,1820,1,Good experience
4,Sheraton,64,Sheraton Hotel 64,Street 64,City_64,Country_64,912,1012,Single,62.00,true,1821,User_1821,user1821@gmail.com,1821,1821,Single,62.00,2025-03-2,2025-03-4,1821,4,Great stay!
4,Sheraton,64,Sheraton Hotel 64,Street 64,City_64,Country_64,912,1012,Single,62.00,true,1822,User_1822,user1822@gmail.com,1822,1822,Single,62.00,2025-03-3,2025-03-5,1822,1,Good experience
4,Sheraton,64,Sheraton Hotel 64,Street 64,City_64,Country_64,912,1012,Single,62.00,true,1823,User_1823,user1823@gmail.com,1823,1823,Single,62.00,2025-03-4,2025-03-6,1823,4,Great stay!
4,Sheraton,64,Sheraton Hotel 64,Street 64,City_64,Country_64,913,1013,Double,63.00,true,1824,User_1824,user1824@gmail.com,1824,1824,Double,63.00,2025-03-5,2025-03-7,1824,3,Good experience
4,Sheraton,64,Sheraton Hotel 64,Street 64,City_64,Country_64,913,1013,Double,63.00,true,1825,User_1825,user1825@gmail.com,1825,1825,Double,63.00,2025-03-6,2025-03-8,1825,4,Great stay!
4,Sheraton,65,Sheraton Hotel 65,Street 65,City_65,Country_65,914,1014,Single,64.00,false,1826,User_1826,user1826@gmail.com,1826,1826,Single,64.00,2025-03-7,2025-03-9,1826,2,Good experience
4,Sheraton,65,Sheraton Hotel 65,Street 65,City_65,Country_65,914,1014,Single,64.00,false,1827,User_1827,user1827@gmail.com,1827,1827,Single,64.00,2025-03-8,2025-03-10,1827,1,Good experience
4,Sheraton,65,Sheraton Hotel 65,Street 65,City_65,Country_65,914,1014,Single,64.00,false,1828,User_1828,user1828@gmail.com,1828,1828,Single,64.00,2025-03-9,2025-03-11,1828,1,Good experience
4,Sheraton,65,Sheraton Hotel 65,Street 65,City_65,Country_65,915,1015,Double,65.00,true,1829,User_1829,user1829@gmail.com,1829,1829,Double,65.00,2025-03-10,2025-03-12,1829,3,Good experience
4,Sheraton,65,Sheraton Hotel 65,Street 65,City_65,Country_65,916,1016,Single,66.00,true,1830,User_1830,user1830@gmail.com,1830,1830,Single,66.00,2025-03-11,2025-03-13,1830,3,Good experience
4,Sheraton,65,Sheraton Hotel 65,Street 65,City_65,Country_65,916,1016,Single,66.00,true,1831,User_1831,user1831@gmail.com,1831,1831,Single,66.00,2025-03-12,2025-03-14,1831,4,Great stay!
4,Sheraton,65,Sheraton Hotel 65,Street 65,City_65,Country_65,917,1017,Double,67.00,true,1832,User_1832,user1832@gmail.com,1832,1832,Double,67.00,2025-03-13,2025-03-15,1832,5,Great stay!
4,Sheraton,65,Sheraton Hotel 65,Street 65,City_65,Country_65,918,1018,Single,68.00,true,1833,User_1833,user1833@gmail.com,1833,1833,Single,68.00,2025-03-14,2025-03-16,1833,3,Good experience
4,Sheraton,65,Sheraton Hotel 65,Street 65,City_65,Country_65,919,1019,Double,69.00,true,1834,User_1834,user1834@gmail.com,1834,1834,Double,69.00,2025-03-15,2025-03-17,1834,4,Great stay!
4,Sheraton,65,Sheraton Hotel 65,Street 65,City_65,Country_65,919,1019,Double,69.00,true,1835,User_1835,user1835@gmail.com,1835,1835,Double,69.00,2025-03-16,2025-03-18,1835,5,Great stay!
4,Sheraton,65,Sheraton Hotel 65,Street 65,City_65,Country_65,920,1020,Single,70.00,true,1836,User_1836,user1836@gmail.com,1836,1836,Single,70.00,2025-03-17,2025-03-19,1836,1,Good experience
4,Sheraton,65,Sheraton Hotel 65,Street 65,City_65,Country_65,920,1020,Single,70.00,true,1837,User_1837,user1837@gmail.com,1837,1837,Single,70.00,2025-03-18,2025-03-20,1837,5,Great stay!
4,Sheraton,65,Sheraton Hotel 65,Street 65,City_65,Country_65,921,1021,Double,71.00,true,1838,User_1838,user1838@gmail.com,1838,1838,Double,71.00,2025-03-19,2025-03-21,1838,5,Great stay!
4,Sheraton,65,Sheraton Hotel 65,Street 65,City_65,Country_65,921,1021,Double,71.00,true,1839,User_1839,user1839@gmail.com,1839,1839,Double,71.00,2025-03-20,2025-03-22,1839,2,Good experience
4,Sheraton,65,Sheraton Hotel 65,Street 65,City_65,Country_65,921,1021,Double,71.00,true,1840,User_1840,user1840@gmail.com,1840,1840,Double,71.00,2025-03-21,2025-03-23,1840,3,Good experience
4,Sheraton,65,Sheraton Hotel 65,Street 65,City_65,Country_65,922,1022,Single,72.00,false,1841,User_1841,user1841@gmail.com,1841,1841,Single,72.00,2025-03-22,2025-03-24,1841,4,Great stay!
4,Sheraton,65,Sheraton Hotel 65,Street 65,City_65,Country_65,922,1022,Single,72.00,false,1842,User_1842,user1842@gmail.com,1842,1842,Single,72.00,2025-03-23,2025-03-25,1842,2,Good experience
4,Sheraton,65,Sheraton Hotel 65,Street 65,City_65,Country_65,923,1023,Double,73.00,true,1843,User_1843,user1843@gmail.com,1843,1843,Double,73.00,2025-03-24,2025-03-26,1843,4,Great stay!
4,Sheraton,65,Sheraton Hotel 65,Street 65,City_65,Country_65,923,1023,Double,73.00,true,1844,User_1844,user1844@gmail.com,1844,1844,Double,73.00,2025-03-25,2025-03-27,1844,5,Great stay!
4,Sheraton,65,Sheraton Hotel 65,Street 65,City_65,Country_65,924,1024,Single,74.00,false,1845,User_1845,user1845@gmail.com,1845,1845,Single,74.00,2025-03-26,2025-03-28,1845,2,Good experience
4,Sheraton,65,Sheraton Hotel 65,Street 65,City_65,Country_65,924,1024,Single,74.00,false,1846,User_1846,user1846@gmail.com,1846,1846,Single,74.00,2025-03-27,2025-03-29,1846,2,Good experience
4,Sheraton,65,Sheraton Hotel 65,Street 65,City_65,Country_65,925,1025,Double,75.00,true,1847,User_1847,user1847@gmail.com,1847,1847,Double,75.00,2025-03-28,2025-03-30,1847,5,Great stay!
4,Sheraton,65,Sheraton Hotel 65,Street 65,City_65,Country_65,926,1026,Single,76.00,true,1848,User_1848,user1848@gmail.com,1848,1848,Single,76.00,2025-03-1,2025-03-3,1848,5,Great stay!
4,Sheraton,65,Sheraton Hotel 65,Street 65,City_65,Country_65,926,1026,Single,76.00,true,1849,User_1849,user1849@gmail.com,1849,1849,Single,76.00,2025-03-2,2025-03-4,1849,2,Good experience
4,Sheraton,65,Sheraton Hotel 65,Street 65,City_65,Country_65,927,1027,Double,77.00,true,1850,User_1850,user1850@gmail.com,1850,1850,Double,77.00,2025-03-3,2025-03-5,1850,5,Great stay!
4,Sheraton,65,Sheraton Hotel 65,Street 65,City_65,Country_65,927,1027,Double,77.00,true,1851,User_1851,user1851@gmail.com,1851,1851,Double,77.00,2025-03-4,2025-03-6,1851,1,Good experience
4,Sheraton,65,Sheraton Hotel 65,Street 65,City_65,Country_65,927,1027,Double,77.00,true,1852,User_1852,user1852@gmail.com,1852,1852,Double,77.00,2025-03-5,2025-03-7,1852,2,Good experience
4,Sheraton,66,Sheraton Hotel 66,Street 66,City_66,Country_66,928,1028,Single,78.00,false,1853,User_1853,user1853@gmail.com,1853,1853,Single,78.00,2025-03-6,2025-03-8,1853,2,Good experience
4,Sheraton,66,Sheraton Hotel 66,Street 66,City_66,Country_66,928,1028,Single,78.00,false,1854,User_1854,user1854@gmail.com,1854,1854,Single,78.00,2025-03-7,2025-03-9,1854,4,Great stay!
4,Sheraton,66,Sheraton Hotel 66,Street 66,City_66,Country_66,929,1029,Double,79.00,true,1855,User_1855,user1855@gmail.com,1855,1855,Double,79.00,2025-03-8,2025-03-10,1855,2,Good experience
4,Sheraton,66,Sheraton Hotel 66,Street 66,City_66,Country_66,930,1030,Single,80.00,true,1856,User_1856,user1856@gmail.com,1856,1856,Single,80.00,2025-03-9,2025-03-11,1856,5,Great stay!
4,Sheraton,66,Sheraton Hotel 66,Street 66,City_66,Country_66,931,1031,Double,81.00,true,1857,User_1857,user1857@gmail.com,1857,1857,Double,81.00,2025-03-10,2025-03-12,1857,3,Good experience
4,Sheraton,66,Sheraton Hotel 66,Street 66,City_66,Country_66,931,1031,Double,81.00,true,1858,User_1858,user1858@gmail.com,1858,1858,Double,81.00,2025-03-11,2025-03-13,1858,3,Good experience
4,Sheraton,66,Sheraton Hotel 66,Street 66,City_66,Country_66,931,1031,Double,81.00,true,1859,User_1859,user1859@gmail.com,1859,1859,Double,81.00,2025-03-12,2025-03-14,1859,5,Great stay!
4,Sheraton,66,Sheraton Hotel 66,Street 66,City_66,Country_66,932,1032,Single,82.00,true,1860,User_1860,user1860@gmail.com,1860,1860,Single,82.00,2025-03-13,2025-03-15,1860,1,Good experience
4,Sheraton,66,Sheraton Hotel 66,Street 66,City_66,Country_66,932,1032,Single,82.00,true,1861,User_1861,user1861@gmail.com,1861,1861,Single,82.00,2025-03-14,2025-03-16,1861,1,Good experience
4,Sheraton,66,Sheraton Hotel 66,Street 66,City_66,Country_66,932,1032,Single,82.00,true,1862,User_1862,user1862@gmail.com,1862,1862,Single,82.00,2025-03-15,2025-03-17,1862,5,Great stay!
4,Sheraton,67,Sheraton Hotel 67,Street 67,City_67,Country_67,933,1033,Double,83.00,false,1863,User_1863,user1863@gmail.com,1863,1863,Double,83.00,2025-03-16,2025-03-18,1863,5,Great stay!
4,Sheraton,67,Sheraton Hotel 67,Street 67,City_67,Country_67,933,1033,Double,83.00,false,1864,User_1864,user1864@gmail.com,1864,1864,Double,83.00,2025-03-17,2025-03-19,1864,1,Good experience
4,Sheraton,67,Sheraton Hotel 67,Street 67,City_67,Country_67,933,1033,Double,83.00,false,1865,User_1865,user1865@gmail.com,1865,1865,Double,83.00,2025-03-18,2025-03-20,1865,1,Good experience
4,Sheraton,67,Sheraton Hotel 67,Street 67,City_67,Country_67,934,1034,Single,84.00,true,1866,User_1866,user1866@gmail.com,1866,1866,Single,84.00,2025-03-19,2025-03-21,1866,1,Good experience
4,Sheraton,67,Sheraton Hotel 67,Street 67,City_67,Country_67,935,1035,Double,85.00,true,1867,User_1867,user1867@gmail.com,1867,1867,Double,85.00,2025-03-20,2025-03-22,1867,2,Good experience
4,Sheraton,67,Sheraton Hotel 67,Street 67,City_67,Country_67,936,1036,Single,86.00,true,1868,User_1868,user1868@gmail.com,1868,1868,Single,86.00,2025-03-21,2025-03-23,1868,1,Good experience
4,Sheraton,67,Sheraton Hotel 67,Street 67,City_67,Country_67,936,1036,Single,86.00,true,1869,User_1869,user1869@gmail.com,1869,1869,Single,86.00,2025-03-22,2025-03-24,1869,4,Great stay!
4,Sheraton,67,Sheraton Hotel 67,Street 67,City_67,Country_67,937,1037,Double,87.00,true,1870,User_1870,user1870@gmail.com,1870,1870,Double,87.00,2025-03-23,2025-03-25,1870,1,Good experience
4,Sheraton,67,Sheraton Hotel 67,Street 67,City_67,Country_67,937,1037,Double,87.00,true,1871,User_1871,user1871@gmail.com,1871,1871,Double,87.00,2025-03-24,2025-03-26,1871,3,Good experience
4,Sheraton,67,Sheraton Hotel 67,Street 67,City_67,Country_67,938,1038,Single,88.00,true,1872,User_1872,user1872@gmail.com,1872,1872,Single,88.00,2025-03-25,2025-03-27,1872,3,Good experience
4,Sheraton,67,Sheraton Hotel 67,Street 67,City_67,Country_67,938,1038,Single,88.00,true,1873,User_1873,user1873@gmail.com,1873,1873,Single,88.00,2025-03-26,2025-03-28,1873,1,Good experience
4,Sheraton,67,Sheraton Hotel 67,Street 67,City_67,Country_67,938,1038,Single,88.00,true,1874,User_1874,user1874@gmail.com,1874,1874,Single,88.00,2025-03-27,2025-03-29,1874,3,Good experience
4,Sheraton,67,Sheraton Hotel 67,Street 67,City_67,Country_67,939,1039,Double,89.00,true,1875,User_1875,user1875@gmail.com,1875,1875,Double,89.00,2025-03-28,2025-03-30,1875,1,Good experience
4,Sheraton,67,Sheraton Hotel 67,Street 67,City_67,Country_67,940,1040,Single,90.00,true,1876,User_1876,user1876@gmail.com,1876,1876,Single,90.00,2025-03-1,2025-03-3,1876,4,Great stay!
4,Sheraton,67,Sheraton Hotel 67,Street 67,City_67,Country_67,940,1040,Single,90.00,true,1877,User_1877,user1877@gmail.com,1877,1877,Single,90.00,2025-03-2,2025-03-4,1877,2,Good experience
4,Sheraton,67,Sheraton Hotel 67,Street 67,City_67,Country_67,940,1040,Single,90.00,true,1878,User_1878,user1878@gmail.com,1878,1878,Single,90.00,2025-03-3,2025-03-5,1878,5,Great stay!
4,Sheraton,67,Sheraton Hotel 67,Street 67,City_67,Country_67,941,1041,Double,91.00,true,1879,User_1879,user1879@gmail.com,1879,1879,Double,91.00,2025-03-4,2025-03-6,1879,5,Great stay!
4,Sheraton,67,Sheraton Hotel 67,Street 67,City_67,Country_67,942,1042,Single,92.00,true,1880,User_1880,user1880@gmail.com,1880,1880,Single,92.00,2025-03-5,2025-03-7,1880,5,Great stay!
4,Sheraton,67,Sheraton Hotel 67,Street 67,City_67,Country_67,943,1043,Double,93.00,true,1881,User_1881,user1881@gmail.com,1881,1881,Double,93.00,2025-03-6,2025-03-8,1881,5,Great stay!
4,Sheraton,68,Sheraton Hotel 68,Street 68,City_68,Country_68,944,1044,Single,94.00,true,1882,User_1882,user1882@gmail.com,1882,1882,Single,94.00,2025-03-7,2025-03-9,1882,4,Great stay!
4,Sheraton,68,Sheraton Hotel 68,Street 68,City_68,Country_68,945,1045,Double,95.00,false,1883,User_1883,user1883@gmail.com,1883,1883,Double,95.00,2025-03-8,2025-03-10,1883,2,Good experience
4,Sheraton,68,Sheraton Hotel 68,Street 68,City_68,Country_68,945,1045,Double,95.00,false,1884,User_1884,user1884@gmail.com,1884,1884,Double,95.00,2025-03-9,2025-03-11,1884,4,Great stay!
4,Sheraton,68,Sheraton Hotel 68,Street 68,City_68,Country_68,946,1046,Single,96.00,false,1885,User_1885,user1885@gmail.com,1885,1885,Single,96.00,2025-03-10,2025-03-12,1885,2,Good experience
4,Sheraton,68,Sheraton Hotel 68,Street 68,City_68,Country_68,946,1046,Single,96.00,false,1886,User_1886,user1886@gmail.com,1886,1886,Single,96.00,2025-03-11,2025-03-13,1886,1,Good experience
4,Sheraton,68,Sheraton Hotel 68,Street 68,City_68,Country_68,947,1047,Double,97.00,true,1887,User_1887,user1887@gmail.com,1887,1887,Double,97.00,2025-03-12,2025-03-14,1887,3,Good experience
4,Sheraton,68,Sheraton Hotel 68,Street 68,City_68,Country_68,948,1048,Single,98.00,true,1888,User_1888,user1888@gmail.com,1888,1888,Single,98.00,2025-03-13,2025-03-15,1888,3,Good experience
4,Sheraton,68,Sheraton Hotel 68,Street 68,City_68,Country_68,949,1049,Double,99.00,false,1889,User_1889,user1889@gmail.com,1889,1889,Double,99.00,2025-03-14,2025-03-16,1889,1,Good experience
4,Sheraton,68,Sheraton Hotel 68,Street 68,City_68,Country_68,949,1049,Double,99.00,false,1890,User_1890,user1890@gmail.com,1890,1890,Double,99.00,2025-03-15,2025-03-17,1890,3,Good experience
4,Sheraton,68,Sheraton Hotel 68,Street 68,City_68,Country_68,949,1049,Double,99.00,false,1891,User_1891,user1891@gmail.com,1891,1891,Double,99.00,2025-03-16,2025-03-18,1891,5,Great stay!
4,Sheraton,68,Sheraton Hotel 68,Street 68,City_68,Country_68,950,1050,Single,50.00,true,1892,User_1892,user1892@gmail.com,1892,1892,Single,50.00,2025-03-17,2025-03-19,1892,1,Good experience
4,Sheraton,68,Sheraton Hotel 68,Street 68,City_68,Country_68,950,1050,Single,50.00,true,1893,User_1893,user1893@gmail.com,1893,1893,Single,50.00,2025-03-18,2025-03-20,1893,2,Good experience
4,Sheraton,68,Sheraton Hotel 68,Street 68,City_68,Country_68,951,1051,Double,51.00,true,1894,User_1894,user1894@gmail.com,1894,1894,Double,51.00,2025-03-19,2025-03-21,1894,2,Good experience
4,Sheraton,68,Sheraton Hotel 68,Street 68,City_68,Country_68,951,1051,Double,51.00,true,1895,User_1895,user1895@gmail.com,1895,1895,Double,51.00,2025-03-20,2025-03-22,1895,1,Good experience
4,Sheraton,68,Sheraton Hotel 68,Street 68,City_68,Country_68,952,1052,Single,52.00,true,1896,User_1896,user1896@gmail.com,1896,1896,Single,52.00,2025-03-21,2025-03-23,1896,5,Great stay!
4,Sheraton,68,Sheraton Hotel 68,Street 68,City_68,Country_68,952,1052,Single,52.00,true,1897,User_1897,user1897@gmail.com,1897,1897,Single,52.00,2025-03-22,2025-03-24,1897,5,Great stay!
4,Sheraton,68,Sheraton Hotel 68,Street 68,City_68,Country_68,953,1053,Double,53.00,true,1898,User_1898,user1898@gmail.com,1898,1898,Double,53.00,2025-03-23,2025-03-25,1898,1,Good experience
4,Sheraton,68,Sheraton Hotel 68,Street 68,City_68,Country_68,953,1053,Double,53.00,true,1899,User_1899,user1899@gmail.com,1899,1899,Double,53.00,2025-03-24,2025-03-26,1899,5,Great stay!
4,Sheraton,68,Sheraton Hotel 68,Street 68,City_68,Country_68,953,1053,Double,53.00,true,1900,User_1900,user1900@gmail.com,1900,1900,Double,53.00,2025-03-25,2025-03-27,1900,4,Great stay!
4,Sheraton,68,Sheraton Hotel 68,Street 68,City_68,Country_68,954,1054,Single,54.00,true,1901,User_1901,user1901@gmail.com,1901,1901,Single,54.00,2025-03-26,2025-03-28,1901,1,Good experience
4,Sheraton,68,Sheraton Hotel 68,Street 68,City_68,Country_68,955,1055,Double,55.00,true,1902,User_1902,user1902@gmail.com,1902,1902,Double,55.00,2025-03-27,2025-03-29,1902,3,Good experience
4,Sheraton,68,Sheraton Hotel 68,Street 68,City_68,Country_68,955,1055,Double,55.00,true,1903,User_1903,user1903@gmail.com,1903,1903,Double,55.00,2025-03-28,2025-03-30,1903,3,Good experience
4,Sheraton,68,Sheraton Hotel 68,Street 68,City_68,Country_68,956,1056,Single,56.00,true,1904,User_1904,user1904@gmail.com,1904,1904,Single,56.00,2025-03-1,2025-03-3,1904,2,Good experience
4,Sheraton,68,Sheraton Hotel 68,Street 68,City_68,Country_68,957,1057,Double,57.00,true,1905,User_1905,user1905@gmail.com,1905,1905,Double,57.00,2025-03-2,2025-03-4,1905,1,Good experience
4,Sheraton,68,Sheraton Hotel 68,Street 68,City_68,Country_68,957,1057,Double,57.00,true,1906,User_1906,user1906@gmail.com,1906,1906,Double,57.00,2025-03-3,2025-03-5,1906,3,Good experience
4,Sheraton,68,Sheraton Hotel 68,Street 68,City_68,Country_68,957,1057,Double,57.00,true,1907,User_1907,user1907@gmail.com,1907,1907,Double,57.00,2025-03-4,2025-03-6,1907,3,Good experience
4,Sheraton,68,Sheraton Hotel 68,Street 68,City_68,Country_68,958,1058,Single,58.00,true,1908,User_1908,user1908@gmail.com,1908,1908,Single,58.00,2025-03-5,2025-03-7,1908,1,Good experience
4,Sheraton,68,Sheraton Hotel 68,Street 68,City_68,Country_68,958,1058,Single,58.00,true,1909,User_1909,user1909@gmail.com,1909,1909,Single,58.00,2025-03-6,2025-03-8,1909,5,Great stay!
4,Sheraton,68,Sheraton Hotel 68,Street 68,City_68,Country_68,958,1058,Single,58.00,true,1910,User_1910,user1910@gmail.com,1910,1910,Single,58.00,2025-03-7,2025-03-9,1910,1,Good experience
4,Sheraton,68,Sheraton Hotel 68,Street 68,City_68,Country_68,959,1059,Double,59.00,true,1911,User_1911,user1911@gmail.com,1911,1911,Double,59.00,2025-03-8,2025-03-10,1911,3,Good experience
4,Sheraton,69,Sheraton Hotel 69,Street 69,City_69,Country_69,960,1060,Single,60.00,true,1912,User_1912,user1912@gmail.com,1912,1912,Single,60.00,2025-03-9,2025-03-11,1912,2,Good experience
4,Sheraton,69,Sheraton Hotel 69,Street 69,City_69,Country_69,960,1060,Single,60.00,true,1913,User_1913,user1913@gmail.com,1913,1913,Single,60.00,2025-03-10,2025-03-12,1913,4,Great stay!
4,Sheraton,69,Sheraton Hotel 69,Street 69,City_69,Country_69,961,1061,Double,61.00,true,1914,User_1914,user1914@gmail.com,1914,1914,Double,61.00,2025-03-11,2025-03-13,1914,2,Good experience
4,Sheraton,69,Sheraton Hotel 69,Street 69,City_69,Country_69,961,1061,Double,61.00,true,1915,User_1915,user1915@gmail.com,1915,1915,Double,61.00,2025-03-12,2025-03-14,1915,1,Good experience
4,Sheraton,69,Sheraton Hotel 69,Street 69,City_69,Country_69,961,1061,Double,61.00,true,1916,User_1916,user1916@gmail.com,1916,1916,Double,61.00,2025-03-13,2025-03-15,1916,1,Good experience
4,Sheraton,69,Sheraton Hotel 69,Street 69,City_69,Country_69,962,1062,Single,62.00,true,1917,User_1917,user1917@gmail.com,1917,1917,Single,62.00,2025-03-14,2025-03-16,1917,5,Great stay!
4,Sheraton,69,Sheraton Hotel 69,Street 69,City_69,Country_69,962,1062,Single,62.00,true,1918,User_1918,user1918@gmail.com,1918,1918,Single,62.00,2025-03-15,2025-03-17,1918,1,Good experience
4,Sheraton,69,Sheraton Hotel 69,Street 69,City_69,Country_69,963,1063,Double,63.00,true,1919,User_1919,user1919@gmail.com,1919,1919,Double,63.00,2025-03-16,2025-03-18,1919,5,Great stay!
4,Sheraton,69,Sheraton Hotel 69,Street 69,City_69,Country_69,963,1063,Double,63.00,true,1920,User_1920,user1920@gmail.com,1920,1920,Double,63.00,2025-03-17,2025-03-19,1920,4,Great stay!
4,Sheraton,69,Sheraton Hotel 69,Street 69,City_69,Country_69,963,1063,Double,63.00,true,1921,User_1921,user1921@gmail.com,1921,1921,Double,63.00,2025-03-18,2025-03-20,1921,1,Good experience
4,Sheraton,69,Sheraton Hotel 69,Street 69,City_69,Country_69,964,1064,Single,64.00,false,1922,User_1922,user1922@gmail.com,1922,1922,Single,64.00,2025-03-19,2025-03-21,1922,5,Great stay!
4,Sheraton,69,Sheraton Hotel 69,Street 69,City_69,Country_69,964,1064,Single,64.00,false,1923,User_1923,user1923@gmail.com,1923,1923,Single,64.00,2025-03-20,2025-03-22,1923,2,Good experience
4,Sheraton,69,Sheraton Hotel 69,Street 69,City_69,Country_69,964,1064,Single,64.00,false,1924,User_1924,user1924@gmail.com,1924,1924,Single,64.00,2025-03-21,2025-03-23,1924,4,Great stay!
4,Sheraton,69,Sheraton Hotel 69,Street 69,City_69,Country_69,965,1065,Double,65.00,true,1925,User_1925,user1925@gmail.com,1925,1925,Double,65.00,2025-03-22,2025-03-24,1925,1,Good experience
4,Sheraton,69,Sheraton Hotel 69,Street 69,City_69,Country_69,965,1065,Double,65.00,true,1926,User_1926,user1926@gmail.com,1926,1926,Double,65.00,2025-03-23,2025-03-25,1926,3,Good experience
4,Sheraton,69,Sheraton Hotel 69,Street 69,City_69,Country_69,966,1066,Single,66.00,true,1927,User_1927,user1927@gmail.com,1927,1927,Single,66.00,2025-03-24,2025-03-26,1927,2,Good experience
4,Sheraton,69,Sheraton Hotel 69,Street 69,City_69,Country_69,967,1067,Double,67.00,true,1928,User_1928,user1928@gmail.com,1928,1928,Double,67.00,2025-03-25,2025-03-27,1928,1,Good experience
4,Sheraton,69,Sheraton Hotel 69,Street 69,City_69,Country_69,968,1068,Single,68.00,true,1929,User_1929,user1929@gmail.com,1929,1929,Single,68.00,2025-03-26,2025-03-28,1929,3,Good experience
4,Sheraton,69,Sheraton Hotel 69,Street 69,City_69,Country_69,968,1068,Single,68.00,true,1930,User_1930,user1930@gmail.com,1930,1930,Single,68.00,2025-03-27,2025-03-29,1930,3,Good experience
4,Sheraton,69,Sheraton Hotel 69,Street 69,City_69,Country_69,968,1068,Single,68.00,true,1931,User_1931,user1931@gmail.com,1931,1931,Single,68.00,2025-03-28,2025-03-30,1931,2,Good experience
4,Sheraton,69,Sheraton Hotel 69,Street 69,City_69,Country_69,969,1069,Double,69.00,true,1932,User_1932,user1932@gmail.com,1932,1932,Double,69.00,2025-03-1,2025-03-3,1932,5,Great stay!
4,Sheraton,69,Sheraton Hotel 69,Street 69,City_69,Country_69,970,1070,Single,70.00,true,1933,User_1933,user1933@gmail.com,1933,1933,Single,70.00,2025-03-2,2025-03-4,1933,4,Great stay!
4,Sheraton,69,Sheraton Hotel 69,Street 69,City_69,Country_69,970,1070,Single,70.00,true,1934,User_1934,user1934@gmail.com,1934,1934,Single,70.00,2025-03-3,2025-03-5,1934,5,Great stay!
4,Sheraton,69,Sheraton Hotel 69,Street 69,City_69,Country_69,970,1070,Single,70.00,true,1935,User_1935,user1935@gmail.com,1935,1935,Single,70.00,2025-03-4,2025-03-6,1935,5,Great stay!
4,Sheraton,69,Sheraton Hotel 69,Street 69,City_69,Country_69,971,1071,Double,71.00,true,1936,User_1936,user1936@gmail.com,1936,1936,Double,71.00,2025-03-5,2025-03-7,1936,5,Great stay!
4,Sheraton,69,Sheraton Hotel 69,Street 69,City_69,Country_69,971,1071,Double,71.00,true,1937,User_1937,user1937@gmail.com,1937,1937,Double,71.00,2025-03-6,2025-03-8,1937,4,Great stay!
4,Sheraton,69,Sheraton Hotel 69,Street 69,City_69,Country_69,971,1071,Double,71.00,true,1938,User_1938,user1938@gmail.com,1938,1938,Double,71.00,2025-03-7,2025-03-9,1938,5,Great stay!
4,Sheraton,70,Sheraton Hotel 70,Street 70,City_70,Country_70,972,1072,Single,72.00,true,1939,User_1939,user1939@gmail.com,1939,1939,Single,72.00,2025-03-8,2025-03-10,1939,3,Good experience
4,Sheraton,70,Sheraton Hotel 70,Street 70,City_70,Country_70,972,1072,Single,72.00,true,1940,User_1940,user1940@gmail.com,1940,1940,Single,72.00,2025-03-9,2025-03-11,1940,2,Good experience
4,Sheraton,70,Sheraton Hotel 70,Street 70,City_70,Country_70,973,1073,Double,73.00,true,1941,User_1941,user1941@gmail.com,1941,1941,Double,73.00,2025-03-10,2025-03-12,1941,4,Great stay!
4,Sheraton,70,Sheraton Hotel 70,Street 70,City_70,Country_70,973,1073,Double,73.00,true,1942,User_1942,user1942@gmail.com,1942,1942,Double,73.00,2025-03-11,2025-03-13,1942,2,Good experience
4,Sheraton,70,Sheraton Hotel 70,Street 70,City_70,Country_70,974,1074,Single,74.00,true,1943,User_1943,user1943@gmail.com,1943,1943,Single,74.00,2025-03-12,2025-03-14,1943,5,Great stay!
4,Sheraton,70,Sheraton Hotel 70,Street 70,City_70,Country_70,975,1075,Double,75.00,true,1944,User_1944,user1944@gmail.com,1944,1944,Double,75.00,2025-03-13,2025-03-15,1944,4,Great stay!
4,Sheraton,70,Sheraton Hotel 70,Street 70,City_70,Country_70,975,1075,Double,75.00,true,1945,User_1945,user1945@gmail.com,1945,1945,Double,75.00,2025-03-14,2025-03-16,1945,1,Good experience
4,Sheraton,70,Sheraton Hotel 70,Street 70,City_70,Country_70,975,1075,Double,75.00,true,1946,User_1946,user1946@gmail.com,1946,1946,Double,75.00,2025-03-15,2025-03-17,1946,3,Good experience
4,Sheraton,70,Sheraton Hotel 70,Street 70,City_70,Country_70,976,1076,Single,76.00,true,1947,User_1947,user1947@gmail.com,1947,1947,Single,76.00,2025-03-16,2025-03-18,1947,1,Good experience
4,Sheraton,70,Sheraton Hotel 70,Street 70,City_70,Country_70,976,1076,Single,76.00,true,1948,User_1948,user1948@gmail.com,1948,1948,Single,76.00,2025-03-17,2025-03-19,1948,1,Good experience
4,Sheraton,70,Sheraton Hotel 70,Street 70,City_70,Country_70,977,1077,Double,77.00,true,1949,User_1949,user1949@gmail.com,1949,1949,Double,77.00,2025-03-18,2025-03-20,1949,4,Great stay!
4,Sheraton,70,Sheraton Hotel 70,Street 70,City_70,Country_70,978,1078,Single,78.00,true,1950,User_1950,user1950@gmail.com,1950,1950,Single,78.00,2025-03-19,2025-03-21,1950,4,Great stay!
4,Sheraton,70,Sheraton Hotel 70,Street 70,City_70,Country_70,979,1079,Double,79.00,false,1951,User_1951,user1951@gmail.com,1951,1951,Double,79.00,2025-03-20,2025-03-22,1951,1,Good experience
4,Sheraton,70,Sheraton Hotel 70,Street 70,City_70,Country_70,980,1080,Single,80.00,false,1952,User_1952,user1952@gmail.com,1952,1952,Single,80.00,2025-03-21,2025-03-23,1952,1,Good experience
4,Sheraton,70,Sheraton Hotel 70,Street 70,City_70,Country_70,980,1080,Single,80.00,false,1953,User_1953,user1953@gmail.com,1953,1953,Single,80.00,2025-03-22,2025-03-24,1953,5,Great stay!
4,Sheraton,71,Sheraton Hotel 71,Street 71,City_71,Country_71,981,1081,Double,81.00,true,1954,User_1954,user1954@gmail.com,1954,1954,Double,81.00,2025-03-23,2025-03-25,1954,4,Great stay!
4,Sheraton,71,Sheraton Hotel 71,Street 71,City_71,Country_71,982,1082,Single,82.00,false,1955,User_1955,user1955@gmail.com,1955,1955,Single,82.00,2025-03-24,2025-03-26,1955,5,Great stay!
4,Sheraton,71,Sheraton Hotel 71,Street 71,City_71,Country_71,982,1082,Single,82.00,false,1956,User_1956,user1956@gmail.com,1956,1956,Single,82.00,2025-03-25,2025-03-27,1956,1,Good experience
4,Sheraton,71,Sheraton Hotel 71,Street 71,City_71,Country_71,983,1083,Double,83.00,true,1957,User_1957,user1957@gmail.com,1957,1957,Double,83.00,2025-03-26,2025-03-28,1957,4,Great stay!
4,Sheraton,71,Sheraton Hotel 71,Street 71,City_71,Country_71,983,1083,Double,83.00,true,1958,User_1958,user1958@gmail.com,1958,1958,Double,83.00,2025-03-27,2025-03-29,1958,1,Good experience
4,Sheraton,71,Sheraton Hotel 71,Street 71,City_71,Country_71,983,1083,Double,83.00,true,1959,User_1959,user1959@gmail.com,1959,1959,Double,83.00,2025-03-28,2025-03-30,1959,3,Good experience
4,Sheraton,71,Sheraton Hotel 71,Street 71,City_71,Country_71,984,1084,Single,84.00,true,1960,User_1960,user1960@gmail.com,1960,1960,Single,84.00,2025-03-1,2025-03-3,1960,5,Great stay!
4,Sheraton,71,Sheraton Hotel 71,Street 71,City_71,Country_71,984,1084,Single,84.00,true,1961,User_1961,user1961@gmail.com,1961,1961,Single,84.00,2025-03-2,2025-03-4,1961,5,Great stay!
4,Sheraton,71,Sheraton Hotel 71,Street 71,City_71,Country_71,984,1084,Single,84.00,true,1962,User_1962,user1962@gmail.com,1962,1962,Single,84.00,2025-03-3,2025-03-5,1962,3,Good experience
4,Sheraton,71,Sheraton Hotel 71,Street 71,City_71,Country_71,985,1085,Double,85.00,true,1963,User_1963,user1963@gmail.com,1963,1963,Double,85.00,2025-03-4,2025-03-6,1963,4,Great stay!
4,Sheraton,71,Sheraton Hotel 71,Street 71,City_71,Country_71,985,1085,Double,85.00,true,1964,User_1964,user1964@gmail.com,1964,1964,Double,85.00,2025-03-5,2025-03-7,1964,1,Good experience
4,Sheraton,71,Sheraton Hotel 71,Street 71,City_71,Country_71,986,1086,Single,86.00,true,1965,User_1965,user1965@gmail.com,1965,1965,Single,86.00,2025-03-6,2025-03-8,1965,5,Great stay!
4,Sheraton,71,Sheraton Hotel 71,Street 71,City_71,Country_71,987,1087,Double,87.00,true,1966,User_1966,user1966@gmail.com,1966,1966,Double,87.00,2025-03-7,2025-03-9,1966,2,Good experience
4,Sheraton,71,Sheraton Hotel 71,Street 71,City_71,Country_71,987,1087,Double,87.00,true,1967,User_1967,user1967@gmail.com,1967,1967,Double,87.00,2025-03-8,2025-03-10,1967,4,Great stay!
4,Sheraton,71,Sheraton Hotel 71,Street 71,City_71,Country_71,987,1087,Double,87.00,true,1968,User_1968,user1968@gmail.com,1968,1968,Double,87.00,2025-03-9,2025-03-11,1968,1,Good experience
4,Sheraton,71,Sheraton Hotel 71,Street 71,City_71,Country_71,988,1088,Single,88.00,false,1969,User_1969,user1969@gmail.com,1969,1969,Single,88.00,2025-03-10,2025-03-12,1969,5,Great stay!
4,Sheraton,71,Sheraton Hotel 71,Street 71,City_71,Country_71,988,1088,Single,88.00,false,1970,User_1970,user1970@gmail.com,1970,1970,Single,88.00,2025-03-11,2025-03-13,1970,4,Great stay!
4,Sheraton,71,Sheraton Hotel 71,Street 71,City_71,Country_71,989,1089,Double,89.00,true,1971,User_1971,user1971@gmail.com,1971,1971,Double,89.00,2025-03-12,2025-03-14,1971,3,Good experience
4,Sheraton,71,Sheraton Hotel 71,Street 71,City_71,Country_71,989,1089,Double,89.00,true,1972,User_1972,user1972@gmail.com,1972,1972,Double,89.00,2025-03-13,2025-03-15,1972,2,Good experience
4,Sheraton,71,Sheraton Hotel 71,Street 71,City_71,Country_71,990,1090,Single,90.00,true,1973,User_1973,user1973@gmail.com,1973,1973,Single,90.00,2025-03-14,2025-03-16,1973,2,Good experience
4,Sheraton,71,Sheraton Hotel 71,Street 71,City_71,Country_71,991,1091,Double,91.00,true,1974,User_1974,user1974@gmail.com,1974,1974,Double,91.00,2025-03-15,2025-03-17,1974,1,Good experience
4,Sheraton,71,Sheraton Hotel 71,Street 71,City_71,Country_71,991,1091,Double,91.00,true,1975,User_1975,user1975@gmail.com,1975,1975,Double,91.00,2025-03-16,2025-03-18,1975,4,Great stay!
4,Sheraton,71,Sheraton Hotel 71,Street 71,City_71,Country_71,991,1091,Double,91.00,true,1976,User_1976,user1976@gmail.com,1976,1976,Double,91.00,2025-03-17,2025-03-19,1976,5,Great stay!
4,Sheraton,71,Sheraton Hotel 71,Street 71,City_71,Country_71,992,1092,Single,92.00,true,1977,User_1977,user1977@gmail.com,1977,1977,Single,92.00,2025-03-18,2025-03-20,1977,4,Great stay!
4,Sheraton,71,Sheraton Hotel 71,Street 71,City_71,Country_71,993,1093,Double,93.00,false,1978,User_1978,user1978@gmail.com,1978,1978,Double,93.00,2025-03-19,2025-03-21,1978,4,Great stay!
4,Sheraton,71,Sheraton Hotel 71,Street 71,City_71,Country_71,993,1093,Double,93.00,false,1979,User_1979,user1979@gmail.com,1979,1979,Double,93.00,2025-03-20,2025-03-22,1979,1,Good experience
4,Sheraton,71,Sheraton Hotel 71,Street 71,City_71,Country_71,994,1094,Single,94.00,true,1980,User_1980,user1980@gmail.com,1980,1980,Single,94.00,2025-03-21,2025-03-23,1980,1,Good experience
4,Sheraton,71,Sheraton Hotel 71,Street 71,City_71,Country_71,994,1094,Single,94.00,true,1981,User_1981,user1981@gmail.com,1981,1981,Single,94.00,2025-03-22,2025-03-24,1981,3,Good experience
4,Sheraton,71,Sheraton Hotel 71,Street 71,City_71,Country_71,994,1094,Single,94.00,true,1982,User_1982,user1982@gmail.com,1982,1982,Single,94.00,2025-03-23,2025-03-25,1982,3,Good experience
4,Sheraton,72,Sheraton Hotel 72,Street 72,City_72,Country_72,995,1095,Double,95.00,true,1983,User_1983,user1983@gmail.com,1983,1983,Double,95.00,2025-03-24,2025-03-26,1983,2,Good experience
4,Sheraton,72,Sheraton Hotel 72,Street 72,City_72,Country_72,995,1095,Double,95.00,true,1984,User_1984,user1984@gmail.com,1984,1984,Double,95.00,2025-03-25,2025-03-27,1984,5,Great stay!
4,Sheraton,72,Sheraton Hotel 72,Street 72,City_72,Country_72,995,1095,Double,95.00,true,1985,User_1985,user1985@gmail.com,1985,1985,Double,95.00,2025-03-26,2025-03-28,1985,5,Great stay!
4,Sheraton,72,Sheraton Hotel 72,Street 72,City_72,Country_72,996,1096,Single,96.00,true,1986,User_1986,user1986@gmail.com,1986,1986,Single,96.00,2025-03-27,2025-03-29,1986,5,Great stay!
4,Sheraton,72,Sheraton Hotel 72,Street 72,City_72,Country_72,997,1097,Double,97.00,true,1987,User_1987,user1987@gmail.com,1987,1987,Double,97.00,2025-03-28,2025-03-30,1987,1,Good experience
4,Sheraton,72,Sheraton Hotel 72,Street 72,City_72,Country_72,997,1097,Double,97.00,true,1988,User_1988,user1988@gmail.com,1988,1988,Double,97.00,2025-03-1,2025-03-3,1988,5,Great stay!
4,Sheraton,72,Sheraton Hotel 72,Street 72,City_72,Country_72,997,1097,Double,97.00,true,1989,User_1989,user1989@gmail.com,1989,1989,Double,97.00,2025-03-2,2025-03-4,1989,3,Good experience
4,Sheraton,72,Sheraton Hotel 72,Street 72,City_72,Country_72,998,1098,Single,98.00,true,1990,User_1990,user1990@gmail.com,1990,1990,Single,98.00,2025-03-3,2025-03-5,1990,4,Great stay!
4,Sheraton,72,Sheraton Hotel 72,Street 72,City_72,Country_72,998,1098,Single,98.00,true,1991,User_1991,user1991@gmail.com,1991,1991,Single,98.00,2025-03-4,2025-03-6,1991,4,Great stay!
4,Sheraton,72,Sheraton Hotel 72,Street 72,City_72,Country_72,998,1098,Single,98.00,true,1992,User_1992,user1992@gmail.com,1992,1992,Single,98.00,2025-03-5,2025-03-7,1992,4,Great stay!
4,Sheraton,72,Sheraton Hotel 72,Street 72,City_72,Country_72,999,1099,Double,99.00,true,1993,User_1993,user1993@gmail.com,1993,1993,Double,99.00,2025-03-6,2025-03-8,1993,3,Good experience
4,Sheraton,72,Sheraton Hotel 72,Street 72,City_72,Country_72,999,1099,Double,99.00,true,1994,User_1994,user1994@gmail.com,1994,1994,Double,99.00,2025-03-7,2025-03-9,1994,5,Great stay!
4,Sheraton,72,Sheraton Hotel 72,Street 72,City_72,Country_72,999,1099,Double,99.00,true,1995,User_1995,user1995@gmail.com,1995,1995,Double,99.00,2025-03-8,2025-03-10,1995,4,Great stay!
4,Sheraton,72,Sheraton Hotel 72,Street 72,City_72,Country_72,1000,1100,Single,50.00,false,1996,User_1996,user1996@gmail.com,1996,1996,Single,50.00,2025-03-9,2025-03-11,1996,5,Great stay!
4,Sheraton,72,Sheraton Hotel 72,Street 72,City_72,Country_72,1000,1100,Single,50.00,false,1997,User_1997,user1997@gmail.com,1997,1997,Single,50.00,2025-03-10,2025-03-12,1997,1,Good experience
4,Sheraton,72,Sheraton Hotel 72,Street 72,City_72,Country_72,1001,1101,Double,51.00,true,1998,User_1998,user1998@gmail.com,1998,1998,Double,51.00,2025-03-11,2025-03-13,1998,2,Good experience
4,Sheraton,72,Sheraton Hotel 72,Street 72,City_72,Country_72,1001,1101,Double,51.00,true,1999,User_1999,user1999@gmail.com,1999,1999,Double,51.00,2025-03-12,2025-03-14,1999,3,Good experience
4,Sheraton,72,Sheraton Hotel 72,Street 72,City_72,Country_72,1001,1101,Double,51.00,true,2000,User_2000,user2000@gmail.com,2000,2000,Double,51.00,2025-03-13,2025-03-15,2000,5,Great stay!
4,Sheraton,72,Sheraton Hotel 72,Street 72,City_72,Country_72,1002,1102,Single,52.00,true,2001,User_2001,user2001@gmail.com,2001,2001,Single,52.00,2025-03-14,2025-03-16,2001,3,Good experience
4,Sheraton,72,Sheraton Hotel 72,Street 72,City_72,Country_72,1002,1102,Single,52.00,true,2002,User_2002,user2002@gmail.com,2002,2002,Single,52.00,2025-03-15,2025-03-17,2002,5,Great stay!
4,Sheraton,72,Sheraton Hotel 72,Street 72,City_72,Country_72,1002,1102,Single,52.00,true,2003,User_2003,user2003@gmail.com,2003,2003,Single,52.00,2025-03-16,2025-03-18,2003,1,Good experience
4,Sheraton,72,Sheraton Hotel 72,Street 72,City_72,Country_72,1003,1103,Double,53.00,true,2004,User_2004,user2004@gmail.com,2004,2004,Double,53.00,2025-03-17,2025-03-19,2004,2,Good experience
4,Sheraton,72,Sheraton Hotel 72,Street 72,City_72,Country_72,1004,1104,Single,54.00,true,2005,User_2005,user2005@gmail.com,2005,2005,Single,54.00,2025-03-18,2025-03-20,2005,4,Great stay!
4,Sheraton,72,Sheraton Hotel 72,Street 72,City_72,Country_72,1005,1105,Double,55.00,true,2006,User_2006,user2006@gmail.com,2006,2006,Double,55.00,2025-03-19,2025-03-21,2006,5,Great stay!
4,Sheraton,72,Sheraton Hotel 72,Street 72,City_72,Country_72,1005,1105,Double,55.00,true,2007,User_2007,user2007@gmail.com,2007,2007,Double,55.00,2025-03-20,2025-03-22,2007,4,Great stay!
4,Sheraton,72,Sheraton Hotel 72,Street 72,City_72,Country_72,1005,1105,Double,55.00,true,2008,User_2008,user2008@gmail.com,2008,2008,Double,55.00,2025-03-21,2025-03-23,2008,4,Great stay!
4,Sheraton,72,Sheraton Hotel 72,Street 72,City_72,Country_72,1006,1106,Single,56.00,true,2009,User_2009,user2009@gmail.com,2009,2009,Single,56.00,2025-03-22,2025-03-24,2009,4,Great stay!
4,Sheraton,72,Sheraton Hotel 72,Street 72,City_72,Country_72,1006,1106,Single,56.00,true,2010,User_2010,user2010@gmail.com,2010,2010,Single,56.00,2025-03-23,2025-03-25,2010,1,Good experience
4,Sheraton,72,Sheraton Hotel 72,Street 72,City_72,Country_72,1007,1107,Double,57.00,true,2011,User_2011,user2011@gmail.com,2011,2011,Double,57.00,2025-03-24,2025-03-26,2011,3,Good experience
4,Sheraton,72,Sheraton Hotel 72,Street 72,City_72,Country_72,1007,1107,Double,57.00,true,2012,User_2012,user2012@gmail.com,2012,2012,Double,57.00,2025-03-25,2025-03-27,2012,1,Good experience
4,Sheraton,72,Sheraton Hotel 72,Street 72,City_72,Country_72,1007,1107,Double,57.00,true,2013,User_2013,user2013@gmail.com,2013,2013,Double,57.00,2025-03-26,2025-03-28,2013,4,Great stay!
4,Sheraton,73,Sheraton Hotel 73,Street 73,City_73,Country_73,1008,1108,Single,58.00,true,2014,User_2014,user2014@gmail.com,2014,2014,Single,58.00,2025-03-27,2025-03-29,2014,3,Good experience
4,Sheraton,73,Sheraton Hotel 73,Street 73,City_73,Country_73,1009,1109,Double,59.00,true,2015,User_2015,user2015@gmail.com,2015,2015,Double,59.00,2025-03-28,2025-03-30,2015,3,Good experience
4,Sheraton,73,Sheraton Hotel 73,Street 73,City_73,Country_73,1009,1109,Double,59.00,true,2016,User_2016,user2016@gmail.com,2016,2016,Double,59.00,2025-03-1,2025-03-3,2016,3,Good experience
4,Sheraton,73,Sheraton Hotel 73,Street 73,City_73,Country_73,1009,1109,Double,59.00,true,2017,User_2017,user2017@gmail.com,2017,2017,Double,59.00,2025-03-2,2025-03-4,2017,4,Great stay!
4,Sheraton,73,Sheraton Hotel 73,Street 73,City_73,Country_73,1010,1110,Single,60.00,true,2018,User_2018,user2018@gmail.com,2018,2018,Single,60.00,2025-03-3,2025-03-5,2018,2,Good experience
4,Sheraton,73,Sheraton Hotel 73,Street 73,City_73,Country_73,1011,1111,Double,61.00,true,2019,User_2019,user2019@gmail.com,2019,2019,Double,61.00,2025-03-4,2025-03-6,2019,3,Good experience
4,Sheraton,73,Sheraton Hotel 73,Street 73,City_73,Country_73,1012,1112,Single,62.00,true,2020,User_2020,user2020@gmail.com,2020,2020,Single,62.00,2025-03-5,2025-03-7,2020,2,Good experience
4,Sheraton,73,Sheraton Hotel 73,Street 73,City_73,Country_73,1012,1112,Single,62.00,true,2021,User_2021,user2021@gmail.com,2021,2021,Single,62.00,2025-03-6,2025-03-8,2021,3,Good experience
4,Sheraton,73,Sheraton Hotel 73,Street 73,City_73,Country_73,1012,1112,Single,62.00,true,2022,User_2022,user2022@gmail.com,2022,2022,Single,62.00,2025-03-7,2025-03-9,2022,5,Great stay!
4,Sheraton,73,Sheraton Hotel 73,Street 73,City_73,Country_73,1013,1113,Double,63.00,true,2023,User_2023,user2023@gmail.com,2023,2023,Double,63.00,2025-03-8,2025-03-10,2023,1,Good experience
4,Sheraton,73,Sheraton Hotel 73,Street 73,City_73,Country_73,1013,1113,Double,63.00,true,2024,User_2024,user2024@gmail.com,2024,2024,Double,63.00,2025-03-9,2025-03-11,2024,5,Great stay!
4,Sheraton,73,Sheraton Hotel 73,Street 73,City_73,Country_73,1014,1114,Single,64.00,false,2025,User_2025,user2025@gmail.com,2025,2025,Single,64.00,2025-03-10,2025-03-12,2025,5,Great stay!
4,Sheraton,73,Sheraton Hotel 73,Street 73,City_73,Country_73,1014,1114,Single,64.00,false,2026,User_2026,user2026@gmail.com,2026,2026,Single,64.00,2025-03-11,2025-03-13,2026,2,Good experience
4,Sheraton,73,Sheraton Hotel 73,Street 73,City_73,Country_73,1015,1115,Double,65.00,false,2027,User_2027,user2027@gmail.com,2027,2027,Double,65.00,2025-03-12,2025-03-14,2027,1,Good experience
4,Sheraton,73,Sheraton Hotel 73,Street 73,City_73,Country_73,1015,1115,Double,65.00,false,2028,User_2028,user2028@gmail.com,2028,2028,Double,65.00,2025-03-13,2025-03-15,2028,3,Good experience
4,Sheraton,73,Sheraton Hotel 73,Street 73,City_73,Country_73,1015,1115,Double,65.00,false,2029,User_2029,user2029@gmail.com,2029,2029,Double,65.00,2025-03-14,2025-03-16,2029,3,Good experience
4,Sheraton,73,Sheraton Hotel 73,Street 73,City_73,Country_73,1016,1116,Single,66.00,false,2030,User_2030,user2030@gmail.com,2030,2030,Single,66.00,2025-03-15,2025-03-17,2030,2,Good experience
4,Sheraton,73,Sheraton Hotel 73,Street 73,City_73,Country_73,1016,1116,Single,66.00,false,2031,User_2031,user2031@gmail.com,2031,2031,Single,66.00,2025-03-16,2025-03-18,2031,2,Good experience
4,Sheraton,73,Sheraton Hotel 73,Street 73,City_73,Country_73,1016,1116,Single,66.00,false,2032,User_2032,user2032@gmail.com,2032,2032,Single,66.00,2025-03-17,2025-03-19,2032,1,Good experience
4,Sheraton,73,Sheraton Hotel 73,Street 73,City_73,Country_73,1017,1117,Double,67.00,true,2033,User_2033,user2033@gmail.com,2033,2033,Double,67.00,2025-03-18,2025-03-20,2033,4,Great stay!
4,Sheraton,73,Sheraton Hotel 73,Street 73,City_73,Country_73,1017,1117,Double,67.00,true,2034,User_2034,user2034@gmail.com,2034,2034,Double,67.00,2025-03-19,2025-03-21,2034,4,Great stay!
4,Sheraton,73,Sheraton Hotel 73,Street 73,City_73,Country_73,1018,1118,Single,68.00,true,2035,User_2035,user2035@gmail.com,2035,2035,Single,68.00,2025-03-20,2025-03-22,2035,1,Good experience
4,Sheraton,73,Sheraton Hotel 73,Street 73,City_73,Country_73,1019,1119,Double,69.00,true,2036,User_2036,user2036@gmail.com,2036,2036,Double,69.00,2025-03-21,2025-03-23,2036,2,Good experience
4,Sheraton,73,Sheraton Hotel 73,Street 73,City_73,Country_73,1019,1119,Double,69.00,true,2037,User_2037,user2037@gmail.com,2037,2037,Double,69.00,2025-03-22,2025-03-24,2037,3,Good experience
4,Sheraton,73,Sheraton Hotel 73,Street 73,City_73,Country_73,1020,1120,Single,70.00,true,2038,User_2038,user2038@gmail.com,2038,2038,Single,70.00,2025-03-23,2025-03-25,2038,2,Good experience
4,Sheraton,73,Sheraton Hotel 73,Street 73,City_73,Country_73,1020,1120,Single,70.00,true,2039,User_2039,user2039@gmail.com,2039,2039,Single,70.00,2025-03-24,2025-03-26,2039,2,Good experience
4,Sheraton,73,Sheraton Hotel 73,Street 73,City_73,Country_73,1021,1121,Double,71.00,true,2040,User_2040,user2040@gmail.com,2040,2040,Double,71.00,2025-03-25,2025-03-27,2040,3,Good experience
4,Sheraton,73,Sheraton Hotel 73,Street 73,City_73,Country_73,1021,1121,Double,71.00,true,2041,User_2041,user2041@gmail.com,2041,2041,Double,71.00,2025-03-26,2025-03-28,2041,3,Good experience
4,Sheraton,73,Sheraton Hotel 73,Street 73,City_73,Country_73,1022,1122,Single,72.00,true,2042,User_2042,user2042@gmail.com,2042,2042,Single,72.00,2025-03-27,2025-03-29,2042,2,Good experience
4,Sheraton,73,Sheraton Hotel 73,Street 73,City_73,Country_73,1023,1123,Double,73.00,true,2043,User_2043,user2043@gmail.com,2043,2043,Double,73.00,2025-03-28,2025-03-30,2043,5,Great stay!
4,Sheraton,73,Sheraton Hotel 73,Street 73,City_73,Country_73,1023,1123,Double,73.00,true,2044,User_2044,user2044@gmail.com,2044,2044,Double,73.00,2025-03-1,2025-03-3,2044,2,Good experience
4,Sheraton,73,Sheraton Hotel 73,Street 73,City_73,Country_73,1023,1123,Double,73.00,true,2045,User_2045,user2045@gmail.com,2045,2045,Double,73.00,2025-03-2,2025-03-4,2045,4,Great stay!
4,Sheraton,73,Sheraton Hotel 73,Street 73,City_73,Country_73,1024,1124,Single,74.00,true,2046,User_2046,user2046@gmail.com,2046,2046,Single,74.00,2025-03-3,2025-03-5,2046,5,Great stay!
4,Sheraton,73,Sheraton Hotel 73,Street 73,City_73,Country_73,1024,1124,Single,74.00,true,2047,User_2047,user2047@gmail.com,2047,2047,Single,74.00,2025-03-4,2025-03-6,2047,2,Good experience
4,Sheraton,73,Sheraton Hotel 73,Street 73,City_73,Country_73,1024,1124,Single,74.00,true,2048,User_2048,user2048@gmail.com,2048,2048,Single,74.00,2025-03-5,2025-03-7,2048,4,Great stay!
4,Sheraton,73,Sheraton Hotel 73,Street 73,City_73,Country_73,1025,1125,Double,75.00,true,2049,User_2049,user2049@gmail.com,2049,2049,Double,75.00,2025-03-6,2025-03-8,2049,2,Good experience
4,Sheraton,74,Sheraton Hotel 74,Street 74,City_74,Country_74,1026,1126,Single,76.00,true,2050,User_2050,user2050@gmail.com,2050,2050,Single,76.00,2025-03-7,2025-03-9,2050,3,Good experience
4,Sheraton,74,Sheraton Hotel 74,Street 74,City_74,Country_74,1026,1126,Single,76.00,true,2051,User_2051,user2051@gmail.com,2051,2051,Single,76.00,2025-03-8,2025-03-10,2051,4,Great stay!
4,Sheraton,74,Sheraton Hotel 74,Street 74,City_74,Country_74,1027,1127,Double,77.00,false,2052,User_2052,user2052@gmail.com,2052,2052,Double,77.00,2025-03-9,2025-03-11,2052,2,Good experience
4,Sheraton,74,Sheraton Hotel 74,Street 74,City_74,Country_74,1027,1127,Double,77.00,false,2053,User_2053,user2053@gmail.com,2053,2053,Double,77.00,2025-03-10,2025-03-12,2053,4,Great stay!
4,Sheraton,74,Sheraton Hotel 74,Street 74,City_74,Country_74,1028,1128,Single,78.00,true,2054,User_2054,user2054@gmail.com,2054,2054,Single,78.00,2025-03-11,2025-03-13,2054,3,Good experience
4,Sheraton,74,Sheraton Hotel 74,Street 74,City_74,Country_74,1028,1128,Single,78.00,true,2055,User_2055,user2055@gmail.com,2055,2055,Single,78.00,2025-03-12,2025-03-14,2055,4,Great stay!
4,Sheraton,74,Sheraton Hotel 74,Street 74,City_74,Country_74,1028,1128,Single,78.00,true,2056,User_2056,user2056@gmail.com,2056,2056,Single,78.00,2025-03-13,2025-03-15,2056,3,Good experience
4,Sheraton,74,Sheraton Hotel 74,Street 74,City_74,Country_74,1029,1129,Double,79.00,true,2057,User_2057,user2057@gmail.com,2057,2057,Double,79.00,2025-03-14,2025-03-16,2057,1,Good experience
4,Sheraton,74,Sheraton Hotel 74,Street 74,City_74,Country_74,1029,1129,Double,79.00,true,2058,User_2058,user2058@gmail.com,2058,2058,Double,79.00,2025-03-15,2025-03-17,2058,1,Good experience
4,Sheraton,74,Sheraton Hotel 74,Street 74,City_74,Country_74,1029,1129,Double,79.00,true,2059,User_2059,user2059@gmail.com,2059,2059,Double,79.00,2025-03-16,2025-03-18,2059,3,Good experience
4,Sheraton,74,Sheraton Hotel 74,Street 74,City_74,Country_74,1030,1130,Single,80.00,true,2060,User_2060,user2060@gmail.com,2060,2060,Single,80.00,2025-03-17,2025-03-19,2060,2,Good experience
4,Sheraton,74,Sheraton Hotel 74,Street 74,City_74,Country_74,1030,1130,Single,80.00,true,2061,User_2061,user2061@gmail.com,2061,2061,Single,80.00,2025-03-18,2025-03-20,2061,2,Good experience
4,Sheraton,74,Sheraton Hotel 74,Street 74,City_74,Country_74,1031,1131,Double,81.00,true,2062,User_2062,user2062@gmail.com,2062,2062,Double,81.00,2025-03-19,2025-03-21,2062,5,Great stay!
4,Sheraton,74,Sheraton Hotel 74,Street 74,City_74,Country_74,1032,1132,Single,82.00,true,2063,User_2063,user2063@gmail.com,2063,2063,Single,82.00,2025-03-20,2025-03-22,2063,1,Good experience
4,Sheraton,74,Sheraton Hotel 74,Street 74,City_74,Country_74,1032,1132,Single,82.00,true,2064,User_2064,user2064@gmail.com,2064,2064,Single,82.00,2025-03-21,2025-03-23,2064,2,Good experience
4,Sheraton,74,Sheraton Hotel 74,Street 74,City_74,Country_74,1033,1133,Double,83.00,true,2065,User_2065,user2065@gmail.com,2065,2065,Double,83.00,2025-03-22,2025-03-24,2065,3,Good experience
4,Sheraton,74,Sheraton Hotel 74,Street 74,City_74,Country_74,1033,1133,Double,83.00,true,2066,User_2066,user2066@gmail.com,2066,2066,Double,83.00,2025-03-23,2025-03-25,2066,2,Good experience
4,Sheraton,74,Sheraton Hotel 74,Street 74,City_74,Country_74,1033,1133,Double,83.00,true,2067,User_2067,user2067@gmail.com,2067,2067,Double,83.00,2025-03-24,2025-03-26,2067,1,Good experience
4,Sheraton,74,Sheraton Hotel 74,Street 74,City_74,Country_74,1034,1134,Single,84.00,true,2068,User_2068,user2068@gmail.com,2068,2068,Single,84.00,2025-03-25,2025-03-27,2068,2,Good experience
4,Sheraton,74,Sheraton Hotel 74,Street 74,City_74,Country_74,1034,1134,Single,84.00,true,2069,User_2069,user2069@gmail.com,2069,2069,Single,84.00,2025-03-26,2025-03-28,2069,1,Good experience
4,Sheraton,74,Sheraton Hotel 74,Street 74,City_74,Country_74,1035,1135,Double,85.00,true,2070,User_2070,user2070@gmail.com,2070,2070,Double,85.00,2025-03-27,2025-03-29,2070,4,Great stay!
4,Sheraton,74,Sheraton Hotel 74,Street 74,City_74,Country_74,1035,1135,Double,85.00,true,2071,User_2071,user2071@gmail.com,2071,2071,Double,85.00,2025-03-28,2025-03-30,2071,3,Good experience
4,Sheraton,74,Sheraton Hotel 74,Street 74,City_74,Country_74,1036,1136,Single,86.00,true,2072,User_2072,user2072@gmail.com,2072,2072,Single,86.00,2025-03-1,2025-03-3,2072,3,Good experience
4,Sheraton,74,Sheraton Hotel 74,Street 74,City_74,Country_74,1037,1137,Double,87.00,true,2073,User_2073,user2073@gmail.com,2073,2073,Double,87.00,2025-03-2,2025-03-4,2073,3,Good experience
4,Sheraton,74,Sheraton Hotel 74,Street 74,City_74,Country_74,1037,1137,Double,87.00,true,2074,User_2074,user2074@gmail.com,2074,2074,Double,87.00,2025-03-3,2025-03-5,2074,4,Great stay!
4,Sheraton,74,Sheraton Hotel 74,Street 74,City_74,Country_74,1037,1137,Double,87.00,true,2075,User_2075,user2075@gmail.com,2075,2075,Double,87.00,2025-03-4,2025-03-6,2075,3,Good experience
4,Sheraton,74,Sheraton Hotel 74,Street 74,City_74,Country_74,1038,1138,Single,88.00,true,2076,User_2076,user2076@gmail.com,2076,2076,Single,88.00,2025-03-5,2025-03-7,2076,4,Great stay!
4,Sheraton,74,Sheraton Hotel 74,Street 74,City_74,Country_74,1038,1138,Single,88.00,true,2077,User_2077,user2077@gmail.com,2077,2077,Single,88.00,2025-03-6,2025-03-8,2077,3,Good experience
4,Sheraton,74,Sheraton Hotel 74,Street 74,City_74,Country_74,1039,1139,Double,89.00,true,2078,User_2078,user2078@gmail.com,2078,2078,Double,89.00,2025-03-7,2025-03-9,2078,2,Good experience
4,Sheraton,74,Sheraton Hotel 74,Street 74,City_74,Country_74,1039,1139,Double,89.00,true,2079,User_2079,user2079@gmail.com,2079,2079,Double,89.00,2025-03-8,2025-03-10,2079,2,Good experience
4,Sheraton,74,Sheraton Hotel 74,Street 74,City_74,Country_74,1039,1139,Double,89.00,true,2080,User_2080,user2080@gmail.com,2080,2080,Double,89.00,2025-03-9,2025-03-11,2080,5,Great stay!
4,Sheraton,74,Sheraton Hotel 74,Street 74,City_74,Country_74,1040,1140,Single,90.00,true,2081,User_2081,user2081@gmail.com,2081,2081,Single,90.00,2025-03-10,2025-03-12,2081,2,Good experience
4,Sheraton,74,Sheraton Hotel 74,Street 74,City_74,Country_74,1040,1140,Single,90.00,true,2082,User_2082,user2082@gmail.com,2082,2082,Single,90.00,2025-03-11,2025-03-13,2082,2,Good experience
4,Sheraton,74,Sheraton Hotel 74,Street 74,City_74,Country_74,1040,1140,Single,90.00,true,2083,User_2083,user2083@gmail.com,2083,2083,Single,90.00,2025-03-12,2025-03-14,2083,5,Great stay!
4,Sheraton,75,Sheraton Hotel 75,Street 75,City_75,Country_75,1041,1141,Double,91.00,true,2084,User_2084,user2084@gmail.com,2084,2084,Double,91.00,2025-03-13,2025-03-15,2084,4,Great stay!
4,Sheraton,75,Sheraton Hotel 75,Street 75,City_75,Country_75,1041,1141,Double,91.00,true,2085,User_2085,user2085@gmail.com,2085,2085,Double,91.00,2025-03-14,2025-03-16,2085,4,Great stay!
4,Sheraton,75,Sheraton Hotel 75,Street 75,City_75,Country_75,1042,1142,Single,92.00,true,2086,User_2086,user2086@gmail.com,2086,2086,Single,92.00,2025-03-15,2025-03-17,2086,3,Good experience
4,Sheraton,75,Sheraton Hotel 75,Street 75,City_75,Country_75,1042,1142,Single,92.00,true,2087,User_2087,user2087@gmail.com,2087,2087,Single,92.00,2025-03-16,2025-03-18,2087,2,Good experience
4,Sheraton,75,Sheraton Hotel 75,Street 75,City_75,Country_75,1042,1142,Single,92.00,true,2088,User_2088,user2088@gmail.com,2088,2088,Single,92.00,2025-03-17,2025-03-19,2088,1,Good experience
4,Sheraton,75,Sheraton Hotel 75,Street 75,City_75,Country_75,1043,1143,Double,93.00,true,2089,User_2089,user2089@gmail.com,2089,2089,Double,93.00,2025-03-18,2025-03-20,2089,2,Good experience
4,Sheraton,75,Sheraton Hotel 75,Street 75,City_75,Country_75,1043,1143,Double,93.00,true,2090,User_2090,user2090@gmail.com,2090,2090,Double,93.00,2025-03-19,2025-03-21,2090,5,Great stay!
4,Sheraton,75,Sheraton Hotel 75,Street 75,City_75,Country_75,1043,1143,Double,93.00,true,2091,User_2091,user2091@gmail.com,2091,2091,Double,93.00,2025-03-20,2025-03-22,2091,4,Great stay!
4,Sheraton,75,Sheraton Hotel 75,Street 75,City_75,Country_75,1044,1144,Single,94.00,false,2092,User_2092,user2092@gmail.com,2092,2092,Single,94.00,2025-03-21,2025-03-23,2092,4,Great stay!
4,Sheraton,75,Sheraton Hotel 75,Street 75,City_75,Country_75,1044,1144,Single,94.00,false,2093,User_2093,user2093@gmail.com,2093,2093,Single,94.00,2025-03-22,2025-03-24,2093,3,Good experience
4,Sheraton,75,Sheraton Hotel 75,Street 75,City_75,Country_75,1044,1144,Single,94.00,false,2094,User_2094,user2094@gmail.com,2094,2094,Single,94.00,2025-03-23,2025-03-25,2094,3,Good experience
4,Sheraton,75,Sheraton Hotel 75,Street 75,City_75,Country_75,1045,1145,Double,95.00,true,2095,User_2095,user2095@gmail.com,2095,2095,Double,95.00,2025-03-24,2025-03-26,2095,5,Great stay!
4,Sheraton,75,Sheraton Hotel 75,Street 75,City_75,Country_75,1045,1145,Double,95.00,true,2096,User_2096,user2096@gmail.com,2096,2096,Double,95.00,2025-03-25,2025-03-27,2096,5,Great stay!
4,Sheraton,75,Sheraton Hotel 75,Street 75,City_75,Country_75,1045,1145,Double,95.00,true,2097,User_2097,user2097@gmail.com,2097,2097,Double,95.00,2025-03-26,2025-03-28,2097,2,Good experience
4,Sheraton,75,Sheraton Hotel 75,Street 75,City_75,Country_75,1046,1146,Single,96.00,false,2098,User_2098,user2098@gmail.com,2098,2098,Single,96.00,2025-03-27,2025-03-29,2098,4,Great stay!
4,Sheraton,75,Sheraton Hotel 75,Street 75,City_75,Country_75,1047,1147,Double,97.00,true,2099,User_2099,user2099@gmail.com,2099,2099,Double,97.00,2025-03-28,2025-03-30,2099,2,Good experience
4,Sheraton,75,Sheraton Hotel 75,Street 75,City_75,Country_75,1047,1147,Double,97.00,true,2100,User_2100,user2100@gmail.com,2100,2100,Double,97.00,2025-03-1,2025-03-3,2100,3,Good experience
4,Sheraton,75,Sheraton Hotel 75,Street 75,City_75,Country_75,1047,1147,Double,97.00,true,2101,User_2101,user2101@gmail.com,2101,2101,Double,97.00,2025-03-2,2025-03-4,2101,3,Good experience
4,Sheraton,75,Sheraton Hotel 75,Street 75,City_75,Country_75,1048,1148,Single,98.00,true,2102,User_2102,user2102@gmail.com,2102,2102,Single,98.00,2025-03-3,2025-03-5,2102,3,Good experience
4,Sheraton,75,Sheraton Hotel 75,Street 75,City_75,Country_75,1048,1148,Single,98.00,true,2103,User_2103,user2103@gmail.com,2103,2103,Single,98.00,2025-03-4,2025-03-6,2103,4,Great stay!
4,Sheraton,75,Sheraton Hotel 75,Street 75,City_75,Country_75,1048,1148,Single,98.00,true,2104,User_2104,user2104@gmail.com,2104,2104,Single,98.00,2025-03-5,2025-03-7,2104,5,Great stay!
4,Sheraton,75,Sheraton Hotel 75,Street 75,City_75,Country_75,1049,1149,Double,99.00,true,2105,User_2105,user2105@gmail.com,2105,2105,Double,99.00,2025-03-6,2025-03-8,2105,3,Good experience
4,Sheraton,75,Sheraton Hotel 75,Street 75,City_75,Country_75,1049,1149,Double,99.00,true,2106,User_2106,user2106@gmail.com,2106,2106,Double,99.00,2025-03-7,2025-03-9,2106,1,Good experience
4,Sheraton,75,Sheraton Hotel 75,Street 75,City_75,Country_75,1050,1150,Single,50.00,true,2107,User_2107,user2107@gmail.com,2107,2107,Single,50.00,2025-03-8,2025-03-10,2107,2,Good experience
4,Sheraton,75,Sheraton Hotel 75,Street 75,City_75,Country_75,1050,1150,Single,50.00,true,2108,User_2108,user2108@gmail.com,2108,2108,Single,50.00,2025-03-9,2025-03-11,2108,2,Good experience
4,Sheraton,75,Sheraton Hotel 75,Street 75,City_75,Country_75,1050,1150,Single,50.00,true,2109,User_2109,user2109@gmail.com,2109,2109,Single,50.00,2025-03-10,2025-03-12,2109,5,Great stay!
4,Sheraton,75,Sheraton Hotel 75,Street 75,City_75,Country_75,1051,1151,Double,51.00,true,2110,User_2110,user2110@gmail.com,2110,2110,Double,51.00,2025-03-11,2025-03-13,2110,2,Good experience
4,Sheraton,75,Sheraton Hotel 75,Street 75,City_75,Country_75,1051,1151,Double,51.00,true,2111,User_2111,user2111@gmail.com,2111,2111,Double,51.00,2025-03-12,2025-03-14,2111,5,Great stay!
4,Sheraton,75,Sheraton Hotel 75,Street 75,City_75,Country_75,1051,1151,Double,51.00,true,2112,User_2112,user2112@gmail.com,2112,2112,Double,51.00,2025-03-13,2025-03-15,2112,5,Great stay!
4,Sheraton,75,Sheraton Hotel 75,Street 75,City_75,Country_75,1052,1152,Single,52.00,true,2113,User_2113,user2113@gmail.com,2113,2113,Single,52.00,2025-03-14,2025-03-16,2113,3,Good experience
4,Sheraton,75,Sheraton Hotel 75,Street 75,City_75,Country_75,1052,1152,Single,52.00,true,2114,User_2114,user2114@gmail.com,2114,2114,Single,52.00,2025-03-15,2025-03-17,2114,4,Great stay!
4,Sheraton,75,Sheraton Hotel 75,Street 75,City_75,Country_75,1052,1152,Single,52.00,true,2115,User_2115,user2115@gmail.com,2115,2115,Single,52.00,2025-03-16,2025-03-18,2115,3,Good experience
4,Sheraton,75,Sheraton Hotel 75,Street 75,City_75,Country_75,1053,1153,Double,53.00,true,2116,User_2116,user2116@gmail.com,2116,2116,Double,53.00,2025-03-17,2025-03-19,2116,4,Great stay!
4,Sheraton,75,Sheraton Hotel 75,Street 75,City_75,Country_75,1053,1153,Double,53.00,true,2117,User_2117,user2117@gmail.com,2117,2117,Double,53.00,2025-03-18,2025-03-20,2117,4,Great stay!
4,Sheraton,75,Sheraton Hotel 75,Street 75,City_75,Country_75,1053,1153,Double,53.00,true,2118,User_2118,user2118@gmail.com,2118,2118,Double,53.00,2025-03-19,2025-03-21,2118,1,Good experience
4,Sheraton,75,Sheraton Hotel 75,Street 75,City_75,Country_75,1054,1154,Single,54.00,true,2119,User_2119,user2119@gmail.com,2119,2119,Single,54.00,2025-03-20,2025-03-22,2119,4,Great stay!
4,Sheraton,75,Sheraton Hotel 75,Street 75,City_75,Country_75,1055,1155,Double,55.00,true,2120,User_2120,user2120@gmail.com,2120,2120,Double,55.00,2025-03-21,2025-03-23,2120,4,Great stay!
4,Sheraton,75,Sheraton Hotel 75,Street 75,City_75,Country_75,1056,1156,Single,56.00,true,2121,User_2121,user2121@gmail.com,2121,2121,Single,56.00,2025-03-22,2025-03-24,2121,4,Great stay!
4,Sheraton,75,Sheraton Hotel 75,Street 75,City_75,Country_75,1056,1156,Single,56.00,true,2122,User_2122,user2122@gmail.com,2122,2122,Single,56.00,2025-03-23,2025-03-25,2122,5,Great stay!
4,Sheraton,75,Sheraton Hotel 75,Street 75,City_75,Country_75,1056,1156,Single,56.00,true,2123,User_2123,user2123@gmail.com,2123,2123,Single,56.00,2025-03-24,2025-03-26,2123,1,Good experience
4,Sheraton,75,Sheraton Hotel 75,Street 75,City_75,Country_75,1057,1157,Double,57.00,true,2124,User_2124,user2124@gmail.com,2124,2124,Double,57.00,2025-03-25,2025-03-27,2124,2,Good experience
4,Sheraton,75,Sheraton Hotel 75,Street 75,City_75,Country_75,1057,1157,Double,57.00,true,2125,User_2125,user2125@gmail.com,2125,2125,Double,57.00,2025-03-26,2025-03-28,2125,1,Good experience
4,Sheraton,75,Sheraton Hotel 75,Street 75,City_75,Country_75,1057,1157,Double,57.00,true,2126,User_2126,user2126@gmail.com,2126,2126,Double,57.00,2025-03-27,2025-03-29,2126,2,Good experience
4,Sheraton,75,Sheraton Hotel 75,Street 75,City_75,Country_75,1058,1158,Single,58.00,true,2127,User_2127,user2127@gmail.com,2127,2127,Single,58.00,2025-03-28,2025-03-30,2127,4,Great stay!
4,Sheraton,75,Sheraton Hotel 75,Street 75,City_75,Country_75,1059,1159,Double,59.00,true,2128,User_2128,user2128@gmail.com,2128,2128,Double,59.00,2025-03-1,2025-03-3,2128,1,Good experience
4,Sheraton,75,Sheraton Hotel 75,Street 75,City_75,Country_75,1060,1160,Single,60.00,true,2129,User_2129,user2129@gmail.com,2129,2129,Single,60.00,2025-03-2,2025-03-4,2129,2,Good experience
4,Sheraton,75,Sheraton Hotel 75,Street 75,City_75,Country_75,1060,1160,Single,60.00,true,2130,User_2130,user2130@gmail.com,2130,2130,Single,60.00,2025-03-3,2025-03-5,2130,3,Good experience
4,Sheraton,75,Sheraton Hotel 75,Street 75,City_75,Country_75,1061,1161,Double,61.00,true,2131,User_2131,user2131@gmail.com,2131,2131,Double,61.00,2025-03-4,2025-03-6,2131,5,Great stay!
4,Sheraton,75,Sheraton Hotel 75,Street 75,City_75,Country_75,1061,1161,Double,61.00,true,2132,User_2132,user2132@gmail.com,2132,2132,Double,61.00,2025-03-5,2025-03-7,2132,4,Great stay!
4,Sheraton,75,Sheraton Hotel 75,Street 75,City_75,Country_75,1062,1162,Single,62.00,true,2133,User_2133,user2133@gmail.com,2133,2133,Single,62.00,2025-03-6,2025-03-8,2133,3,Good experience
4,Sheraton,75,Sheraton Hotel 75,Street 75,City_75,Country_75,1062,1162,Single,62.00,true,2134,User_2134,user2134@gmail.com,2134,2134,Single,62.00,2025-03-7,2025-03-9,2134,4,Great stay!
4,Sheraton,75,Sheraton Hotel 75,Street 75,City_75,Country_75,1063,1163,Double,63.00,true,2135,User_2135,user2135@gmail.com,2135,2135,Double,63.00,2025-03-8,2025-03-10,2135,1,Good experience
4,Sheraton,75,Sheraton Hotel 75,Street 75,City_75,Country_75,1063,1163,Double,63.00,true,2136,User_2136,user2136@gmail.com,2136,2136,Double,63.00,2025-03-9,2025-03-11,2136,3,Good experience
4,Sheraton,75,Sheraton Hotel 75,Street 75,City_75,Country_75,1064,1164,Single,64.00,true,2137,User_2137,user2137@gmail.com,2137,2137,Single,64.00,2025-03-10,2025-03-12,2137,5,Great stay!
4,Sheraton,76,Sheraton Hotel 76,Street 76,City_76,Country_76,1065,1165,Double,65.00,false,2138,User_2138,user2138@gmail.com,2138,2138,Double,65.00,2025-03-11,2025-03-13,2138,2,Good experience
4,Sheraton,76,Sheraton Hotel 76,Street 76,City_76,Country_76,1066,1166,Single,66.00,true,2139,User_2139,user2139@gmail.com,2139,2139,Single,66.00,2025-03-12,2025-03-14,2139,4,Great stay!
4,Sheraton,76,Sheraton Hotel 76,Street 76,City_76,Country_76,1067,1167,Double,67.00,true,2140,User_2140,user2140@gmail.com,2140,2140,Double,67.00,2025-03-13,2025-03-15,2140,3,Good experience
4,Sheraton,76,Sheraton Hotel 76,Street 76,City_76,Country_76,1068,1168,Single,68.00,true,2141,User_2141,user2141@gmail.com,2141,2141,Single,68.00,2025-03-14,2025-03-16,2141,5,Great stay!
4,Sheraton,76,Sheraton Hotel 76,Street 76,City_76,Country_76,1069,1169,Double,69.00,true,2142,User_2142,user2142@gmail.com,2142,2142,Double,69.00,2025-03-15,2025-03-17,2142,5,Great stay!
4,Sheraton,76,Sheraton Hotel 76,Street 76,City_76,Country_76,1069,1169,Double,69.00,true,2143,User_2143,user2143@gmail.com,2143,2143,Double,69.00,2025-03-16,2025-03-18,2143,4,Great stay!
4,Sheraton,76,Sheraton Hotel 76,Street 76,City_76,Country_76,1070,1170,Single,70.00,true,2144,User_2144,user2144@gmail.com,2144,2144,Single,70.00,2025-03-17,2025-03-19,2144,3,Good experience
4,Sheraton,76,Sheraton Hotel 76,Street 76,City_76,Country_76,1071,1171,Double,71.00,true,2145,User_2145,user2145@gmail.com,2145,2145,Double,71.00,2025-03-18,2025-03-20,2145,3,Good experience
4,Sheraton,76,Sheraton Hotel 76,Street 76,City_76,Country_76,1071,1171,Double,71.00,true,2146,User_2146,user2146@gmail.com,2146,2146,Double,71.00,2025-03-19,2025-03-21,2146,1,Good experience
4,Sheraton,76,Sheraton Hotel 76,Street 76,City_76,Country_76,1071,1171,Double,71.00,true,2147,User_2147,user2147@gmail.com,2147,2147,Double,71.00,2025-03-20,2025-03-22,2147,5,Great stay!
4,Sheraton,76,Sheraton Hotel 76,Street 76,City_76,Country_76,1072,1172,Single,72.00,true,2148,User_2148,user2148@gmail.com,2148,2148,Single,72.00,2025-03-21,2025-03-23,2148,3,Good experience
4,Sheraton,77,Sheraton Hotel 77,Street 77,City_77,Country_77,1073,1173,Double,73.00,true,2149,User_2149,user2149@gmail.com,2149,2149,Double,73.00,2025-03-22,2025-03-24,2149,2,Good experience
4,Sheraton,77,Sheraton Hotel 77,Street 77,City_77,Country_77,1073,1173,Double,73.00,true,2150,User_2150,user2150@gmail.com,2150,2150,Double,73.00,2025-03-23,2025-03-25,2150,4,Great stay!
4,Sheraton,77,Sheraton Hotel 77,Street 77,City_77,Country_77,1074,1174,Single,74.00,true,2151,User_2151,user2151@gmail.com,2151,2151,Single,74.00,2025-03-24,2025-03-26,2151,3,Good experience
4,Sheraton,77,Sheraton Hotel 77,Street 77,City_77,Country_77,1075,1175,Double,75.00,true,2152,User_2152,user2152@gmail.com,2152,2152,Double,75.00,2025-03-25,2025-03-27,2152,3,Good experience
4,Sheraton,77,Sheraton Hotel 77,Street 77,City_77,Country_77,1075,1175,Double,75.00,true,2153,User_2153,user2153@gmail.com,2153,2153,Double,75.00,2025-03-26,2025-03-28,2153,5,Great stay!
4,Sheraton,77,Sheraton Hotel 77,Street 77,City_77,Country_77,1075,1175,Double,75.00,true,2154,User_2154,user2154@gmail.com,2154,2154,Double,75.00,2025-03-27,2025-03-29,2154,5,Great stay!
4,Sheraton,77,Sheraton Hotel 77,Street 77,City_77,Country_77,1076,1176,Single,76.00,true,2155,User_2155,user2155@gmail.com,2155,2155,Single,76.00,2025-03-28,2025-03-30,2155,4,Great stay!
4,Sheraton,77,Sheraton Hotel 77,Street 77,City_77,Country_77,1076,1176,Single,76.00,true,2156,User_2156,user2156@gmail.com,2156,2156,Single,76.00,2025-03-1,2025-03-3,2156,2,Good experience
4,Sheraton,77,Sheraton Hotel 77,Street 77,City_77,Country_77,1076,1176,Single,76.00,true,2157,User_2157,user2157@gmail.com,2157,2157,Single,76.00,2025-03-2,2025-03-4,2157,4,Great stay!
4,Sheraton,77,Sheraton Hotel 77,Street 77,City_77,Country_77,1077,1177,Double,77.00,true,2158,User_2158,user2158@gmail.com,2158,2158,Double,77.00,2025-03-3,2025-03-5,2158,5,Great stay!
4,Sheraton,77,Sheraton Hotel 77,Street 77,City_77,Country_77,1078,1178,Single,78.00,false,2159,User_2159,user2159@gmail.com,2159,2159,Single,78.00,2025-03-4,2025-03-6,2159,3,Good experience
4,Sheraton,77,Sheraton Hotel 77,Street 77,City_77,Country_77,1079,1179,Double,79.00,true,2160,User_2160,user2160@gmail.com,2160,2160,Double,79.00,2025-03-5,2025-03-7,2160,2,Good experience
4,Sheraton,77,Sheraton Hotel 77,Street 77,City_77,Country_77,1079,1179,Double,79.00,true,2161,User_2161,user2161@gmail.com,2161,2161,Double,79.00,2025-03-6,2025-03-8,2161,3,Good experience
4,Sheraton,77,Sheraton Hotel 77,Street 77,City_77,Country_77,1079,1179,Double,79.00,true,2162,User_2162,user2162@gmail.com,2162,2162,Double,79.00,2025-03-7,2025-03-9,2162,3,Good experience
4,Sheraton,77,Sheraton Hotel 77,Street 77,City_77,Country_77,1080,1180,Single,80.00,true,2163,User_2163,user2163@gmail.com,2163,2163,Single,80.00,2025-03-8,2025-03-10,2163,1,Good experience
4,Sheraton,77,Sheraton Hotel 77,Street 77,City_77,Country_77,1080,1180,Single,80.00,true,2164,User_2164,user2164@gmail.com,2164,2164,Single,80.00,2025-03-9,2025-03-11,2164,3,Good experience
4,Sheraton,77,Sheraton Hotel 77,Street 77,City_77,Country_77,1081,1181,Double,81.00,true,2165,User_2165,user2165@gmail.com,2165,2165,Double,81.00,2025-03-10,2025-03-12,2165,1,Good experience
4,Sheraton,77,Sheraton Hotel 77,Street 77,City_77,Country_77,1081,1181,Double,81.00,true,2166,User_2166,user2166@gmail.com,2166,2166,Double,81.00,2025-03-11,2025-03-13,2166,3,Good experience
4,Sheraton,77,Sheraton Hotel 77,Street 77,City_77,Country_77,1082,1182,Single,82.00,true,2167,User_2167,user2167@gmail.com,2167,2167,Single,82.00,2025-03-12,2025-03-14,2167,2,Good experience
4,Sheraton,77,Sheraton Hotel 77,Street 77,City_77,Country_77,1083,1183,Double,83.00,true,2168,User_2168,user2168@gmail.com,2168,2168,Double,83.00,2025-03-13,2025-03-15,2168,1,Good experience
4,Sheraton,77,Sheraton Hotel 77,Street 77,City_77,Country_77,1083,1183,Double,83.00,true,2169,User_2169,user2169@gmail.com,2169,2169,Double,83.00,2025-03-14,2025-03-16,2169,2,Good experience
4,Sheraton,77,Sheraton Hotel 77,Street 77,City_77,Country_77,1083,1183,Double,83.00,true,2170,User_2170,user2170@gmail.com,2170,2170,Double,83.00,2025-03-15,2025-03-17,2170,1,Good experience
4,Sheraton,77,Sheraton Hotel 77,Street 77,City_77,Country_77,1084,1184,Single,84.00,true,2171,User_2171,user2171@gmail.com,2171,2171,Single,84.00,2025-03-16,2025-03-18,2171,2,Good experience
4,Sheraton,77,Sheraton Hotel 77,Street 77,City_77,Country_77,1084,1184,Single,84.00,true,2172,User_2172,user2172@gmail.com,2172,2172,Single,84.00,2025-03-17,2025-03-19,2172,5,Great stay!
4,Sheraton,78,Sheraton Hotel 78,Street 78,City_78,Country_78,1085,1185,Double,85.00,false,2173,User_2173,user2173@gmail.com,2173,2173,Double,85.00,2025-03-18,2025-03-20,2173,4,Great stay!
4,Sheraton,78,Sheraton Hotel 78,Street 78,City_78,Country_78,1085,1185,Double,85.00,false,2174,User_2174,user2174@gmail.com,2174,2174,Double,85.00,2025-03-19,2025-03-21,2174,3,Good experience
4,Sheraton,78,Sheraton Hotel 78,Street 78,City_78,Country_78,1086,1186,Single,86.00,true,2175,User_2175,user2175@gmail.com,2175,2175,Single,86.00,2025-03-20,2025-03-22,2175,4,Great stay!
4,Sheraton,78,Sheraton Hotel 78,Street 78,City_78,Country_78,1087,1187,Double,87.00,true,2176,User_2176,user2176@gmail.com,2176,2176,Double,87.00,2025-03-21,2025-03-23,2176,2,Good experience
4,Sheraton,78,Sheraton Hotel 78,Street 78,City_78,Country_78,1087,1187,Double,87.00,true,2177,User_2177,user2177@gmail.com,2177,2177,Double,87.00,2025-03-22,2025-03-24,2177,5,Great stay!
4,Sheraton,78,Sheraton Hotel 78,Street 78,City_78,Country_78,1087,1187,Double,87.00,true,2178,User_2178,user2178@gmail.com,2178,2178,Double,87.00,2025-03-23,2025-03-25,2178,3,Good experience
4,Sheraton,78,Sheraton Hotel 78,Street 78,City_78,Country_78,1088,1188,Single,88.00,true,2179,User_2179,user2179@gmail.com,2179,2179,Single,88.00,2025-03-24,2025-03-26,2179,4,Great stay!
4,Sheraton,78,Sheraton Hotel 78,Street 78,City_78,Country_78,1089,1189,Double,89.00,true,2180,User_2180,user2180@gmail.com,2180,2180,Double,89.00,2025-03-25,2025-03-27,2180,2,Good experience
4,Sheraton,78,Sheraton Hotel 78,Street 78,City_78,Country_78,1089,1189,Double,89.00,true,2181,User_2181,user2181@gmail.com,2181,2181,Double,89.00,2025-03-26,2025-03-28,2181,1,Good experience
4,Sheraton,78,Sheraton Hotel 78,Street 78,City_78,Country_78,1090,1190,Single,90.00,true,2182,User_2182,user2182@gmail.com,2182,2182,Single,90.00,2025-03-27,2025-03-29,2182,3,Good experience
4,Sheraton,78,Sheraton Hotel 78,Street 78,City_78,Country_78,1090,1190,Single,90.00,true,2183,User_2183,user2183@gmail.com,2183,2183,Single,90.00,2025-03-28,2025-03-30,2183,4,Great stay!
4,Sheraton,78,Sheraton Hotel 78,Street 78,City_78,Country_78,1090,1190,Single,90.00,true,2184,User_2184,user2184@gmail.com,2184,2184,Single,90.00,2025-03-1,2025-03-3,2184,4,Great stay!
4,Sheraton,78,Sheraton Hotel 78,Street 78,City_78,Country_78,1091,1191,Double,91.00,true,2185,User_2185,user2185@gmail.com,2185,2185,Double,91.00,2025-03-2,2025-03-4,2185,3,Good experience
4,Sheraton,78,Sheraton Hotel 78,Street 78,City_78,Country_78,1092,1192,Single,92.00,false,2186,User_2186,user2186@gmail.com,2186,2186,Single,92.00,2025-03-3,2025-03-5,2186,2,Good experience
4,Sheraton,78,Sheraton Hotel 78,Street 78,City_78,Country_78,1093,1193,Double,93.00,true,2187,User_2187,user2187@gmail.com,2187,2187,Double,93.00,2025-03-4,2025-03-6,2187,2,Good experience
4,Sheraton,78,Sheraton Hotel 78,Street 78,City_78,Country_78,1094,1194,Single,94.00,false,2188,User_2188,user2188@gmail.com,2188,2188,Single,94.00,2025-03-5,2025-03-7,2188,4,Great stay!
4,Sheraton,78,Sheraton Hotel 78,Street 78,City_78,Country_78,1094,1194,Single,94.00,false,2189,User_2189,user2189@gmail.com,2189,2189,Single,94.00,2025-03-6,2025-03-8,2189,2,Good experience
4,Sheraton,78,Sheraton Hotel 78,Street 78,City_78,Country_78,1095,1195,Double,95.00,true,2190,User_2190,user2190@gmail.com,2190,2190,Double,95.00,2025-03-7,2025-03-9,2190,3,Good experience
4,Sheraton,78,Sheraton Hotel 78,Street 78,City_78,Country_78,1095,1195,Double,95.00,true,2191,User_2191,user2191@gmail.com,2191,2191,Double,95.00,2025-03-8,2025-03-10,2191,3,Good experience
4,Sheraton,78,Sheraton Hotel 78,Street 78,City_78,Country_78,1096,1196,Single,96.00,false,2192,User_2192,user2192@gmail.com,2192,2192,Single,96.00,2025-03-9,2025-03-11,2192,4,Great stay!
4,Sheraton,78,Sheraton Hotel 78,Street 78,City_78,Country_78,1096,1196,Single,96.00,false,2193,User_2193,user2193@gmail.com,2193,2193,Single,96.00,2025-03-10,2025-03-12,2193,3,Good experience
4,Sheraton,78,Sheraton Hotel 78,Street 78,City_78,Country_78,1096,1196,Single,96.00,false,2194,User_2194,user2194@gmail.com,2194,2194,Single,96.00,2025-03-11,2025-03-13,2194,5,Great stay!
4,Sheraton,78,Sheraton Hotel 78,Street 78,City_78,Country_78,1097,1197,Double,97.00,true,2195,User_2195,user2195@gmail.com,2195,2195,Double,97.00,2025-03-12,2025-03-14,2195,4,Great stay!
4,Sheraton,78,Sheraton Hotel 78,Street 78,City_78,Country_78,1097,1197,Double,97.00,true,2196,User_2196,user2196@gmail.com,2196,2196,Double,97.00,2025-03-13,2025-03-15,2196,3,Good experience
4,Sheraton,78,Sheraton Hotel 78,Street 78,City_78,Country_78,1097,1197,Double,97.00,true,2197,User_2197,user2197@gmail.com,2197,2197,Double,97.00,2025-03-14,2025-03-16,2197,5,Great stay!
4,Sheraton,78,Sheraton Hotel 78,Street 78,City_78,Country_78,1098,1198,Single,98.00,true,2198,User_2198,user2198@gmail.com,2198,2198,Single,98.00,2025-03-15,2025-03-17,2198,2,Good experience
4,Sheraton,78,Sheraton Hotel 78,Street 78,City_78,Country_78,1098,1198,Single,98.00,true,2199,User_2199,user2199@gmail.com,2199,2199,Single,98.00,2025-03-16,2025-03-18,2199,2,Good experience
4,Sheraton,78,Sheraton Hotel 78,Street 78,City_78,Country_78,1098,1198,Single,98.00,true,2200,User_2200,user2200@gmail.com,2200,2200,Single,98.00,2025-03-17,2025-03-19,2200,2,Good experience
4,Sheraton,78,Sheraton Hotel 78,Street 78,City_78,Country_78,1099,1199,Double,99.00,true,2201,User_2201,user2201@gmail.com,2201,2201,Double,99.00,2025-03-18,2025-03-20,2201,1,Good experience
4,Sheraton,78,Sheraton Hotel 78,Street 78,City_78,Country_78,1099,1199,Double,99.00,true,2202,User_2202,user2202@gmail.com,2202,2202,Double,99.00,2025-03-19,2025-03-21,2202,3,Good experience
4,Sheraton,78,Sheraton Hotel 78,Street 78,City_78,Country_78,1099,1199,Double,99.00,true,2203,User_2203,user2203@gmail.com,2203,2203,Double,99.00,2025-03-20,2025-03-22,2203,5,Great stay!
4,Sheraton,79,Sheraton Hotel 79,Street 79,City_79,Country_79,1100,1200,Single,50.00,true,2204,User_2204,user2204@gmail.com,2204,2204,Single,50.00,2025-03-21,2025-03-23,2204,4,Great stay!
4,Sheraton,79,Sheraton Hotel 79,Street 79,City_79,Country_79,1101,1201,Double,51.00,false,2205,User_2205,user2205@gmail.com,2205,2205,Double,51.00,2025-03-22,2025-03-24,2205,5,Great stay!
4,Sheraton,79,Sheraton Hotel 79,Street 79,City_79,Country_79,1102,1202,Single,52.00,false,2206,User_2206,user2206@gmail.com,2206,2206,Single,52.00,2025-03-23,2025-03-25,2206,3,Good experience
4,Sheraton,79,Sheraton Hotel 79,Street 79,City_79,Country_79,1103,1203,Double,53.00,true,2207,User_2207,user2207@gmail.com,2207,2207,Double,53.00,2025-03-24,2025-03-26,2207,1,Good experience
4,Sheraton,79,Sheraton Hotel 79,Street 79,City_79,Country_79,1103,1203,Double,53.00,true,2208,User_2208,user2208@gmail.com,2208,2208,Double,53.00,2025-03-25,2025-03-27,2208,4,Great stay!
4,Sheraton,79,Sheraton Hotel 79,Street 79,City_79,Country_79,1103,1203,Double,53.00,true,2209,User_2209,user2209@gmail.com,2209,2209,Double,53.00,2025-03-26,2025-03-28,2209,2,Good experience
4,Sheraton,79,Sheraton Hotel 79,Street 79,City_79,Country_79,1104,1204,Single,54.00,true,2210,User_2210,user2210@gmail.com,2210,2210,Single,54.00,2025-03-27,2025-03-29,2210,3,Good experience
4,Sheraton,79,Sheraton Hotel 79,Street 79,City_79,Country_79,1104,1204,Single,54.00,true,2211,User_2211,user2211@gmail.com,2211,2211,Single,54.00,2025-03-28,2025-03-30,2211,2,Good experience
4,Sheraton,79,Sheraton Hotel 79,Street 79,City_79,Country_79,1105,1205,Double,55.00,false,2212,User_2212,user2212@gmail.com,2212,2212,Double,55.00,2025-03-1,2025-03-3,2212,5,Great stay!
4,Sheraton,79,Sheraton Hotel 79,Street 79,City_79,Country_79,1106,1206,Single,56.00,true,2213,User_2213,user2213@gmail.com,2213,2213,Single,56.00,2025-03-2,2025-03-4,2213,1,Good experience
4,Sheraton,79,Sheraton Hotel 79,Street 79,City_79,Country_79,1106,1206,Single,56.00,true,2214,User_2214,user2214@gmail.com,2214,2214,Single,56.00,2025-03-3,2025-03-5,2214,2,Good experience
4,Sheraton,79,Sheraton Hotel 79,Street 79,City_79,Country_79,1107,1207,Double,57.00,true,2215,User_2215,user2215@gmail.com,2215,2215,Double,57.00,2025-03-4,2025-03-6,2215,3,Good experience
4,Sheraton,79,Sheraton Hotel 79,Street 79,City_79,Country_79,1107,1207,Double,57.00,true,2216,User_2216,user2216@gmail.com,2216,2216,Double,57.00,2025-03-5,2025-03-7,2216,1,Good experience
4,Sheraton,79,Sheraton Hotel 79,Street 79,City_79,Country_79,1108,1208,Single,58.00,true,2217,User_2217,user2217@gmail.com,2217,2217,Single,58.00,2025-03-6,2025-03-8,2217,3,Good experience
4,Sheraton,80,Sheraton Hotel 80,Street 80,City_80,Country_80,1109,1209,Double,59.00,true,2218,User_2218,user2218@gmail.com,2218,2218,Double,59.00,2025-03-7,2025-03-9,2218,5,Great stay!
4,Sheraton,80,Sheraton Hotel 80,Street 80,City_80,Country_80,1109,1209,Double,59.00,true,2219,User_2219,user2219@gmail.com,2219,2219,Double,59.00,2025-03-8,2025-03-10,2219,5,Great stay!
4,Sheraton,80,Sheraton Hotel 80,Street 80,City_80,Country_80,1109,1209,Double,59.00,true,2220,User_2220,user2220@gmail.com,2220,2220,Double,59.00,2025-03-9,2025-03-11,2220,1,Good experience
4,Sheraton,80,Sheraton Hotel 80,Street 80,City_80,Country_80,1110,1210,Single,60.00,true,2221,User_2221,user2221@gmail.com,2221,2221,Single,60.00,2025-03-10,2025-03-12,2221,3,Good experience
4,Sheraton,80,Sheraton Hotel 80,Street 80,City_80,Country_80,1110,1210,Single,60.00,true,2222,User_2222,user2222@gmail.com,2222,2222,Single,60.00,2025-03-11,2025-03-13,2222,4,Great stay!
4,Sheraton,80,Sheraton Hotel 80,Street 80,City_80,Country_80,1110,1210,Single,60.00,true,2223,User_2223,user2223@gmail.com,2223,2223,Single,60.00,2025-03-12,2025-03-14,2223,4,Great stay!
4,Sheraton,80,Sheraton Hotel 80,Street 80,City_80,Country_80,1111,1211,Double,61.00,false,2224,User_2224,user2224@gmail.com,2224,2224,Double,61.00,2025-03-13,2025-03-15,2224,5,Great stay!
4,Sheraton,80,Sheraton Hotel 80,Street 80,City_80,Country_80,1112,1212,Single,62.00,true,2225,User_2225,user2225@gmail.com,2225,2225,Single,62.00,2025-03-14,2025-03-16,2225,1,Good experience
4,Sheraton,80,Sheraton Hotel 80,Street 80,City_80,Country_80,1113,1213,Double,63.00,true,2226,User_2226,user2226@gmail.com,2226,2226,Double,63.00,2025-03-15,2025-03-17,2226,5,Great stay!
4,Sheraton,80,Sheraton Hotel 80,Street 80,City_80,Country_80,1113,1213,Double,63.00,true,2227,User_2227,user2227@gmail.com,2227,2227,Double,63.00,2025-03-16,2025-03-18,2227,4,Great stay!
4,Sheraton,80,Sheraton Hotel 80,Street 80,City_80,Country_80,1113,1213,Double,63.00,true,2228,User_2228,user2228@gmail.com,2228,2228,Double,63.00,2025-03-17,2025-03-19,2228,1,Good experience
4,Sheraton,80,Sheraton Hotel 80,Street 80,City_80,Country_80,1114,1214,Single,64.00,false,2229,User_2229,user2229@gmail.com,2229,2229,Single,64.00,2025-03-18,2025-03-20,2229,3,Good experience
4,Sheraton,80,Sheraton Hotel 80,Street 80,City_80,Country_80,1114,1214,Single,64.00,false,2230,User_2230,user2230@gmail.com,2230,2230,Single,64.00,2025-03-19,2025-03-21,2230,3,Good experience
4,Sheraton,80,Sheraton Hotel 80,Street 80,City_80,Country_80,1115,1215,Double,65.00,false,2231,User_2231,user2231@gmail.com,2231,2231,Double,65.00,2025-03-20,2025-03-22,2231,2,Good experience
4,Sheraton,80,Sheraton Hotel 80,Street 80,City_80,Country_80,1116,1216,Single,66.00,false,2232,User_2232,user2232@gmail.com,2232,2232,Single,66.00,2025-03-21,2025-03-23,2232,1,Good experience
4,Sheraton,80,Sheraton Hotel 80,Street 80,City_80,Country_80,1116,1216,Single,66.00,false,2233,User_2233,user2233@gmail.com,2233,2233,Single,66.00,2025-03-22,2025-03-24,2233,5,Great stay!
4,Sheraton,80,Sheraton Hotel 80,Street 80,City_80,Country_80,1117,1217,Double,67.00,true,2234,User_2234,user2234@gmail.com,2234,2234,Double,67.00,2025-03-23,2025-03-25,2234,1,Good experience
4,Sheraton,80,Sheraton Hotel 80,Street 80,City_80,Country_80,1117,1217,Double,67.00,true,2235,User_2235,user2235@gmail.com,2235,2235,Double,67.00,2025-03-24,2025-03-26,2235,2,Good experience
4,Sheraton,80,Sheraton Hotel 80,Street 80,City_80,Country_80,1117,1217,Double,67.00,true,2236,User_2236,user2236@gmail.com,2236,2236,Double,67.00,2025-03-25,2025-03-27,2236,4,Great stay!
4,Sheraton,80,Sheraton Hotel 80,Street 80,City_80,Country_80,1118,1218,Single,68.00,true,2237,User_2237,user2237@gmail.com,2237,2237,Single,68.00,2025-03-26,2025-03-28,2237,1,Good experience
4,Sheraton,80,Sheraton Hotel 80,Street 80,City_80,Country_80,1118,1218,Single,68.00,true,2238,User_2238,user2238@gmail.com,2238,2238,Single,68.00,2025-03-27,2025-03-29,2238,2,Good experience
4,Sheraton,80,Sheraton Hotel 80,Street 80,City_80,Country_80,1119,1219,Double,69.00,true,2239,User_2239,user2239@gmail.com,2239,2239,Double,69.00,2025-03-28,2025-03-30,2239,5,Great stay!
4,Sheraton,80,Sheraton Hotel 80,Street 80,City_80,Country_80,1120,1220,Single,70.00,true,2240,User_2240,user2240@gmail.com,2240,2240,Single,70.00,2025-03-1,2025-03-3,2240,4,Great stay!
4,Sheraton,80,Sheraton Hotel 80,Street 80,City_80,Country_80,1120,1220,Single,70.00,true,2241,User_2241,user2241@gmail.com,2241,2241,Single,70.00,2025-03-2,2025-03-4,2241,2,Good experience
4,Sheraton,80,Sheraton Hotel 80,Street 80,City_80,Country_80,1121,1221,Double,71.00,true,2242,User_2242,user2242@gmail.com,2242,2242,Double,71.00,2025-03-3,2025-03-5,2242,2,Good experience
4,Sheraton,80,Sheraton Hotel 80,Street 80,City_80,Country_80,1122,1222,Single,72.00,true,2243,User_2243,user2243@gmail.com,2243,2243,Single,72.00,2025-03-4,2025-03-6,2243,1,Good experience
4,Sheraton,80,Sheraton Hotel 80,Street 80,City_80,Country_80,1122,1222,Single,72.00,true,2244,User_2244,user2244@gmail.com,2244,2244,Single,72.00,2025-03-5,2025-03-7,2244,2,Good experience
4,Sheraton,80,Sheraton Hotel 80,Street 80,City_80,Country_80,1123,1223,Double,73.00,true,2245,User_2245,user2245@gmail.com,2245,2245,Double,73.00,2025-03-6,2025-03-8,2245,5,Great stay!
4,Sheraton,80,Sheraton Hotel 80,Street 80,City_80,Country_80,1124,1224,Single,74.00,true,2246,User_2246,user2246@gmail.com,2246,2246,Single,74.00,2025-03-7,2025-03-9,2246,4,Great stay!
5,InterContinental,81,InterContinental Hotel 81,Street 81,City_81,Country_81,1125,1225,Double,75.00,true,2247,User_2247,user2247@gmail.com,2247,2247,Double,75.00,2025-03-8,2025-03-10,2247,3,Good experience
5,InterContinental,81,InterContinental Hotel 81,Street 81,City_81,Country_81,1125,1225,Double,75.00,true,2248,User_2248,user2248@gmail.com,2248,2248,Double,75.00,2025-03-9,2025-03-11,2248,3,Good experience
5,InterContinental,81,InterContinental Hotel 81,Street 81,City_81,Country_81,1126,1226,Single,76.00,true,2249,User_2249,user2249@gmail.com,2249,2249,Single,76.00,2025-03-10,2025-03-12,2249,3,Good experience
5,InterContinental,81,InterContinental Hotel 81,Street 81,City_81,Country_81,1127,1227,Double,77.00,true,2250,User_2250,user2250@gmail.com,2250,2250,Double,77.00,2025-03-11,2025-03-13,2250,3,Good experience
5,InterContinental,81,InterContinental Hotel 81,Street 81,City_81,Country_81,1127,1227,Double,77.00,true,2251,User_2251,user2251@gmail.com,2251,2251,Double,77.00,2025-03-12,2025-03-14,2251,4,Great stay!
5,InterContinental,81,InterContinental Hotel 81,Street 81,City_81,Country_81,1127,1227,Double,77.00,true,2252,User_2252,user2252@gmail.com,2252,2252,Double,77.00,2025-03-13,2025-03-15,2252,2,Good experience
5,InterContinental,81,InterContinental Hotel 81,Street 81,City_81,Country_81,1128,1228,Single,78.00,true,2253,User_2253,user2253@gmail.com,2253,2253,Single,78.00,2025-03-14,2025-03-16,2253,2,Good experience
5,InterContinental,81,InterContinental Hotel 81,Street 81,City_81,Country_81,1128,1228,Single,78.00,true,2254,User_2254,user2254@gmail.com,2254,2254,Single,78.00,2025-03-15,2025-03-17,2254,4,Great stay!
5,InterContinental,81,InterContinental Hotel 81,Street 81,City_81,Country_81,1129,1229,Double,79.00,true,2255,User_2255,user2255@gmail.com,2255,2255,Double,79.00,2025-03-16,2025-03-18,2255,3,Good experience
5,InterContinental,81,InterContinental Hotel 81,Street 81,City_81,Country_81,1129,1229,Double,79.00,true,2256,User_2256,user2256@gmail.com,2256,2256,Double,79.00,2025-03-17,2025-03-19,2256,5,Great stay!
5,InterContinental,81,InterContinental Hotel 81,Street 81,City_81,Country_81,1129,1229,Double,79.00,true,2257,User_2257,user2257@gmail.com,2257,2257,Double,79.00,2025-03-18,2025-03-20,2257,5,Great stay!
5,InterContinental,81,InterContinental Hotel 81,Street 81,City_81,Country_81,1130,1230,Single,80.00,true,2258,User_2258,user2258@gmail.com,2258,2258,Single,80.00,2025-03-19,2025-03-21,2258,1,Good experience
5,InterContinental,81,InterContinental Hotel 81,Street 81,City_81,Country_81,1131,1231,Double,81.00,true,2259,User_2259,user2259@gmail.com,2259,2259,Double,81.00,2025-03-20,2025-03-22,2259,1,Good experience
5,InterContinental,81,InterContinental Hotel 81,Street 81,City_81,Country_81,1132,1232,Single,82.00,true,2260,User_2260,user2260@gmail.com,2260,2260,Single,82.00,2025-03-21,2025-03-23,2260,3,Good experience
5,InterContinental,81,InterContinental Hotel 81,Street 81,City_81,Country_81,1132,1232,Single,82.00,true,2261,User_2261,user2261@gmail.com,2261,2261,Single,82.00,2025-03-22,2025-03-24,2261,5,Great stay!
5,InterContinental,81,InterContinental Hotel 81,Street 81,City_81,Country_81,1133,1233,Double,83.00,true,2262,User_2262,user2262@gmail.com,2262,2262,Double,83.00,2025-03-23,2025-03-25,2262,1,Good experience
5,InterContinental,81,InterContinental Hotel 81,Street 81,City_81,Country_81,1134,1234,Single,84.00,false,2263,User_2263,user2263@gmail.com,2263,2263,Single,84.00,2025-03-24,2025-03-26,2263,5,Great stay!
5,InterContinental,81,InterContinental Hotel 81,Street 81,City_81,Country_81,1134,1234,Single,84.00,false,2264,User_2264,user2264@gmail.com,2264,2264,Single,84.00,2025-03-25,2025-03-27,2264,1,Good experience
5,InterContinental,81,InterContinental Hotel 81,Street 81,City_81,Country_81,1134,1234,Single,84.00,false,2265,User_2265,user2265@gmail.com,2265,2265,Single,84.00,2025-03-26,2025-03-28,2265,1,Good experience
5,InterContinental,81,InterContinental Hotel 81,Street 81,City_81,Country_81,1135,1235,Double,85.00,true,2266,User_2266,user2266@gmail.com,2266,2266,Double,85.00,2025-03-27,2025-03-29,2266,5,Great stay!
5,InterContinental,81,InterContinental Hotel 81,Street 81,City_81,Country_81,1136,1236,Single,86.00,false,2267,User_2267,user2267@gmail.com,2267,2267,Single,86.00,2025-03-28,2025-03-30,2267,4,Great stay!
5,InterContinental,81,InterContinental Hotel 81,Street 81,City_81,Country_81,1137,1237,Double,87.00,true,2268,User_2268,user2268@gmail.com,2268,2268,Double,87.00,2025-03-1,2025-03-3,2268,3,Good experience
5,InterContinental,81,InterContinental Hotel 81,Street 81,City_81,Country_81,1137,1237,Double,87.00,true,2269,User_2269,user2269@gmail.com,2269,2269,Double,87.00,2025-03-2,2025-03-4,2269,4,Great stay!
5,InterContinental,81,InterContinental Hotel 81,Street 81,City_81,Country_81,1138,1238,Single,88.00,true,2270,User_2270,user2270@gmail.com,2270,2270,Single,88.00,2025-03-3,2025-03-5,2270,2,Good experience
5,InterContinental,81,InterContinental Hotel 81,Street 81,City_81,Country_81,1138,1238,Single,88.00,true,2271,User_2271,user2271@gmail.com,2271,2271,Single,88.00,2025-03-4,2025-03-6,2271,2,Good experience
5,InterContinental,81,InterContinental Hotel 81,Street 81,City_81,Country_81,1139,1239,Double,89.00,true,2272,User_2272,user2272@gmail.com,2272,2272,Double,89.00,2025-03-5,2025-03-7,2272,3,Good experience
5,InterContinental,81,InterContinental Hotel 81,Street 81,City_81,Country_81,1140,1240,Single,90.00,false,2273,User_2273,user2273@gmail.com,2273,2273,Single,90.00,2025-03-6,2025-03-8,2273,3,Good experience
5,InterContinental,81,InterContinental Hotel 81,Street 81,City_81,Country_81,1140,1240,Single,90.00,false,2274,User_2274,user2274@gmail.com,2274,2274,Single,90.00,2025-03-7,2025-03-9,2274,2,Good experience
5,InterContinental,81,InterContinental Hotel 81,Street 81,City_81,Country_81,1140,1240,Single,90.00,false,2275,User_2275,user2275@gmail.com,2275,2275,Single,90.00,2025-03-8,2025-03-10,2275,5,Great stay!
5,InterContinental,81,InterContinental Hotel 81,Street 81,City_81,Country_81,1141,1241,Double,91.00,true,2276,User_2276,user2276@gmail.com,2276,2276,Double,91.00,2025-03-9,2025-03-11,2276,4,Great stay!
5,InterContinental,81,InterContinental Hotel 81,Street 81,City_81,Country_81,1141,1241,Double,91.00,true,2277,User_2277,user2277@gmail.com,2277,2277,Double,91.00,2025-03-10,2025-03-12,2277,1,Good experience
5,InterContinental,81,InterContinental Hotel 81,Street 81,City_81,Country_81,1141,1241,Double,91.00,true,2278,User_2278,user2278@gmail.com,2278,2278,Double,91.00,2025-03-11,2025-03-13,2278,3,Good experience
5,InterContinental,81,InterContinental Hotel 81,Street 81,City_81,Country_81,1142,1242,Single,92.00,true,2279,User_2279,user2279@gmail.com,2279,2279,Single,92.00,2025-03-12,2025-03-14,2279,5,Great stay!
5,InterContinental,81,InterContinental Hotel 81,Street 81,City_81,Country_81,1142,1242,Single,92.00,true,2280,User_2280,user2280@gmail.com,2280,2280,Single,92.00,2025-03-13,2025-03-15,2280,2,Good experience
5,InterContinental,81,InterContinental Hotel 81,Street 81,City_81,Country_81,1143,1243,Double,93.00,true,2281,User_2281,user2281@gmail.com,2281,2281,Double,93.00,2025-03-14,2025-03-16,2281,3,Good experience
5,InterContinental,82,InterContinental Hotel 82,Street 82,City_82,Country_82,1144,1244,Single,94.00,true,2282,User_2282,user2282@gmail.com,2282,2282,Single,94.00,2025-03-15,2025-03-17,2282,3,Good experience
5,InterContinental,82,InterContinental Hotel 82,Street 82,City_82,Country_82,1144,1244,Single,94.00,true,2283,User_2283,user2283@gmail.com,2283,2283,Single,94.00,2025-03-16,2025-03-18,2283,3,Good experience
5,InterContinental,82,InterContinental Hotel 82,Street 82,City_82,Country_82,1145,1245,Double,95.00,true,2284,User_2284,user2284@gmail.com,2284,2284,Double,95.00,2025-03-17,2025-03-19,2284,3,Good experience
5,InterContinental,82,InterContinental Hotel 82,Street 82,City_82,Country_82,1145,1245,Double,95.00,true,2285,User_2285,user2285@gmail.com,2285,2285,Double,95.00,2025-03-18,2025-03-20,2285,1,Good experience
5,InterContinental,82,InterContinental Hotel 82,Street 82,City_82,Country_82,1146,1246,Single,96.00,true,2286,User_2286,user2286@gmail.com,2286,2286,Single,96.00,2025-03-19,2025-03-21,2286,5,Great stay!
5,InterContinental,82,InterContinental Hotel 82,Street 82,City_82,Country_82,1146,1246,Single,96.00,true,2287,User_2287,user2287@gmail.com,2287,2287,Single,96.00,2025-03-20,2025-03-22,2287,5,Great stay!
5,InterContinental,82,InterContinental Hotel 82,Street 82,City_82,Country_82,1146,1246,Single,96.00,true,2288,User_2288,user2288@gmail.com,2288,2288,Single,96.00,2025-03-21,2025-03-23,2288,4,Great stay!
5,InterContinental,82,InterContinental Hotel 82,Street 82,City_82,Country_82,1147,1247,Double,97.00,true,2289,User_2289,user2289@gmail.com,2289,2289,Double,97.00,2025-03-22,2025-03-24,2289,1,Good experience
5,InterContinental,82,InterContinental Hotel 82,Street 82,City_82,Country_82,1147,1247,Double,97.00,true,2290,User_2290,user2290@gmail.com,2290,2290,Double,97.00,2025-03-23,2025-03-25,2290,2,Good experience
5,InterContinental,82,InterContinental Hotel 82,Street 82,City_82,Country_82,1147,1247,Double,97.00,true,2291,User_2291,user2291@gmail.com,2291,2291,Double,97.00,2025-03-24,2025-03-26,2291,4,Great stay!
5,InterContinental,82,InterContinental Hotel 82,Street 82,City_82,Country_82,1148,1248,Single,98.00,true,2292,User_2292,user2292@gmail.com,2292,2292,Single,98.00,2025-03-25,2025-03-27,2292,5,Great stay!
5,InterContinental,82,InterContinental Hotel 82,Street 82,City_82,Country_82,1148,1248,Single,98.00,true,2293,User_2293,user2293@gmail.com,2293,2293,Single,98.00,2025-03-26,2025-03-28,2293,3,Good experience
5,InterContinental,82,InterContinental Hotel 82,Street 82,City_82,Country_82,1148,1248,Single,98.00,true,2294,User_2294,user2294@gmail.com,2294,2294,Single,98.00,2025-03-27,2025-03-29,2294,1,Good experience
5,InterContinental,82,InterContinental Hotel 82,Street 82,City_82,Country_82,1149,1249,Double,99.00,true,2295,User_2295,user2295@gmail.com,2295,2295,Double,99.00,2025-03-28,2025-03-30,2295,3,Good experience
5,InterContinental,82,InterContinental Hotel 82,Street 82,City_82,Country_82,1150,1250,Single,50.00,true,2296,User_2296,user2296@gmail.com,2296,2296,Single,50.00,2025-03-1,2025-03-3,2296,2,Good experience
5,InterContinental,82,InterContinental Hotel 82,Street 82,City_82,Country_82,1150,1250,Single,50.00,true,2297,User_2297,user2297@gmail.com,2297,2297,Single,50.00,2025-03-2,2025-03-4,2297,2,Good experience
5,InterContinental,82,InterContinental Hotel 82,Street 82,City_82,Country_82,1151,1251,Double,51.00,false,2298,User_2298,user2298@gmail.com,2298,2298,Double,51.00,2025-03-3,2025-03-5,2298,2,Good experience
5,InterContinental,82,InterContinental Hotel 82,Street 82,City_82,Country_82,1152,1252,Single,52.00,true,2299,User_2299,user2299@gmail.com,2299,2299,Single,52.00,2025-03-4,2025-03-6,2299,2,Good experience
5,InterContinental,82,InterContinental Hotel 82,Street 82,City_82,Country_82,1152,1252,Single,52.00,true,2300,User_2300,user2300@gmail.com,2300,2300,Single,52.00,2025-03-5,2025-03-7,2300,3,Good experience
5,InterContinental,82,InterContinental Hotel 82,Street 82,City_82,Country_82,1152,1252,Single,52.00,true,2301,User_2301,user2301@gmail.com,2301,2301,Single,52.00,2025-03-6,2025-03-8,2301,4,Great stay!
5,InterContinental,82,InterContinental Hotel 82,Street 82,City_82,Country_82,1153,1253,Double,53.00,true,2302,User_2302,user2302@gmail.com,2302,2302,Double,53.00,2025-03-7,2025-03-9,2302,4,Great stay!
5,InterContinental,82,InterContinental Hotel 82,Street 82,City_82,Country_82,1153,1253,Double,53.00,true,2303,User_2303,user2303@gmail.com,2303,2303,Double,53.00,2025-03-8,2025-03-10,2303,2,Good experience
5,InterContinental,82,InterContinental Hotel 82,Street 82,City_82,Country_82,1153,1253,Double,53.00,true,2304,User_2304,user2304@gmail.com,2304,2304,Double,53.00,2025-03-9,2025-03-11,2304,1,Good experience
5,InterContinental,82,InterContinental Hotel 82,Street 82,City_82,Country_82,1154,1254,Single,54.00,true,2305,User_2305,user2305@gmail.com,2305,2305,Single,54.00,2025-03-10,2025-03-12,2305,1,Good experience
5,InterContinental,82,InterContinental Hotel 82,Street 82,City_82,Country_82,1154,1254,Single,54.00,true,2306,User_2306,user2306@gmail.com,2306,2306,Single,54.00,2025-03-11,2025-03-13,2306,5,Great stay!
5,InterContinental,82,InterContinental Hotel 82,Street 82,City_82,Country_82,1155,1255,Double,55.00,false,2307,User_2307,user2307@gmail.com,2307,2307,Double,55.00,2025-03-12,2025-03-14,2307,2,Good experience
5,InterContinental,82,InterContinental Hotel 82,Street 82,City_82,Country_82,1155,1255,Double,55.00,false,2308,User_2308,user2308@gmail.com,2308,2308,Double,55.00,2025-03-13,2025-03-15,2308,5,Great stay!
5,InterContinental,82,InterContinental Hotel 82,Street 82,City_82,Country_82,1156,1256,Single,56.00,true,2309,User_2309,user2309@gmail.com,2309,2309,Single,56.00,2025-03-14,2025-03-16,2309,4,Great stay!
5,InterContinental,82,InterContinental Hotel 82,Street 82,City_82,Country_82,1156,1256,Single,56.00,true,2310,User_2310,user2310@gmail.com,2310,2310,Single,56.00,2025-03-15,2025-03-17,2310,5,Great stay!
5,InterContinental,82,InterContinental Hotel 82,Street 82,City_82,Country_82,1156,1256,Single,56.00,true,2311,User_2311,user2311@gmail.com,2311,2311,Single,56.00,2025-03-16,2025-03-18,2311,3,Good experience
5,InterContinental,82,InterContinental Hotel 82,Street 82,City_82,Country_82,1157,1257,Double,57.00,false,2312,User_2312,user2312@gmail.com,2312,2312,Double,57.00,2025-03-17,2025-03-19,2312,1,Good experience
5,InterContinental,82,InterContinental Hotel 82,Street 82,City_82,Country_82,1157,1257,Double,57.00,false,2313,User_2313,user2313@gmail.com,2313,2313,Double,57.00,2025-03-18,2025-03-20,2313,5,Great stay!
5,InterContinental,82,InterContinental Hotel 82,Street 82,City_82,Country_82,1157,1257,Double,57.00,false,2314,User_2314,user2314@gmail.com,2314,2314,Double,57.00,2025-03-19,2025-03-21,2314,1,Good experience
5,InterContinental,82,InterContinental Hotel 82,Street 82,City_82,Country_82,1158,1258,Single,58.00,true,2315,User_2315,user2315@gmail.com,2315,2315,Single,58.00,2025-03-20,2025-03-22,2315,5,Great stay!
5,InterContinental,82,InterContinental Hotel 82,Street 82,City_82,Country_82,1158,1258,Single,58.00,true,2316,User_2316,user2316@gmail.com,2316,2316,Single,58.00,2025-03-21,2025-03-23,2316,1,Good experience
5,InterContinental,82,InterContinental Hotel 82,Street 82,City_82,Country_82,1159,1259,Double,59.00,true,2317,User_2317,user2317@gmail.com,2317,2317,Double,59.00,2025-03-22,2025-03-24,2317,1,Good experience
5,InterContinental,82,InterContinental Hotel 82,Street 82,City_82,Country_82,1159,1259,Double,59.00,true,2318,User_2318,user2318@gmail.com,2318,2318,Double,59.00,2025-03-23,2025-03-25,2318,1,Good experience
5,InterContinental,82,InterContinental Hotel 82,Street 82,City_82,Country_82,1159,1259,Double,59.00,true,2319,User_2319,user2319@gmail.com,2319,2319,Double,59.00,2025-03-24,2025-03-26,2319,3,Good experience
5,InterContinental,82,InterContinental Hotel 82,Street 82,City_82,Country_82,1160,1260,Single,60.00,false,2320,User_2320,user2320@gmail.com,2320,2320,Single,60.00,2025-03-25,2025-03-27,2320,2,Good experience
5,InterContinental,82,InterContinental Hotel 82,Street 82,City_82,Country_82,1160,1260,Single,60.00,false,2321,User_2321,user2321@gmail.com,2321,2321,Single,60.00,2025-03-26,2025-03-28,2321,5,Great stay!
5,InterContinental,82,InterContinental Hotel 82,Street 82,City_82,Country_82,1160,1260,Single,60.00,false,2322,User_2322,user2322@gmail.com,2322,2322,Single,60.00,2025-03-27,2025-03-29,2322,4,Great stay!
5,InterContinental,82,InterContinental Hotel 82,Street 82,City_82,Country_82,1161,1261,Double,61.00,true,2323,User_2323,user2323@gmail.com,2323,2323,Double,61.00,2025-03-28,2025-03-30,2323,4,Great stay!
5,InterContinental,82,InterContinental Hotel 82,Street 82,City_82,Country_82,1161,1261,Double,61.00,true,2324,User_2324,user2324@gmail.com,2324,2324,Double,61.00,2025-03-1,2025-03-3,2324,4,Great stay!
5,InterContinental,82,InterContinental Hotel 82,Street 82,City_82,Country_82,1161,1261,Double,61.00,true,2325,User_2325,user2325@gmail.com,2325,2325,Double,61.00,2025-03-2,2025-03-4,2325,3,Good experience
5,InterContinental,82,InterContinental Hotel 82,Street 82,City_82,Country_82,1162,1262,Single,62.00,true,2326,User_2326,user2326@gmail.com,2326,2326,Single,62.00,2025-03-3,2025-03-5,2326,3,Good experience
5,InterContinental,82,InterContinental Hotel 82,Street 82,City_82,Country_82,1162,1262,Single,62.00,true,2327,User_2327,user2327@gmail.com,2327,2327,Single,62.00,2025-03-4,2025-03-6,2327,4,Great stay!
5,InterContinental,82,InterContinental Hotel 82,Street 82,City_82,Country_82,1162,1262,Single,62.00,true,2328,User_2328,user2328@gmail.com,2328,2328,Single,62.00,2025-03-5,2025-03-7,2328,2,Good experience
5,InterContinental,83,InterContinental Hotel 83,Street 83,City_83,Country_83,1163,1263,Double,63.00,false,2329,User_2329,user2329@gmail.com,2329,2329,Double,63.00,2025-03-6,2025-03-8,2329,5,Great stay!
5,InterContinental,83,InterContinental Hotel 83,Street 83,City_83,Country_83,1163,1263,Double,63.00,false,2330,User_2330,user2330@gmail.com,2330,2330,Double,63.00,2025-03-7,2025-03-9,2330,2,Good experience
5,InterContinental,83,InterContinental Hotel 83,Street 83,City_83,Country_83,1163,1263,Double,63.00,false,2331,User_2331,user2331@gmail.com,2331,2331,Double,63.00,2025-03-8,2025-03-10,2331,1,Good experience
5,InterContinental,83,InterContinental Hotel 83,Street 83,City_83,Country_83,1164,1264,Single,64.00,true,2332,User_2332,user2332@gmail.com,2332,2332,Single,64.00,2025-03-9,2025-03-11,2332,3,Good experience
5,InterContinental,83,InterContinental Hotel 83,Street 83,City_83,Country_83,1164,1264,Single,64.00,true,2333,User_2333,user2333@gmail.com,2333,2333,Single,64.00,2025-03-10,2025-03-12,2333,5,Great stay!
5,InterContinental,83,InterContinental Hotel 83,Street 83,City_83,Country_83,1165,1265,Double,65.00,false,2334,User_2334,user2334@gmail.com,2334,2334,Double,65.00,2025-03-11,2025-03-13,2334,3,Good experience
5,InterContinental,83,InterContinental Hotel 83,Street 83,City_83,Country_83,1165,1265,Double,65.00,false,2335,User_2335,user2335@gmail.com,2335,2335,Double,65.00,2025-03-12,2025-03-14,2335,3,Good experience
5,InterContinental,83,InterContinental Hotel 83,Street 83,City_83,Country_83,1166,1266,Single,66.00,true,2336,User_2336,user2336@gmail.com,2336,2336,Single,66.00,2025-03-13,2025-03-15,2336,3,Good experience
5,InterContinental,83,InterContinental Hotel 83,Street 83,City_83,Country_83,1166,1266,Single,66.00,true,2337,User_2337,user2337@gmail.com,2337,2337,Single,66.00,2025-03-14,2025-03-16,2337,2,Good experience
5,InterContinental,83,InterContinental Hotel 83,Street 83,City_83,Country_83,1166,1266,Single,66.00,true,2338,User_2338,user2338@gmail.com,2338,2338,Single,66.00,2025-03-15,2025-03-17,2338,2,Good experience
5,InterContinental,83,InterContinental Hotel 83,Street 83,City_83,Country_83,1167,1267,Double,67.00,true,2339,User_2339,user2339@gmail.com,2339,2339,Double,67.00,2025-03-16,2025-03-18,2339,2,Good experience
5,InterContinental,83,InterContinental Hotel 83,Street 83,City_83,Country_83,1168,1268,Single,68.00,false,2340,User_2340,user2340@gmail.com,2340,2340,Single,68.00,2025-03-17,2025-03-19,2340,2,Good experience
5,InterContinental,83,InterContinental Hotel 83,Street 83,City_83,Country_83,1168,1268,Single,68.00,false,2341,User_2341,user2341@gmail.com,2341,2341,Single,68.00,2025-03-18,2025-03-20,2341,1,Good experience
5,InterContinental,83,InterContinental Hotel 83,Street 83,City_83,Country_83,1168,1268,Single,68.00,false,2342,User_2342,user2342@gmail.com,2342,2342,Single,68.00,2025-03-19,2025-03-21,2342,1,Good experience
5,InterContinental,83,InterContinental Hotel 83,Street 83,City_83,Country_83,1169,1269,Double,69.00,true,2343,User_2343,user2343@gmail.com,2343,2343,Double,69.00,2025-03-20,2025-03-22,2343,2,Good experience
5,InterContinental,83,InterContinental Hotel 83,Street 83,City_83,Country_83,1169,1269,Double,69.00,true,2344,User_2344,user2344@gmail.com,2344,2344,Double,69.00,2025-03-21,2025-03-23,2344,2,Good experience
5,InterContinental,83,InterContinental Hotel 83,Street 83,City_83,Country_83,1169,1269,Double,69.00,true,2345,User_2345,user2345@gmail.com,2345,2345,Double,69.00,2025-03-22,2025-03-24,2345,2,Good experience
5,InterContinental,83,InterContinental Hotel 83,Street 83,City_83,Country_83,1170,1270,Single,70.00,true,2346,User_2346,user2346@gmail.com,2346,2346,Single,70.00,2025-03-23,2025-03-25,2346,4,Great stay!
5,InterContinental,83,InterContinental Hotel 83,Street 83,City_83,Country_83,1170,1270,Single,70.00,true,2347,User_2347,user2347@gmail.com,2347,2347,Single,70.00,2025-03-24,2025-03-26,2347,2,Good experience
5,InterContinental,83,InterContinental Hotel 83,Street 83,City_83,Country_83,1171,1271,Double,71.00,true,2348,User_2348,user2348@gmail.com,2348,2348,Double,71.00,2025-03-25,2025-03-27,2348,2,Good experience
5,InterContinental,83,InterContinental Hotel 83,Street 83,City_83,Country_83,1171,1271,Double,71.00,true,2349,User_2349,user2349@gmail.com,2349,2349,Double,71.00,2025-03-26,2025-03-28,2349,2,Good experience
5,InterContinental,83,InterContinental Hotel 83,Street 83,City_83,Country_83,1172,1272,Single,72.00,true,2350,User_2350,user2350@gmail.com,2350,2350,Single,72.00,2025-03-27,2025-03-29,2350,2,Good experience
5,InterContinental,83,InterContinental Hotel 83,Street 83,City_83,Country_83,1173,1273,Double,73.00,true,2351,User_2351,user2351@gmail.com,2351,2351,Double,73.00,2025-03-28,2025-03-30,2351,4,Great stay!
5,InterContinental,83,InterContinental Hotel 83,Street 83,City_83,Country_83,1173,1273,Double,73.00,true,2352,User_2352,user2352@gmail.com,2352,2352,Double,73.00,2025-03-1,2025-03-3,2352,3,Good experience
5,InterContinental,83,InterContinental Hotel 83,Street 83,City_83,Country_83,1173,1273,Double,73.00,true,2353,User_2353,user2353@gmail.com,2353,2353,Double,73.00,2025-03-2,2025-03-4,2353,2,Good experience
5,InterContinental,83,InterContinental Hotel 83,Street 83,City_83,Country_83,1174,1274,Single,74.00,true,2354,User_2354,user2354@gmail.com,2354,2354,Single,74.00,2025-03-3,2025-03-5,2354,2,Good experience
5,InterContinental,83,InterContinental Hotel 83,Street 83,City_83,Country_83,1174,1274,Single,74.00,true,2355,User_2355,user2355@gmail.com,2355,2355,Single,74.00,2025-03-4,2025-03-6,2355,5,Great stay!
5,InterContinental,83,InterContinental Hotel 83,Street 83,City_83,Country_83,1175,1275,Double,75.00,true,2356,User_2356,user2356@gmail.com,2356,2356,Double,75.00,2025-03-5,2025-03-7,2356,3,Good experience
5,InterContinental,83,InterContinental Hotel 83,Street 83,City_83,Country_83,1176,1276,Single,76.00,true,2357,User_2357,user2357@gmail.com,2357,2357,Single,76.00,2025-03-6,2025-03-8,2357,2,Good experience
5,InterContinental,83,InterContinental Hotel 83,Street 83,City_83,Country_83,1177,1277,Double,77.00,true,2358,User_2358,user2358@gmail.com,2358,2358,Double,77.00,2025-03-7,2025-03-9,2358,5,Great stay!
5,InterContinental,83,InterContinental Hotel 83,Street 83,City_83,Country_83,1177,1277,Double,77.00,true,2359,User_2359,user2359@gmail.com,2359,2359,Double,77.00,2025-03-8,2025-03-10,2359,4,Great stay!
5,InterContinental,83,InterContinental Hotel 83,Street 83,City_83,Country_83,1178,1278,Single,78.00,false,2360,User_2360,user2360@gmail.com,2360,2360,Single,78.00,2025-03-9,2025-03-11,2360,5,Great stay!
5,InterContinental,83,InterContinental Hotel 83,Street 83,City_83,Country_83,1178,1278,Single,78.00,false,2361,User_2361,user2361@gmail.com,2361,2361,Single,78.00,2025-03-10,2025-03-12,2361,4,Great stay!
5,InterContinental,83,InterContinental Hotel 83,Street 83,City_83,Country_83,1178,1278,Single,78.00,false,2362,User_2362,user2362@gmail.com,2362,2362,Single,78.00,2025-03-11,2025-03-13,2362,4,Great stay!
5,InterContinental,83,InterContinental Hotel 83,Street 83,City_83,Country_83,1179,1279,Double,79.00,true,2363,User_2363,user2363@gmail.com,2363,2363,Double,79.00,2025-03-12,2025-03-14,2363,1,Good experience
5,InterContinental,83,InterContinental Hotel 83,Street 83,City_83,Country_83,1180,1280,Single,80.00,true,2364,User_2364,user2364@gmail.com,2364,2364,Single,80.00,2025-03-13,2025-03-15,2364,2,Good experience
5,InterContinental,83,InterContinental Hotel 83,Street 83,City_83,Country_83,1180,1280,Single,80.00,true,2365,User_2365,user2365@gmail.com,2365,2365,Single,80.00,2025-03-14,2025-03-16,2365,3,Good experience
5,InterContinental,83,InterContinental Hotel 83,Street 83,City_83,Country_83,1180,1280,Single,80.00,true,2366,User_2366,user2366@gmail.com,2366,2366,Single,80.00,2025-03-15,2025-03-17,2366,3,Good experience
5,InterContinental,83,InterContinental Hotel 83,Street 83,City_83,Country_83,1181,1281,Double,81.00,true,2367,User_2367,user2367@gmail.com,2367,2367,Double,81.00,2025-03-16,2025-03-18,2367,5,Great stay!
5,InterContinental,83,InterContinental Hotel 83,Street 83,City_83,Country_83,1181,1281,Double,81.00,true,2368,User_2368,user2368@gmail.com,2368,2368,Double,81.00,2025-03-17,2025-03-19,2368,1,Good experience
5,InterContinental,83,InterContinental Hotel 83,Street 83,City_83,Country_83,1181,1281,Double,81.00,true,2369,User_2369,user2369@gmail.com,2369,2369,Double,81.00,2025-03-18,2025-03-20,2369,2,Good experience
5,InterContinental,83,InterContinental Hotel 83,Street 83,City_83,Country_83,1182,1282,Single,82.00,false,2370,User_2370,user2370@gmail.com,2370,2370,Single,82.00,2025-03-19,2025-03-21,2370,4,Great stay!
5,InterContinental,84,InterContinental Hotel 84,Street 84,City_84,Country_84,1183,1283,Double,83.00,true,2371,User_2371,user2371@gmail.com,2371,2371,Double,83.00,2025-03-20,2025-03-22,2371,5,Great stay!
5,InterContinental,84,InterContinental Hotel 84,Street 84,City_84,Country_84,1183,1283,Double,83.00,true,2372,User_2372,user2372@gmail.com,2372,2372,Double,83.00,2025-03-21,2025-03-23,2372,1,Good experience
5,InterContinental,84,InterContinental Hotel 84,Street 84,City_84,Country_84,1183,1283,Double,83.00,true,2373,User_2373,user2373@gmail.com,2373,2373,Double,83.00,2025-03-22,2025-03-24,2373,3,Good experience
5,InterContinental,84,InterContinental Hotel 84,Street 84,City_84,Country_84,1184,1284,Single,84.00,false,2374,User_2374,user2374@gmail.com,2374,2374,Single,84.00,2025-03-23,2025-03-25,2374,5,Great stay!
5,InterContinental,84,InterContinental Hotel 84,Street 84,City_84,Country_84,1184,1284,Single,84.00,false,2375,User_2375,user2375@gmail.com,2375,2375,Single,84.00,2025-03-24,2025-03-26,2375,3,Good experience
5,InterContinental,84,InterContinental Hotel 84,Street 84,City_84,Country_84,1185,1285,Double,85.00,true,2376,User_2376,user2376@gmail.com,2376,2376,Double,85.00,2025-03-25,2025-03-27,2376,3,Good experience
5,InterContinental,84,InterContinental Hotel 84,Street 84,City_84,Country_84,1186,1286,Single,86.00,true,2377,User_2377,user2377@gmail.com,2377,2377,Single,86.00,2025-03-26,2025-03-28,2377,2,Good experience
5,InterContinental,84,InterContinental Hotel 84,Street 84,City_84,Country_84,1186,1286,Single,86.00,true,2378,User_2378,user2378@gmail.com,2378,2378,Single,86.00,2025-03-27,2025-03-29,2378,4,Great stay!
5,InterContinental,84,InterContinental Hotel 84,Street 84,City_84,Country_84,1186,1286,Single,86.00,true,2379,User_2379,user2379@gmail.com,2379,2379,Single,86.00,2025-03-28,2025-03-30,2379,5,Great stay!
5,InterContinental,84,InterContinental Hotel 84,Street 84,City_84,Country_84,1187,1287,Double,87.00,true,2380,User_2380,user2380@gmail.com,2380,2380,Double,87.00,2025-03-1,2025-03-3,2380,5,Great stay!
5,InterContinental,84,InterContinental Hotel 84,Street 84,City_84,Country_84,1187,1287,Double,87.00,true,2381,User_2381,user2381@gmail.com,2381,2381,Double,87.00,2025-03-2,2025-03-4,2381,2,Good experience
5,InterContinental,84,InterContinental Hotel 84,Street 84,City_84,Country_84,1188,1288,Single,88.00,true,2382,User_2382,user2382@gmail.com,2382,2382,Single,88.00,2025-03-3,2025-03-5,2382,3,Good experience
5,InterContinental,84,InterContinental Hotel 84,Street 84,City_84,Country_84,1189,1289,Double,89.00,true,2383,User_2383,user2383@gmail.com,2383,2383,Double,89.00,2025-03-4,2025-03-6,2383,2,Good experience
5,InterContinental,84,InterContinental Hotel 84,Street 84,City_84,Country_84,1189,1289,Double,89.00,true,2384,User_2384,user2384@gmail.com,2384,2384,Double,89.00,2025-03-5,2025-03-7,2384,3,Good experience
5,InterContinental,84,InterContinental Hotel 84,Street 84,City_84,Country_84,1189,1289,Double,89.00,true,2385,User_2385,user2385@gmail.com,2385,2385,Double,89.00,2025-03-6,2025-03-8,2385,4,Great stay!
5,InterContinental,84,InterContinental Hotel 84,Street 84,City_84,Country_84,1190,1290,Single,90.00,false,2386,User_2386,user2386@gmail.com,2386,2386,Single,90.00,2025-03-7,2025-03-9,2386,2,Good experience
5,InterContinental,84,InterContinental Hotel 84,Street 84,City_84,Country_84,1190,1290,Single,90.00,false,2387,User_2387,user2387@gmail.com,2387,2387,Single,90.00,2025-03-8,2025-03-10,2387,5,Great stay!
5,InterContinental,84,InterContinental Hotel 84,Street 84,City_84,Country_84,1191,1291,Double,91.00,true,2388,User_2388,user2388@gmail.com,2388,2388,Double,91.00,2025-03-9,2025-03-11,2388,2,Good experience
5,InterContinental,84,InterContinental Hotel 84,Street 84,City_84,Country_84,1191,1291,Double,91.00,true,2389,User_2389,user2389@gmail.com,2389,2389,Double,91.00,2025-03-10,2025-03-12,2389,1,Good experience
5,InterContinental,84,InterContinental Hotel 84,Street 84,City_84,Country_84,1192,1292,Single,92.00,true,2390,User_2390,user2390@gmail.com,2390,2390,Single,92.00,2025-03-11,2025-03-13,2390,2,Good experience
5,InterContinental,84,InterContinental Hotel 84,Street 84,City_84,Country_84,1193,1293,Double,93.00,false,2391,User_2391,user2391@gmail.com,2391,2391,Double,93.00,2025-03-12,2025-03-14,2391,2,Good experience
5,InterContinental,84,InterContinental Hotel 84,Street 84,City_84,Country_84,1193,1293,Double,93.00,false,2392,User_2392,user2392@gmail.com,2392,2392,Double,93.00,2025-03-13,2025-03-15,2392,2,Good experience
5,InterContinental,84,InterContinental Hotel 84,Street 84,City_84,Country_84,1193,1293,Double,93.00,false,2393,User_2393,user2393@gmail.com,2393,2393,Double,93.00,2025-03-14,2025-03-16,2393,2,Good experience
5,InterContinental,84,InterContinental Hotel 84,Street 84,City_84,Country_84,1194,1294,Single,94.00,true,2394,User_2394,user2394@gmail.com,2394,2394,Single,94.00,2025-03-15,2025-03-17,2394,3,Good experience
5,InterContinental,84,InterContinental Hotel 84,Street 84,City_84,Country_84,1194,1294,Single,94.00,true,2395,User_2395,user2395@gmail.com,2395,2395,Single,94.00,2025-03-16,2025-03-18,2395,4,Great stay!
5,InterContinental,84,InterContinental Hotel 84,Street 84,City_84,Country_84,1194,1294,Single,94.00,true,2396,User_2396,user2396@gmail.com,2396,2396,Single,94.00,2025-03-17,2025-03-19,2396,1,Good experience
5,InterContinental,84,InterContinental Hotel 84,Street 84,City_84,Country_84,1195,1295,Double,95.00,true,2397,User_2397,user2397@gmail.com,2397,2397,Double,95.00,2025-03-18,2025-03-20,2397,2,Good experience
5,InterContinental,84,InterContinental Hotel 84,Street 84,City_84,Country_84,1196,1296,Single,96.00,true,2398,User_2398,user2398@gmail.com,2398,2398,Single,96.00,2025-03-19,2025-03-21,2398,5,Great stay!
5,InterContinental,84,InterContinental Hotel 84,Street 84,City_84,Country_84,1196,1296,Single,96.00,true,2399,User_2399,user2399@gmail.com,2399,2399,Single,96.00,2025-03-20,2025-03-22,2399,5,Great stay!
5,InterContinental,84,InterContinental Hotel 84,Street 84,City_84,Country_84,1197,1297,Double,97.00,true,2400,User_2400,user2400@gmail.com,2400,2400,Double,97.00,2025-03-21,2025-03-23,2400,5,Great stay!
5,InterContinental,84,InterContinental Hotel 84,Street 84,City_84,Country_84,1197,1297,Double,97.00,true,2401,User_2401,user2401@gmail.com,2401,2401,Double,97.00,2025-03-22,2025-03-24,2401,3,Good experience
5,InterContinental,84,InterContinental Hotel 84,Street 84,City_84,Country_84,1198,1298,Single,98.00,true,2402,User_2402,user2402@gmail.com,2402,2402,Single,98.00,2025-03-23,2025-03-25,2402,1,Good experience
5,InterContinental,84,InterContinental Hotel 84,Street 84,City_84,Country_84,1198,1298,Single,98.00,true,2403,User_2403,user2403@gmail.com,2403,2403,Single,98.00,2025-03-24,2025-03-26,2403,5,Great stay!
5,InterContinental,85,InterContinental Hotel 85,Street 85,City_85,Country_85,1199,1299,Double,99.00,true,2404,User_2404,user2404@gmail.com,2404,2404,Double,99.00,2025-03-25,2025-03-27,2404,5,Great stay!
5,InterContinental,85,InterContinental Hotel 85,Street 85,City_85,Country_85,1199,1299,Double,99.00,true,2405,User_2405,user2405@gmail.com,2405,2405,Double,99.00,2025-03-26,2025-03-28,2405,3,Good experience
5,InterContinental,85,InterContinental Hotel 85,Street 85,City_85,Country_85,1199,1299,Double,99.00,true,2406,User_2406,user2406@gmail.com,2406,2406,Double,99.00,2025-03-27,2025-03-29,2406,4,Great stay!
5,InterContinental,85,InterContinental Hotel 85,Street 85,City_85,Country_85,1200,1300,Single,50.00,true,2407,User_2407,user2407@gmail.com,2407,2407,Single,50.00,2025-03-28,2025-03-30,2407,3,Good experience
5,InterContinental,85,InterContinental Hotel 85,Street 85,City_85,Country_85,1200,1300,Single,50.00,true,2408,User_2408,user2408@gmail.com,2408,2408,Single,50.00,2025-03-1,2025-03-3,2408,1,Good experience
5,InterContinental,85,InterContinental Hotel 85,Street 85,City_85,Country_85,1200,1300,Single,50.00,true,2409,User_2409,user2409@gmail.com,2409,2409,Single,50.00,2025-03-2,2025-03-4,2409,1,Good experience
5,InterContinental,85,InterContinental Hotel 85,Street 85,City_85,Country_85,1201,1301,Double,51.00,true,2410,User_2410,user2410@gmail.com,2410,2410,Double,51.00,2025-03-3,2025-03-5,2410,1,Good experience
5,InterContinental,85,InterContinental Hotel 85,Street 85,City_85,Country_85,1201,1301,Double,51.00,true,2411,User_2411,user2411@gmail.com,2411,2411,Double,51.00,2025-03-4,2025-03-6,2411,3,Good experience
5,InterContinental,85,InterContinental Hotel 85,Street 85,City_85,Country_85,1202,1302,Single,52.00,true,2412,User_2412,user2412@gmail.com,2412,2412,Single,52.00,2025-03-5,2025-03-7,2412,1,Good experience
5,InterContinental,85,InterContinental Hotel 85,Street 85,City_85,Country_85,1202,1302,Single,52.00,true,2413,User_2413,user2413@gmail.com,2413,2413,Single,52.00,2025-03-6,2025-03-8,2413,4,Great stay!
5,InterContinental,85,InterContinental Hotel 85,Street 85,City_85,Country_85,1202,1302,Single,52.00,true,2414,User_2414,user2414@gmail.com,2414,2414,Single,52.00,2025-03-7,2025-03-9,2414,2,Good experience
5,InterContinental,85,InterContinental Hotel 85,Street 85,City_85,Country_85,1203,1303,Double,53.00,false,2415,User_2415,user2415@gmail.com,2415,2415,Double,53.00,2025-03-8,2025-03-10,2415,3,Good experience
5,InterContinental,85,InterContinental Hotel 85,Street 85,City_85,Country_85,1203,1303,Double,53.00,false,2416,User_2416,user2416@gmail.com,2416,2416,Double,53.00,2025-03-9,2025-03-11,2416,4,Great stay!
5,InterContinental,85,InterContinental Hotel 85,Street 85,City_85,Country_85,1203,1303,Double,53.00,false,2417,User_2417,user2417@gmail.com,2417,2417,Double,53.00,2025-03-10,2025-03-12,2417,4,Great stay!
5,InterContinental,85,InterContinental Hotel 85,Street 85,City_85,Country_85,1204,1304,Single,54.00,true,2418,User_2418,user2418@gmail.com,2418,2418,Single,54.00,2025-03-11,2025-03-13,2418,1,Good experience
5,InterContinental,85,InterContinental Hotel 85,Street 85,City_85,Country_85,1205,1305,Double,55.00,true,2419,User_2419,user2419@gmail.com,2419,2419,Double,55.00,2025-03-12,2025-03-14,2419,1,Good experience
5,InterContinental,85,InterContinental Hotel 85,Street 85,City_85,Country_85,1205,1305,Double,55.00,true,2420,User_2420,user2420@gmail.com,2420,2420,Double,55.00,2025-03-13,2025-03-15,2420,4,Great stay!
5,InterContinental,85,InterContinental Hotel 85,Street 85,City_85,Country_85,1205,1305,Double,55.00,true,2421,User_2421,user2421@gmail.com,2421,2421,Double,55.00,2025-03-14,2025-03-16,2421,1,Good experience
5,InterContinental,85,InterContinental Hotel 85,Street 85,City_85,Country_85,1206,1306,Single,56.00,true,2422,User_2422,user2422@gmail.com,2422,2422,Single,56.00,2025-03-15,2025-03-17,2422,1,Good experience
5,InterContinental,86,InterContinental Hotel 86,Street 86,City_86,Country_86,1207,1307,Double,57.00,true,2423,User_2423,user2423@gmail.com,2423,2423,Double,57.00,2025-03-16,2025-03-18,2423,2,Good experience
5,InterContinental,86,InterContinental Hotel 86,Street 86,City_86,Country_86,1208,1308,Single,58.00,true,2424,User_2424,user2424@gmail.com,2424,2424,Single,58.00,2025-03-17,2025-03-19,2424,4,Great stay!
5,InterContinental,86,InterContinental Hotel 86,Street 86,City_86,Country_86,1208,1308,Single,58.00,true,2425,User_2425,user2425@gmail.com,2425,2425,Single,58.00,2025-03-18,2025-03-20,2425,5,Great stay!
5,InterContinental,86,InterContinental Hotel 86,Street 86,City_86,Country_86,1209,1309,Double,59.00,false,2426,User_2426,user2426@gmail.com,2426,2426,Double,59.00,2025-03-19,2025-03-21,2426,4,Great stay!
5,InterContinental,86,InterContinental Hotel 86,Street 86,City_86,Country_86,1210,1310,Single,60.00,true,2427,User_2427,user2427@gmail.com,2427,2427,Single,60.00,2025-03-20,2025-03-22,2427,1,Good experience
5,InterContinental,86,InterContinental Hotel 86,Street 86,City_86,Country_86,1211,1311,Double,61.00,true,2428,User_2428,user2428@gmail.com,2428,2428,Double,61.00,2025-03-21,2025-03-23,2428,4,Great stay!
5,InterContinental,86,InterContinental Hotel 86,Street 86,City_86,Country_86,1211,1311,Double,61.00,true,2429,User_2429,user2429@gmail.com,2429,2429,Double,61.00,2025-03-22,2025-03-24,2429,3,Good experience
